2026-06-02 02:35:04,811 | INFO     | ======================================================================
2026-06-02 02:35:04,811 | INFO     | 🔍 VPN KEY CHECKER - Начало проверки
2026-06-02 02:35:04,811 | INFO     | ⏰ Время старта: 2026-06-02 02:35:04
2026-06-02 02:35:04,812 | INFO     | 📂 Рабочая директория: /home/runner/work/vpn-vless-configs-russia/vpn-vless-configs-russia
2026-06-02 02:35:04,812 | INFO     | ======================================================================
2026-06-02 02:35:04,812 | INFO     | 
2026-06-02 02:35:04,812 | INFO     | 🔍 Проверка наличия скриптов...
2026-06-02 02:35:04,812 | INFO     |   ✅ mirror.py
2026-06-02 02:35:04,812 | INFO     |   ✅ generate_cf_vless.py
2026-06-02 02:35:04,812 | INFO     |   ✅ filter_ru_sni.py
2026-06-02 02:35:04,812 | INFO     |   ✅ filter_ru_sni_local.py
2026-06-02 02:35:04,812 | INFO     | 
2026-06-02 02:35:04,812 | INFO     | ──────────────────────────────────────────────────────────────────────
2026-06-02 02:35:04,812 | INFO     | 📌 ЭТАП: Загрузка и geo-фильтрация
2026-06-02 02:35:04,812 | INFO     | ──────────────────────────────────────────────────────────────────────
2026-06-02 02:35:04,812 | INFO     | 🚀 Запуск mirror.py (Загрузка и фильтрация по РФ/СНГ/Европа)...
2026-06-02 02:37:05,721 | INFO     |   → DEBUG: mirror.py started
2026-06-02 02:37:05,721 | INFO     |   → DEBUG: BASE_PATH = /home/runner/work/vpn-vless-configs-russia/vpn-vless-configs-russia
2026-06-02 02:37:05,721 | INFO     |   → DEBUG: CONFIG_SOURCES_FILE = /home/runner/work/vpn-vless-configs-russia/vpn-vless-configs-russia/data/config_sources.json
2026-06-02 02:37:05,721 | INFO     |   → 📂 Загружено 903 источников из /home/runner/work/vpn-vless-configs-russia/vpn-vless-configs-russia/data/config_sources.json
2026-06-02 02:37:05,721 | INFO     |   → 🚀 Старт: всего источников: 903
2026-06-02 02:37:05,721 | INFO     |   → 1/903: ✅ 0 взято | 🗑️ 0 мусор
2026-06-02 02:37:05,721 | INFO     |   → 2/903: ✅ 13 взято | 🗑️ 242 мусор
2026-06-02 02:37:05,721 | INFO     |   → 3/903 ⚠️ Ошибка: HTTPSConnectionPool(host='a.nodeshare.xyz', port=443): Max retries exceeded with url: /uploads/%7BYYYY%7D/%7BM%7D/%7BYYYY%7D%7BMM%7D%7BDD%7D.txt (Caused by SSLError(SSLError(1, '[SSL: TLSV1_UNRECOGNIZED_NAME] tlsv1 unrecognized name (_ssl.c:1016)'))) — https://a.nodeshare.xyz/uploads/{YYYY}/{M}/{YYYY}{MM}{DD}.txt
2026-06-02 02:37:05,721 | INFO     |   → 4/903: ✅ 0 взято | 🗑️ 0 мусор
2026-06-02 02:37:05,721 | INFO     |   → 5/903 ❌ HTTP 404 — https://bitbucket.org/huwo1/proxy_nodes/raw/f31ca9ec67b84071515729ff45b011b6b09c10f2/clash.yaml
2026-06-02 02:37:05,721 | INFO     |   → 6/903 ❌ HTTP 404 — https://cdn.jsdelivr.net/gh/cry0ice/genode@main/public/all.txt
2026-06-02 02:37:05,721 | INFO     |   → 7/903 ❌ HTTP 404 — https://cdn.jsdelivr.net/gh/cry0ice/genode@main/public/ss.txt
2026-06-02 02:37:05,721 | INFO     |   → 8/903 ❌ HTTP 404 — https://cdn.jsdelivr.net/gh/cry0ice/genode@main/public/ssr.txt
2026-06-02 02:37:05,721 | INFO     |   → 9/903 ❌ HTTP 404 — https://cdn.jsdelivr.net/gh/cry0ice/genode@main/public/trojan.txt
2026-06-02 02:37:05,721 | INFO     |   → 10/903 ❌ HTTP 404 — https://cdn.jsdelivr.net/gh/cry0ice/genode@main/public/vless.txt
2026-06-02 02:37:05,721 | INFO     |   → 11/903 ❌ HTTP 404 — https://cdn.jsdelivr.net/gh/cry0ice/genode@main/public/vmess.txt
2026-06-02 02:37:05,722 | INFO     |   → 12/903: ✅ 0 взято | 🗑️ 0 мусор
2026-06-02 02:37:05,722 | INFO     |   → 13/903: ✅ 0 взято | 🗑️ 0 мусор
2026-06-02 02:37:05,722 | INFO     |   → 14/903: ✅ 0 взято | 🗑️ 0 мусор
2026-06-02 02:37:05,722 | INFO     |   → 15/903: ✅ 0 взято | 🗑️ 0 мусор
2026-06-02 02:37:05,722 | INFO     |   → 16/903: ✅ 0 взято | 🗑️ 0 мусор
2026-06-02 02:37:05,722 | INFO     |   → 17/903: ✅ 0 взято | 🗑️ 0 мусор
2026-06-02 02:37:05,722 | INFO     |   → 18/903: ✅ 0 взято | 🗑️ 0 мусор
2026-06-02 02:37:05,722 | INFO     |   → 19/903: ✅ 0 взято | 🗑️ 0 мусор
2026-06-02 02:37:05,722 | INFO     |   → 20/903 ❌ HTTP 404 — https://free.datiya.com/uploads/{YYYY}{MM}{DD}-v2ray.txt
2026-06-02 02:37:05,722 | INFO     |   → 21/903 ❌ HTTP 404 — https://freessrnode.github.io/uploads/2024/08/0-20240822.txt
2026-06-02 02:37:05,722 | INFO     |   → 22/903 ❌ HTTP 404 — https://freessrnode.github.io/uploads/2024/08/1-20240822.txt
2026-06-02 02:37:05,722 | INFO     |   → 23/903 ❌ HTTP 404 — https://freessrnode.github.io/uploads/2024/08/2-20240822.txt
2026-06-02 02:37:05,722 | INFO     |   → 24/903 ❌ HTTP 404 — https://freessrnode.github.io/uploads/2024/08/3-20240822.txt
2026-06-02 02:37:05,722 | INFO     |   → 25/903 ❌ HTTP 404 — https://freessrnode.github.io/uploads/2024/08/4-20240822.txt
2026-06-02 02:37:05,722 | INFO     |   → 26/903 ⚠️ Ошибка: HTTPSConnectionPool(host='freevpnspy.githubrowcontent.com', port=443): Max retries exceeded with url: /2024/08/20240802_novless.yaml (Caused by NameResolutionError("HTTPSConnection(host='freevpnspy.githubrowcontent.com', port=443): Failed to resolve 'freevpnspy.githubrowcontent.com' ([Errno -2] Name or service not known)")) — https://freevpnspy.githubrowcontent.com/2024/08/20240802_novless.yaml
2026-06-02 02:37:05,722 | INFO     |   → 27/903 ⚠️ Ошибка: HTTPSConnectionPool(host='freevpnspy.githubrowcontent.com', port=443): Max retries exceeded with url: /2024/08/20240802_vless.yaml (Caused by NameResolutionError("HTTPSConnection(host='freevpnspy.githubrowcontent.com', port=443): Failed to resolve 'freevpnspy.githubrowcontent.com' ([Errno -2] Name or service not known)")) — https://freevpnspy.githubrowcontent.com/2024/08/20240802_vless.yaml
2026-06-02 02:37:05,722 | INFO     |   → 28/903: ✅ 0 взято | 🗑️ 0 мусор
2026-06-02 02:37:05,722 | INFO     |   → 29/903: ✅ 0 взято | 🗑️ 0 мусор
2026-06-02 02:37:05,722 | INFO     |   → 30/903: ✅ 14 взято | 🗑️ 125 мусор
2026-06-02 02:37:05,722 | INFO     |   → 31/903: ✅ 2 взято | 🗑️ 105 мусор
2026-06-02 02:37:05,722 | INFO     |   → 32/903 ❌ HTTP 404 — https://github.com/Epodonios/bulk-xray-v2ray-vless-vmess-...-configs/raw/main/sub/Albania/config.txt
2026-06-02 02:37:05,723 | INFO     |   → 33/903 ❌ HTTP 404 — https://github.com/Epodonios/bulk-xray-v2ray-vless-vmess-...-configs/raw/main/sub/Cura%C3%A7ao/config.txt
2026-06-02 02:37:05,723 | INFO     |   → 34/903 ❌ HTTP 404 — https://github.com/Epodonios/bulk-xray-v2ray-vless-vmess-...-configs/raw/main/sub/Finland/config.txt
2026-06-02 02:37:05,723 | INFO     |   → 35/903 ❌ HTTP 404 — https://github.com/Epodonios/bulk-xray-v2ray-vless-vmess-...-configs/raw/main/sub/Iran/config.txt
2026-06-02 02:37:05,723 | INFO     |   → 36/903 ❌ HTTP 404 — https://github.com/Epodonios/bulk-xray-v2ray-vless-vmess-...-configs/raw/main/sub/Netherlands/config.txt
2026-06-02 02:37:05,723 | INFO     |   → 37/903 ❌ HTTP 404 — https://github.com/Epodonios/bulk-xray-v2ray-vless-vmess-...-configs/raw/main/sub/Norway/config.txt
2026-06-02 02:37:05,723 | INFO     |   → 38/903 ❌ HTTP 404 — https://github.com/Epodonios/bulk-xray-v2ray-vless-vmess-...-configs/raw/main/sub/Russia/config.txt
2026-06-02 02:37:05,723 | INFO     |   → 39/903: ✅ 13 взято | 🗑️ 70 мусор
2026-06-02 02:37:05,723 | INFO     |   → 40/903: ✅ 0 взято | 🗑️ 4 мусор
2026-06-02 02:37:05,723 | INFO     |   → 41/903: ✅ 0 взято | 🗑️ 7 мусор
2026-06-02 02:37:05,723 | INFO     |   → 42/903: ✅ 0 взято | 🗑️ 51 мусор
2026-06-02 02:37:05,723 | INFO     |   → 43/903: ✅ 0 взято | 🗑️ 8 мусор
2026-06-02 02:37:05,723 | INFO     |   → 44/903: ✅ 0 взято | 🗑️ 0 мусор
2026-06-02 02:37:05,723 | INFO     |   → 45/903: ✅ 17 взято | 🗑️ 119 мусор
2026-06-02 02:37:05,723 | INFO     |   → 46/903 ❌ HTTP 404 — https://github.com/MrMohebi/xray-proxy-grabber-telegram/raw/master/collected-proxies/clash-meta/all.yaml
2026-06-02 02:37:05,723 | INFO     |   → 47/903 ❌ HTTP 404 — https://github.com/MrMohebi/xray-proxy-grabber-telegram/raw/master/collected-proxies/row-url/all.txt
2026-06-02 02:37:05,723 | INFO     |   → 48/903: ✅ 0 взято | 🗑️ 0 мусор
2026-06-02 02:37:05,723 | INFO     |   → 49/903: ✅ 0 взято | 🗑️ 113 мусор
2026-06-02 02:37:05,723 | INFO     |   → 50/903: ✅ 0 взято | 🗑️ 119 мусор
2026-06-02 02:37:05,723 | INFO     |   → 51/903: ✅ 0 взято | 🗑️ 0 мусор
2026-06-02 02:37:05,723 | INFO     |   → 52/903: ✅ 0 взято | 🗑️ 0 мусор
2026-06-02 02:37:05,723 | INFO     |   → 53/903: ✅ 0 взято | 🗑️ 0 мусор
2026-06-02 02:37:05,724 | INFO     |   → 54/903: ✅ 0 взято | 🗑️ 0 мусор
2026-06-02 02:37:05,724 | INFO     |   → 55/903: ✅ 0 взято | 🗑️ 0 мусор
2026-06-02 02:37:05,724 | INFO     |   → 56/903: ✅ 0 взято | 🗑️ 0 мусор
2026-06-02 02:37:05,724 | INFO     |   → 57/903: ✅ 0 взято | 🗑️ 0 мусор
2026-06-02 02:37:05,724 | INFO     |   → 58/903 ❌ HTTP 404 — https://github.com/mermeroo/V2RAY-FREE/raw/main/All_Configs_base64_Sub.txt
2026-06-02 02:37:05,724 | INFO     |   → 59/903 ❌ HTTP 404 — https://github.com/mermeroo/V2RAY-FREE/raw/main/Base64/Sub1_base64.txt
2026-06-02 02:37:05,724 | INFO     |   → 60/903 ❌ HTTP 404 — https://github.com/mermeroo/V2RAY-FREE/raw/main/Base64/Sub2_base64.txt
2026-06-02 02:37:05,724 | INFO     |   → 61/903 ❌ HTTP 404 — https://github.com/mermeroo/V2RAY-FREE/raw/main/Base64/Sub3_base64.txt
2026-06-02 02:37:05,724 | INFO     |   → 62/903 ❌ HTTP 404 — https://github.com/mermeroo/V2RAY-FREE/raw/main/Base64/Sub4_base64.txt
2026-06-02 02:37:05,724 | INFO     |   → 63/903 ❌ HTTP 404 — https://github.com/mermeroo/V2RAY-FREE/raw/main/Base64/Sub5_base64.txt
2026-06-02 02:37:05,724 | INFO     |   → 64/903 ❌ HTTP 404 — https://github.com/mermeroo/telegram-configs-collector/raw/main/protocols/hysteria
2026-06-02 02:37:05,724 | INFO     |   → 65/903 ❌ HTTP 404 — https://github.com/mermeroo/telegram-configs-collector/raw/main/protocols/juicity
2026-06-02 02:37:05,724 | INFO     |   → 66/903 ❌ HTTP 404 — https://github.com/mermeroo/telegram-configs-collector/raw/main/protocols/tuic
2026-06-02 02:37:05,724 | INFO     |   → 67/903: ✅ 5 взято | 🗑️ 16 мусор
2026-06-02 02:37:05,724 | INFO     |   → 68/903: ✅ 0 взято | 🗑️ 0 мусор
2026-06-02 02:37:05,724 | INFO     |   → 69/903: ✅ 0 взято | 🗑️ 0 мусор
2026-06-02 02:37:05,724 | INFO     |   → 70/903 ❌ HTTP 403 — https://gitlab.com/colloq168/nodefiltrate/-/raw/main/filtrate?ref_type=heads
2026-06-02 02:37:05,724 | INFO     |   → 71/903: ✅ 0 взято | 🗑️ 0 мусор
2026-06-02 02:37:05,724 | INFO     |   → 72/903: ✅ 0 взято | 🗑️ 103 мусор
2026-06-02 02:37:05,724 | INFO     |   → 73/903: ✅ 0 взято | 🗑️ 0 мусор
2026-06-02 02:37:05,724 | INFO     |   → 74/903: ✅ 3 взято | 🗑️ 213 мусор
2026-06-02 02:37:05,724 | INFO     |   → 75/903: ✅ 0 взято | 🗑️ 0 мусор
2026-06-02 02:37:05,724 | INFO     |   → 76/903 ⚠️ Ошибка: HTTPSConnectionPool(host='ivuxy.tech', port=443): Max retries exceeded with url: /v.txt (Caused by NameResolutionError("HTTPSConnection(host='ivuxy.tech', port=443): Failed to resolve 'ivuxy.tech' ([Errno -2] Name or service not known)")) — https://ivuxy.tech/v.txt
2026-06-02 02:37:05,724 | INFO     |   → 77/903 ⚠️ Ошибка: HTTPSConnectionPool(host='mirror.ghproxy.com', port=443): Max retries exceeded with url: /https://raw.githubusercontent.com/Barabama/FreeNodes/master/nodes/blues.txt (Caused by NameResolutionError("HTTPSConnection(host='mirror.ghproxy.com', port=443): Failed to resolve 'mirror.ghproxy.com' ([Errno -2] Name or service not known)")) — https://mirror.ghproxy.com/https://raw.githubusercontent.com/Barabama/FreeNodes/master/nodes/blues.txt
2026-06-02 02:37:05,724 | INFO     |   → 78/903 ⚠️ Ошибка: HTTPSConnectionPool(host='mirror.ghproxy.com', port=443): Max retries exceeded with url: /https://raw.githubusercontent.com/Barabama/FreeNodes/master/nodes/halekj.txt (Caused by NameResolutionError("HTTPSConnection(host='mirror.ghproxy.com', port=443): Failed to resolve 'mirror.ghproxy.com' ([Errno -2] Name or service not known)")) — https://mirror.ghproxy.com/https://raw.githubusercontent.com/Barabama/FreeNodes/master/nodes/halekj.txt
2026-06-02 02:37:05,724 | INFO     |   → 79/903 ⚠️ Ошибка: HTTPSConnectionPool(host='mirror.ghproxy.com', port=443): Max retries exceeded with url: /https://raw.githubusercontent.com/Barabama/FreeNodes/master/nodes/kkzui.txt (Caused by NameResolutionError("HTTPSConnection(host='mirror.ghproxy.com', port=443): Failed to resolve 'mirror.ghproxy.com' ([Errno -2] Name or service not known)")) — https://mirror.ghproxy.com/https://raw.githubusercontent.com/Barabama/FreeNodes/master/nodes/kkzui.txt
2026-06-02 02:37:05,724 | INFO     |   → 80/903 ⚠️ Ошибка: HTTPSConnectionPool(host='mirror.ghproxy.com', port=443): Max retries exceeded with url: /https://raw.githubusercontent.com/Barabama/FreeNodes/master/nodes/merged.txt (Caused by NameResolutionError("HTTPSConnection(host='mirror.ghproxy.com', port=443): Failed to resolve 'mirror.ghproxy.com' ([Errno -2] Name or service not known)")) — https://mirror.ghproxy.com/https://raw.githubusercontent.com/Barabama/FreeNodes/master/nodes/merged.txt
2026-06-02 02:37:05,724 | INFO     |   → 81/903 ⚠️ Ошибка: HTTPSConnectionPool(host='mirror.ghproxy.com', port=443): Max retries exceeded with url: /https://raw.githubusercontent.com/Barabama/FreeNodes/master/nodes/nodefree.txt (Caused by NameResolutionError("HTTPSConnection(host='mirror.ghproxy.com', port=443): Failed to resolve 'mirror.ghproxy.com' ([Errno -2] Name or service not known)")) — https://mirror.ghproxy.com/https://raw.githubusercontent.com/Barabama/FreeNodes/master/nodes/nodefree.txt
2026-06-02 02:37:05,724 | INFO     |   → 82/903 ⚠️ Ошибка: HTTPSConnectionPool(host='mirror.ghproxy.com', port=443): Max retries exceeded with url: /https://raw.githubusercontent.com/Barabama/FreeNodes/master/nodes/openrunner.txt (Caused by NameResolutionError("HTTPSConnection(host='mirror.ghproxy.com', port=443): Failed to resolve 'mirror.ghproxy.com' ([Errno -2] Name or service not known)")) — https://mirror.ghproxy.com/https://raw.githubusercontent.com/Barabama/FreeNodes/master/nodes/openrunner.txt
2026-06-02 02:37:05,724 | INFO     |   → 83/903 ⚠️ Ошибка: HTTPSConnectionPool(host='mirror.ghproxy.com', port=443): Max retries exceeded with url: /https://raw.githubusercontent.com/Barabama/FreeNodes/master/nodes/v2rayshare.txt (Caused by NameResolutionError("HTTPSConnection(host='mirror.ghproxy.com', port=443): Failed to resolve 'mirror.ghproxy.com' ([Errno -2] Name or service not known)")) — https://mirror.ghproxy.com/https://raw.githubusercontent.com/Barabama/FreeNodes/master/nodes/v2rayshare.txt
2026-06-02 02:37:05,724 | INFO     |   → 84/903 ⚠️ Ошибка: HTTPSConnectionPool(host='mirror.ghproxy.com', port=443): Max retries exceeded with url: /https://raw.githubusercontent.com/Barabama/FreeNodes/master/nodes/wenode.txt (Caused by NameResolutionError("HTTPSConnection(host='mirror.ghproxy.com', port=443): Failed to resolve 'mirror.ghproxy.com' ([Errno -2] Name or service not known)")) — https://mirror.ghproxy.com/https://raw.githubusercontent.com/Barabama/FreeNodes/master/nodes/wenode.txt
2026-06-02 02:37:05,724 | INFO     |   → 85/903 ⚠️ Ошибка: HTTPSConnectionPool(host='mirror.ghproxy.com', port=443): Max retries exceeded with url: /https://raw.githubusercontent.com/Barabama/FreeNodes/master/nodes/yudou66.txt (Caused by NameResolutionError("HTTPSConnection(host='mirror.ghproxy.com', port=443): Failed to resolve 'mirror.ghproxy.com' ([Errno -2] Name or service not known)")) — https://mirror.ghproxy.com/https://raw.githubusercontent.com/Barabama/FreeNodes/master/nodes/yudou66.txt
2026-06-02 02:37:05,724 | INFO     |   → 86/903 ❌ HTTP 404 — https://node.freeclashnode.com/uploads/{YYYY}/{MM}/0-{YYYY}{MM}{DD}.txt
2026-06-02 02:37:05,724 | INFO     |   → 87/903 ❌ HTTP 404 — https://node.freeclashnode.com/uploads/{YYYY}/{MM}/1-{YYYY}{MM}{DD}.txt
2026-06-02 02:37:05,724 | INFO     |   → 88/903 ❌ HTTP 404 — https://node.freeclashnode.com/uploads/{YYYY}/{MM}/2-{YYYY}{MM}{DD}.txt
2026-06-02 02:37:05,724 | INFO     |   → 89/903 ❌ HTTP 404 — https://node.freeclashnode.com/uploads/{YYYY}/{MM}/3-{YYYY}{MM}{DD}.txt
2026-06-02 02:37:05,724 | INFO     |   → 90/903 ❌ HTTP 404 — https://node.freeclashnode.com/uploads/{YYYY}/{MM}/4-{YYYY}{MM}{DD}.txt
2026-06-02 02:37:05,724 | INFO     |   → 91/903: ✅ 6 взято | 🗑️ 24 мусор
2026-06-02 02:37:05,725 | INFO     |   → 92/903: ✅ 13 взято | 🗑️ 7 мусор
2026-06-02 02:37:05,725 | INFO     |   → 93/903 ⚠️ Ошибка: HTTPSConnectionPool(host='nodefree.githubrowcontent.com', port=443): Max retries exceeded with url: /%7BYYYY%7D/%7BMM%7D/%7BYYYY%7D%7BMM%7D%7BDD%7D.txt (Caused by NameResolutionError("HTTPSConnection(host='nodefree.githubrowcontent.com', port=443): Failed to resolve 'nodefree.githubrowcontent.com' ([Errno -2] Name or service not known)")) — https://nodefree.githubrowcontent.com/{YYYY}/{MM}/{YYYY}{MM}{DD}.txt
2026-06-02 02:37:05,725 | INFO     |   → 94/903 ❌ HTTP 403 — https://nodefree.org/dy/2023/08/20230806.yaml
2026-06-02 02:37:05,725 | INFO     |   → 95/903 ❌ HTTP 403 — https://nodefree.org/dy/2023/12/20231221.txt
2026-06-02 02:37:05,725 | INFO     |   → 96/903: ✅ 0 взято | 🗑️ 24 мусор
2026-06-02 02:37:05,725 | INFO     |   → 97/903: ✅ 0 взято | 🗑️ 7 мусор
2026-06-02 02:37:05,725 | INFO     |   → 98/903: ✅ 0 взято | 🗑️ 0 мусор
2026-06-02 02:37:05,725 | INFO     |   → 99/903: ✅ 0 взято | 🗑️ 0 мусор
2026-06-02 02:37:05,725 | INFO     |   → 100/903: ✅ 0 взято | 🗑️ 0 мусор
2026-06-02 02:37:05,725 | INFO     |   → 101/903: ✅ 0 взято | 🗑️ 0 мусор
2026-06-02 02:37:05,725 | INFO     |   → 102/903: ✅ 0 взято | 🗑️ 0 мусор
2026-06-02 02:37:05,725 | INFO     |   → 103/903: ✅ 0 взято | 🗑️ 0 мусор
2026-06-02 02:37:05,725 | INFO     |   → 104/903: ✅ 0 взято | 🗑️ 0 мусор
2026-06-02 02:37:05,725 | INFO     |   → 105/903: ✅ 0 взято | 🗑️ 0 мусор
2026-06-02 02:37:05,725 | INFO     |   → 106/903: ✅ 0 взято | 🗑️ 0 мусор
2026-06-02 02:37:05,725 | INFO     |   → 107/903: ✅ 0 взято | 🗑️ 0 мусор
2026-06-02 02:37:05,725 | INFO     |   → 108/903: ✅ 0 взято | 🗑️ 0 мусор
2026-06-02 02:37:05,725 | INFO     |   → 109/903: ✅ 0 взято | 🗑️ 0 мусор
2026-06-02 02:37:05,725 | INFO     |   → 110/903 ❌ HTTP 404 — https://raw.githubusercontent.com/10ium/MihomoSaz/main/Sublist/shatakvpn.yaml4_Sub.txt
2026-06-02 02:37:05,725 | INFO     |   → 111/903: ✅ 0 взято | 🗑️ 0 мусор
2026-06-02 02:37:05,726 | INFO     |   → 112/903: ✅ 0 взято | 🗑️ 0 мусор
2026-06-02 02:37:05,726 | INFO     |   → 113/903: ✅ 1201 взято | 🗑️ 3162 мусор
2026-06-02 02:37:05,726 | INFO     |   → 114/903: ✅ 4 взято | 🗑️ 470 мусор
2026-06-02 02:37:05,726 | INFO     |   → 115/903: ✅ 851 взято | 🗑️ 2220 мусор
2026-06-02 02:37:05,726 | INFO     |   → 116/903: ✅ 167 взято | 🗑️ 672 мусор
2026-06-02 02:37:05,726 | INFO     |   → 117/903: ✅ 0 взято | 🗑️ 0 мусор
2026-06-02 02:37:05,726 | INFO     |   → 118/903: ✅ 0 взято | 🗑️ 0 мусор
2026-06-02 02:37:05,726 | INFO     |   → 119/903: ✅ 11 взято | 🗑️ 399 мусор
2026-06-02 02:37:05,726 | INFO     |   → 120/903: ✅ 846 взято | 🗑️ 1108 мусор
2026-06-02 02:37:05,726 | INFO     |   → 121/903: ✅ 32 взято | 🗑️ 5 мусор
2026-06-02 02:37:05,726 | INFO     |   → 122/903: ✅ 0 взято | 🗑️ 0 мусор
2026-06-02 02:37:05,726 | INFO     |   → 123/903 ❌ HTTP 404 — https://raw.githubusercontent.com/9Fork/openit/main/Clash.yaml
2026-06-02 02:37:05,726 | INFO     |   → 124/903: ✅ 47 взято | 🗑️ 43 мусор
2026-06-02 02:37:05,726 | INFO     |   → 125/903: ✅ 0 взято | 🗑️ 43 мусор
2026-06-02 02:37:05,726 | INFO     |   → 126/903: ✅ 63 взято | 🗑️ 237 мусор
2026-06-02 02:37:05,726 | INFO     |   → 127/903: ✅ 49 взято | 🗑️ 251 мусор
2026-06-02 02:37:05,726 | INFO     |   → 128/903: ✅ 20 взято | 🗑️ 101 мусор
2026-06-02 02:37:05,726 | INFO     |   → 129/903: ✅ 21 взято | 🗑️ 54 мусор
2026-06-02 02:37:05,726 | INFO     |   → 130/903: ✅ 32 взято | 🗑️ 268 мусор
2026-06-02 02:37:05,726 | INFO     |   → 131/903: ✅ 99 взято | 🗑️ 201 мусор
2026-06-02 02:37:05,727 | INFO     |   → 132/903: ✅ 250 взято | 🗑️ 50 мусор
2026-06-02 02:37:05,727 | INFO     |   → 133/903: ✅ 9 взято | 🗑️ 356 мусор
2026-06-02 02:37:05,727 | INFO     |   → 134/903: ✅ 19 взято | 🗑️ 81 мусор
2026-06-02 02:37:05,727 | INFO     |   → 135/903: ✅ 11 взято | 🗑️ 87 мусор
2026-06-02 02:37:05,727 | INFO     |   → 136/903: ✅ 27 взято | 🗑️ 73 мусор
2026-06-02 02:37:05,727 | INFO     |   → 137/903: ✅ 13 взято | 🗑️ 75 мусор
2026-06-02 02:37:05,727 | INFO     |   → 138/903: ✅ 10 взято | 🗑️ 83 мусор
2026-06-02 02:37:05,727 | INFO     |   → 139/903: ✅ 12 взято | 🗑️ 86 мусор
2026-06-02 02:37:05,727 | INFO     |   → 140/903: ✅ 11 взято | 🗑️ 87 мусор
2026-06-02 02:37:05,727 | INFO     |   → 141/903: ✅ 11 взято | 🗑️ 80 мусор
2026-06-02 02:37:05,727 | INFO     |   → 142/903: ✅ 9 взято | 🗑️ 82 мусор
2026-06-02 02:37:05,727 | INFO     |   → 143/903: ✅ 69 взято | 🗑️ 3 мусор
2026-06-02 02:37:05,727 | INFO     |   → 144/903: ✅ 3 взято | 🗑️ 75 мусор
2026-06-02 02:37:05,727 | INFO     |   → 145/903: ✅ 4 взято | 🗑️ 69 мусор
2026-06-02 02:37:05,727 | INFO     |   → 146/903: ✅ 4 взято | 🗑️ 80 мусор
2026-06-02 02:37:05,727 | INFO     |   → 147/903: ✅ 6 взято | 🗑️ 81 мусор
2026-06-02 02:37:05,727 | INFO     |   → 148/903: ✅ 5 взято | 🗑️ 79 мусор
2026-06-02 02:37:05,727 | INFO     |   → 149/903: ✅ 11 взято | 🗑️ 78 мусор
2026-06-02 02:37:05,727 | INFO     |   → 150/903: ✅ 3 взято | 🗑️ 83 мусор
2026-06-02 02:37:05,727 | INFO     |   → 151/903: ✅ 14 взято | 🗑️ 76 мусор
2026-06-02 02:37:05,727 | INFO     |   → 152/903: ✅ 12 взято | 🗑️ 78 мусор
2026-06-02 02:37:05,727 | INFO     |   → 153/903: ✅ 26 взято | 🗑️ 218 мусор
2026-06-02 02:37:05,727 | INFO     |   → 154/903: ✅ 44 взято | 🗑️ 141 мусор
2026-06-02 02:37:05,728 | INFO     |   → 155/903: ✅ 10 взято | 🗑️ 71 мусор
2026-06-02 02:37:05,728 | INFO     |   → 156/903: ✅ 2 взято | 🗑️ 88 мусор
2026-06-02 02:37:05,728 | INFO     |   → 157/903: ✅ 0 взято | 🗑️ 3 мусор
2026-06-02 02:37:05,728 | INFO     |   → 158/903: ✅ 14 взято | 🗑️ 4 мусор
2026-06-02 02:37:05,728 | INFO     |   → 159/903: ✅ 689 взято | 🗑️ 2354 мусор
2026-06-02 02:37:05,728 | INFO     |   → 160/903 ❌ HTTP 404 — https://raw.githubusercontent.com/Alvin9999/pac2/master/clash/1/config.yaml
2026-06-02 02:37:05,728 | INFO     |   → 161/903 ❌ HTTP 404 — https://raw.githubusercontent.com/AmirHDevo/temp2/7f15e7ddb311a6f8c5ab338bd1af0e1f2136a84b/configs.txt
2026-06-02 02:37:05,728 | INFO     |   → 162/903: ✅ 212 взято | 🗑️ 2063 мусор
2026-06-02 02:37:05,728 | INFO     |   → 163/903: ✅ 19 взято | 🗑️ 38 мусор
2026-06-02 02:37:05,728 | INFO     |   → 164/903: ✅ 4039 взято | 🗑️ 58548 мусор
2026-06-02 02:37:05,728 | INFO     |   → 165/903: ✅ 5 взято | 🗑️ 47 мусор
2026-06-02 02:37:05,728 | INFO     |   → 166/903: ✅ 0 взято | 🗑️ 36 мусор
2026-06-02 02:37:05,728 | INFO     |   → 167/903: ✅ 21 взято | 🗑️ 107 мусор
2026-06-02 02:37:05,728 | INFO     |   → 168/903: ✅ 78 взято | 🗑️ 347 мусор
2026-06-02 02:37:05,728 | INFO     |   → 169/903: ✅ 0 взято | 🗑️ 1373 мусор
2026-06-02 02:37:05,728 | INFO     |   → 170/903: ✅ 44 взято | 🗑️ 637 мусор
2026-06-02 02:37:05,728 | INFO     |   → 171/903: ✅ 339 взято | 🗑️ 1542 мусор
2026-06-02 02:37:05,728 | INFO     |   → 172/903: ✅ 0 взято | 🗑️ 6 мусор
2026-06-02 02:37:05,728 | INFO     |   → 173/903: ✅ 0 взято | 🗑️ 0 мусор
2026-06-02 02:37:05,728 | INFO     |   → 174/903: ✅ 1 взято | 🗑️ 235 мусор
2026-06-02 02:37:05,728 | INFO     |   → 175/903: ✅ 49 взято | 🗑️ 86 мусор
2026-06-02 02:37:05,728 | INFO     |   → 176/903: ✅ 0 взято | 🗑️ 16 мусор
2026-06-02 02:37:05,728 | INFO     |   → 177/903: ✅ 6 взято | 🗑️ 17 мусор
2026-06-02 02:37:05,728 | INFO     |   → 178/903: ✅ 1 взято | 🗑️ 12 мусор
2026-06-02 02:37:05,728 | INFO     |   → 179/903: ✅ 0 взято | 🗑️ 17 мусор
2026-06-02 02:37:05,728 | INFO     |   → 180/903: ✅ 0 взято | 🗑️ 17 мусор
2026-06-02 02:37:05,729 | INFO     |   → 181/903: ✅ 23 взято | 🗑️ 516 мусор
2026-06-02 02:37:05,729 | INFO     |   → 182/903: ✅ 1 взято | 🗑️ 324 мусор
2026-06-02 02:37:05,729 | INFO     |   → 183/903: ✅ 1 взято | 🗑️ 192 мусор
2026-06-02 02:37:05,729 | INFO     |   → 184/903: ✅ 5 взято | 🗑️ 158 мусор
2026-06-02 02:37:05,729 | INFO     |   → 185/903: ✅ 0 взято | 🗑️ 16 мусор
2026-06-02 02:37:05,729 | INFO     |   → 186/903: ✅ 0 взято | 🗑️ 0 мусор
2026-06-02 02:37:05,729 | INFO     |   → 187/903: ✅ 0 взято | 🗑️ 14 мусор
2026-06-02 02:37:05,729 | INFO     |   → 188/903: ✅ 0 взято | 🗑️ 0 мусор
2026-06-02 02:37:05,729 | INFO     |   → 189/903: ✅ 0 взято | 🗑️ 17 мусор
2026-06-02 02:37:05,729 | INFO     |   → 190/903: ✅ 0 взято | 🗑️ 0 мусор
2026-06-02 02:37:05,729 | INFO     |   → 191/903: ✅ 0 взято | 🗑️ 12 мусор
2026-06-02 02:37:05,729 | INFO     |   → 192/903: ✅ 0 взято | 🗑️ 0 мусор
2026-06-02 02:37:05,729 | INFO     |   → 193/903: ✅ 0 взято | 🗑️ 17 мусор
2026-06-02 02:37:05,729 | INFO     |   → 194/903: ✅ 0 взято | 🗑️ 0 мусор
2026-06-02 02:37:05,729 | INFO     |   → 195/903: ✅ 0 взято | 🗑️ 17 мусор
2026-06-02 02:37:05,729 | INFO     |   → 196/903: ✅ 0 взято | 🗑️ 0 мусор
2026-06-02 02:37:05,729 | INFO     |   → 197/903: ✅ 2 взято | 🗑️ 161 мусор
2026-06-02 02:37:05,729 | INFO     |   → 198/903: ✅ 0 взято | 🗑️ 0 мусор
2026-06-02 02:37:05,729 | INFO     |   → 199/903: ✅ 26 взято | 🗑️ 331 мусор
2026-06-02 02:37:05,729 | INFO     |   → 200/903: ✅ 79 взято | 🗑️ 4 мусор
2026-06-02 02:37:05,729 | INFO     |   → 201/903: ✅ 5 взято | 🗑️ 76 мусор
2026-06-02 02:37:05,730 | INFO     |   → 202/903: ✅ 80 взято | 🗑️ 1110 мусор
2026-06-02 02:37:05,730 | INFO     |   → 203/903: ✅ 19 взято | 🗑️ 1385 мусор
2026-06-02 02:37:05,730 | INFO     |   → 204/903 ❌ HTTP 404 — https://raw.githubusercontent.com/Egkaz/Proxy-list-20k-server/main/stable.txt
2026-06-02 02:37:05,730 | INFO     |   → 205/903: ✅ 5 взято | 🗑️ 13 мусор
2026-06-02 02:37:05,730 | INFO     |   → 206/903 ❌ HTTP 404 — https://raw.githubusercontent.com/Epodonios/bulk-xray-v2ray-vless-vmess-...-configs/main/sub/Austria/config.txt
2026-06-02 02:37:05,730 | INFO     |   → 207/903 ❌ HTTP 404 — https://raw.githubusercontent.com/Epodonios/bulk-xray-v2ray-vless-vmess-...-configs/main/sub/Canada/config.txt
2026-06-02 02:37:05,730 | INFO     |   → 208/903 ❌ HTTP 404 — https://raw.githubusercontent.com/Epodonios/bulk-xray-v2ray-vless-vmess-...-configs/main/sub/Costa%20Rica/config.txt
2026-06-02 02:37:05,730 | INFO     |   → 209/903 ❌ HTTP 404 — https://raw.githubusercontent.com/Epodonios/bulk-xray-v2ray-vless-vmess-...-configs/main/sub/France/config.txt
2026-06-02 02:37:05,730 | INFO     |   → 210/903 ❌ HTTP 404 — https://raw.githubusercontent.com/Epodonios/bulk-xray-v2ray-vless-vmess-...-configs/main/sub/Germany/config.txt
2026-06-02 02:37:05,730 | INFO     |   → 211/903 ❌ HTTP 404 — https://raw.githubusercontent.com/Epodonios/bulk-xray-v2ray-vless-vmess-...-configs/main/sub/Indonesia/config.txt
2026-06-02 02:37:05,730 | INFO     |   → 212/903 ❌ HTTP 404 — https://raw.githubusercontent.com/Epodonios/bulk-xray-v2ray-vless-vmess-...-configs/main/sub/Ireland/config.txt
2026-06-02 02:37:05,730 | INFO     |   → 213/903 ❌ HTTP 404 — https://raw.githubusercontent.com/Epodonios/bulk-xray-v2ray-vless-vmess-...-configs/main/sub/Republic%20of%20Lithuania/config.txt
2026-06-02 02:37:05,730 | INFO     |   → 214/903 ❌ HTTP 404 — https://raw.githubusercontent.com/Epodonios/bulk-xray-v2ray-vless-vmess-...-configs/main/sub/South%20Africa/config.txt
2026-06-02 02:37:05,730 | INFO     |   → 215/903 ❌ HTTP 404 — https://raw.githubusercontent.com/Epodonios/bulk-xray-v2ray-vless-vmess-...-configs/main/sub/Sweden/config.txt
2026-06-02 02:37:05,730 | INFO     |   → 216/903 ❌ HTTP 404 — https://raw.githubusercontent.com/Epodonios/bulk-xray-v2ray-vless-vmess-...-configs/main/sub/Turkey/config.txt
2026-06-02 02:37:05,730 | INFO     |   → 217/903 ❌ HTTP 404 — https://raw.githubusercontent.com/Epodonios/bulk-xray-v2ray-vless-vmess-...-configs/main/sub/United%20Arab%20Emirates/config.txt
2026-06-02 02:37:05,730 | INFO     |   → 218/903 ❌ HTTP 404 — https://raw.githubusercontent.com/Epodonios/bulk-xray-v2ray-vless-vmess-...-configs/main/sub/United%20Kingdom/config.txt
2026-06-02 02:37:05,730 | INFO     |   → 219/903 ❌ HTTP 404 — https://raw.githubusercontent.com/Epodonios/bulk-xray-v2ray-vless-vmess-...-configs/main/sub/United%20States/config.txt
2026-06-02 02:37:05,730 | INFO     |   → 220/903 ❌ HTTP 404 — https://raw.githubusercontent.com/Epodonios/v2ray-configs/main/Splitted-By-Protocol/mix.txt
2026-06-02 02:37:05,730 | INFO     |   → 221/903: ✅ 56 взято | 🗑️ 353 мусор
2026-06-02 02:37:05,730 | INFO     |   → 222/903: ✅ 0 взято | 🗑️ 0 мусор
2026-06-02 02:37:05,730 | INFO     |   → 223/903: ✅ 78 взято | 🗑️ 328 мусор
2026-06-02 02:37:05,731 | INFO     |   → 224/903: ✅ 306 взято | 🗑️ 2172 мусор
2026-06-02 02:37:05,731 | INFO     |   → 225/903: ✅ 41 взято | 🗑️ 475 мусор
2026-06-02 02:37:05,731 | INFO     |   → 226/903 ❌ HTTP 404 — https://raw.githubusercontent.com/Epodonios/v2ray-configs/raw/main/Splitted-By-Protocol/trojan.txt
2026-06-02 02:37:05,731 | INFO     |   → 227/903 ❌ HTTP 404 — https://raw.githubusercontent.com/Epodonios/v2ray-configs/raw/main/Splitted-By-Protocol/vmess.txt
2026-06-02 02:37:05,731 | INFO     |   → 228/903: ✅ 10 взято | 🗑️ 3293 мусор
2026-06-02 02:37:05,731 | INFO     |   → 229/903: ✅ 0 взято | 🗑️ 353 мусор
2026-06-02 02:37:05,731 | INFO     |   → 230/903: ✅ 0 взято | 🗑️ 0 мусор
2026-06-02 02:37:05,731 | INFO     |   → 231/903: ✅ 0 взято | 🗑️ 328 мусор
2026-06-02 02:37:05,731 | INFO     |   → 232/903: ✅ 0 взято | 🗑️ 2172 мусор
2026-06-02 02:37:05,731 | INFO     |   → 233/903: ✅ 0 взято | 🗑️ 475 мусор
2026-06-02 02:37:05,731 | INFO     |   → 234/903: ✅ 549 взято | 🗑️ 478 мусор
2026-06-02 02:37:05,731 | INFO     |   → 235/903: ✅ 0 взято | 🗑️ 98 мусор
2026-06-02 02:37:05,731 | INFO     |   → 236/903: ✅ 0 взято | 🗑️ 153 мусор
2026-06-02 02:37:05,731 | INFO     |   → 237/903: ✅ 320 взято | 🗑️ 168 мусор
2026-06-02 02:37:05,731 | INFO     |   → 238/903: ✅ 109 взято | 🗑️ 7 мусор
2026-06-02 02:37:05,731 | INFO     |   → 239/903: ✅ 8 взято | 🗑️ 369 мусор
2026-06-02 02:37:05,731 | INFO     |   → 240/903 ❌ HTTP 404 — https://raw.githubusercontent.com/Fido6/FreeNodes/57221e59caddde55ffdda21d491ae952cd608049/nodes/halekj.txt
2026-06-02 02:37:05,731 | INFO     |   → 241/903 ❌ HTTP 404 — https://raw.githubusercontent.com/Fido6/FreeNodes/57221e59caddde55ffdda21d491ae952cd608049/nodes/kkzui.txt
2026-06-02 02:37:05,731 | INFO     |   → 242/903 ❌ HTTP 404 — https://raw.githubusercontent.com/Fido6/FreeNodes/57221e59caddde55ffdda21d491ae952cd608049/nodes/wenode.txt
2026-06-02 02:37:05,732 | INFO     |   → 243/903: ✅ 32 взято | 🗑️ 370 мусор
2026-06-02 02:37:05,732 | INFO     |   → 244/903: ✅ 1 взято | 🗑️ 26 мусор
2026-06-02 02:37:05,732 | INFO     |   → 245/903: ✅ 160 взято | 🗑️ 1293 мусор
2026-06-02 02:37:05,732 | INFO     |   → 246/903: ✅ 131 взято | 🗑️ 832 мусор
2026-06-02 02:37:05,732 | INFO     |   → 247/903: ✅ 258 взято | 🗑️ 3591 мусор
2026-06-02 02:37:05,732 | INFO     |   → 248/903: ✅ 3 взято | 🗑️ 838 мусор
2026-06-02 02:37:05,732 | INFO     |   → 249/903: ✅ 0 взято | 🗑️ 0 мусор
2026-06-02 02:37:05,732 | INFO     |   → 250/903: ✅ 0 взято | 🗑️ 18 мусор
2026-06-02 02:37:05,732 | INFO     |   → 251/903: ✅ 14 взято | 🗑️ 250 мусор
2026-06-02 02:37:05,732 | INFO     |   → 252/903: ✅ 1 взято | 🗑️ 11 мусор
2026-06-02 02:37:05,732 | INFO     |   → 253/903: ✅ 15 взято | 🗑️ 0 мусор
2026-06-02 02:37:05,732 | INFO     |   → 254/903: ✅ 0 взято | 🗑️ 609 мусор
2026-06-02 02:37:05,732 | INFO     |   → 255/903: ✅ 18 взято | 🗑️ 63 мусор
2026-06-02 02:37:05,732 | INFO     |   → 256/903: ✅ 1 взято | 🗑️ 17 мусор
2026-06-02 02:37:05,732 | INFO     |   → 257/903: ✅ 4 взято | 🗑️ 11 мусор
2026-06-02 02:37:05,732 | INFO     |   → 258/903: ✅ 0 взято | 🗑️ 0 мусор
2026-06-02 02:37:05,732 | INFO     |   → 259/903: ✅ 0 взято | 🗑️ 137 мусор
2026-06-02 02:37:05,732 | INFO     |   → 260/903: ✅ 0 взято | 🗑️ 32 мусор
2026-06-02 02:37:05,732 | INFO     |   → 261/903: ✅ 2 взято | 🗑️ 19 мусор
2026-06-02 02:37:05,732 | INFO     |   → 262/903: ✅ 0 взято | 🗑️ 43 мусор
2026-06-02 02:37:05,732 | INFO     |   → 263/903: ✅ 0 взято | 🗑️ 43 мусор
2026-06-02 02:37:05,732 | INFO     |   → 264/903: ✅ 0 взято | 🗑️ 1 мусор
2026-06-02 02:37:05,732 | INFO     |   → 265/903: ✅ 0 взято | 🗑️ 1 мусор
2026-06-02 02:37:05,733 | INFO     |   → 266/903: ✅ 0 взято | 🗑️ 28 мусор
2026-06-02 02:37:05,733 | INFO     |   → 267/903: ✅ 14 взято | 🗑️ 282 мусор
2026-06-02 02:37:05,733 | INFO     |   → 268/903: ✅ 0 взято | 🗑️ 94 мусор
2026-06-02 02:37:05,733 | INFO     |   → 269/903: ✅ 0 взято | 🗑️ 0 мусор
2026-06-02 02:37:05,733 | INFO     |   → 270/903: ✅ 0 взято | 🗑️ 0 мусор
2026-06-02 02:37:05,733 | INFO     |   → 271/903: ✅ 351 взято | 🗑️ 110 мусор
2026-06-02 02:37:05,733 | INFO     |   → 272/903: ✅ 176 взято | 🗑️ 328 мусор
2026-06-02 02:37:05,733 | INFO     |   → 273/903: ✅ 166 взято | 🗑️ 334 мусор
2026-06-02 02:37:05,733 | INFO     |   → 274/903: ✅ 5939 взято | 🗑️ 46237 мусор
2026-06-02 02:37:05,733 | INFO     |   → 275/903: ✅ 0 взято | 🗑️ 35 мусор
2026-06-02 02:37:05,733 | INFO     |   → 276/903: ✅ 0 взято | 🗑️ 9698 мусор
2026-06-02 02:37:05,733 | INFO     |   → 277/903: ✅ 0 взято | 🗑️ 31035 мусор
2026-06-02 02:37:05,733 | INFO     |   → 278/903: ✅ 0 взято | 🗑️ 5 мусор
2026-06-02 02:37:05,733 | INFO     |   → 279/903: ✅ 0 взято | 🗑️ 4 мусор
2026-06-02 02:37:05,733 | INFO     |   → 280/903: ✅ 0 взято | 🗑️ 51 мусор
2026-06-02 02:37:05,733 | INFO     |   → 281/903: ✅ 0 взято | 🗑️ 8 мусор
2026-06-02 02:37:05,733 | INFO     |   → 282/903 ❌ HTTP 404 — https://raw.githubusercontent.com/Kwinshadow/TelegramV2rayCollector/raw/refs/heads/main/sublinks/mix.txt
2026-06-02 02:37:05,733 | INFO     |   → 283/903: ✅ 5 взято | 🗑️ 678 мусор
2026-06-02 02:37:05,733 | INFO     |   → 284/903 ❌ HTTP 404 — https://raw.githubusercontent.com/LalatinaHub/Mineral/raw/refs/heads/master/result/nodes
2026-06-02 02:37:05,733 | INFO     |   → 285/903: ✅ 4 взято | 🗑️ 122 мусор
2026-06-02 02:37:05,733 | INFO     |   → 286/903 ❌ HTTP 404 — https://raw.githubusercontent.com/Leon406/SubCrawler/main/sub/share/all3
2026-06-02 02:37:05,733 | INFO     |   → 287/903 ❌ HTTP 404 — https://raw.githubusercontent.com/Leon406/SubCrawler/main/sub/share/all4
2026-06-02 02:37:05,733 | INFO     |   → 288/903: ✅ 4 взято | 🗑️ 335 мусор
2026-06-02 02:37:05,733 | INFO     |   → 289/903: ✅ 378 взято | 🗑️ 19346 мусор
2026-06-02 02:37:05,733 | INFO     |   → 290/903: ✅ 0 взято | 🗑️ 33 мусор
2026-06-02 02:37:05,733 | INFO     |   → 291/903: ✅ 0 взято | 🗑️ 6 мусор
2026-06-02 02:37:05,733 | INFO     |   → 292/903: ✅ 201 взято | 🗑️ 29 мусор
2026-06-02 02:37:05,733 | INFO     |   → 293/903: ✅ 0 взято | 🗑️ 147 мусор
2026-06-02 02:37:05,733 | INFO     |   → 294/903 ❌ HTTP 404 — https://raw.githubusercontent.com/M-Mashreghi/free-config-collector/main/Splitted-By-Protocol/ssr.txt
2026-06-02 02:37:05,733 | INFO     |   → 295/903: ✅ 139 взято | 🗑️ 114 мусор
2026-06-02 02:37:05,733 | INFO     |   → 296/903: ✅ 126 взято | 🗑️ 137 мусор
2026-06-02 02:37:05,733 | INFO     |   → 297/903: ✅ 0 взято | 🗑️ 12 мусор
2026-06-02 02:37:05,733 | INFO     |   → 298/903: ✅ 0 взято | 🗑️ 1 мусор
2026-06-02 02:37:05,733 | INFO     |   → 299/903: ✅ 74 взято | 🗑️ 340 мусор
2026-06-02 02:37:05,733 | INFO     |   → 300/903: ✅ 0 взято | 🗑️ 340 мусор
2026-06-02 02:37:05,733 | INFO     |   → 301/903: ✅ 0 взято | 🗑️ 65 мусор
2026-06-02 02:37:05,733 | INFO     |   → 302/903 ❌ HTTP 404 — https://raw.githubusercontent.com/MatinGhanbari/v2ray-configs/main/subscriptions/filtered/subs/hy2.txt
2026-06-02 02:37:05,733 | INFO     |   → 303/903: ✅ 32 взято | 🗑️ 1463 мусор
2026-06-02 02:37:05,733 | INFO     |   → 304/903 ❌ HTTP 404 — https://raw.githubusercontent.com/MatinGhanbari/v2ray-configs/main/subscriptions/filtered/subs/ssr.txt
2026-06-02 02:37:05,733 | INFO     |   → 305/903: ✅ 73 взято | 🗑️ 537 мусор
2026-06-02 02:37:05,733 | INFO     |   → 306/903 ❌ HTTP 404 — https://raw.githubusercontent.com/MatinGhanbari/v2ray-configs/main/subscriptions/filtered/subs/tuic.txt
2026-06-02 02:37:05,734 | INFO     |   → 307/903: ✅ 6 взято | 🗑️ 67 мусор
2026-06-02 02:37:05,734 | INFO     |   → 308/903: ✅ 265 взято | 🗑️ 1478 мусор
2026-06-02 02:37:05,734 | INFO     |   → 309/903: ✅ 143 взято | 🗑️ 3570 мусор
2026-06-02 02:37:05,734 | INFO     |   → 310/903: ✅ 24 взято | 🗑️ 170 мусор
2026-06-02 02:37:05,734 | INFO     |   → 311/903: ✅ 0 взято | 🗑️ 2 мусор
2026-06-02 02:37:05,734 | INFO     |   → 312/903: ✅ 44 взято | 🗑️ 995 мусор
2026-06-02 02:37:05,734 | INFO     |   → 313/903: ✅ 0 взято | 🗑️ 506 мусор
2026-06-02 02:37:05,734 | INFO     |   → 314/903: ✅ 0 взято | 🗑️ 506 мусор
2026-06-02 02:37:05,734 | INFO     |   → 315/903: ✅ 0 взято | 🗑️ 32 мусор
2026-06-02 02:37:05,734 | INFO     |   → 316/903: ✅ 0 взято | 🗑️ 2 мусор
2026-06-02 02:37:05,734 | INFO     |   → 317/903: ✅ 0 взято | 🗑️ 384 мусор
2026-06-02 02:37:05,734 | INFO     |   → 318/903: ✅ 0 взято | 🗑️ 79 мусор
2026-06-02 02:37:05,734 | INFO     |   → 319/903 ❌ HTTP 404 — https://raw.githubusercontent.com/MhdiTaheri/V2rayCollector/raw/refs/heads/main/sub/mix
2026-06-02 02:37:05,734 | INFO     |   → 320/903: ✅ 53 взято | 🗑️ 267 мусор
2026-06-02 02:37:05,734 | INFO     |   → 321/903 ❌ HTTP 404 — https://raw.githubusercontent.com/MhdiTaheri/V2rayCollector_Py/raw/refs/heads/main/sub/Mix/mix.txt
2026-06-02 02:37:05,734 | INFO     |   → 322/903: ✅ 0 взято | 🗑️ 0 мусор
2026-06-02 02:37:05,734 | INFO     |   → 323/903: ✅ 43 взято | 🗑️ 217 мусор
2026-06-02 02:37:05,734 | INFO     |   → 324/903: ✅ 0 взято | 🗑️ 31 мусор
2026-06-02 02:37:05,734 | INFO     |   → 325/903: ✅ 92 взято | 🗑️ 282 мусор
2026-06-02 02:37:05,734 | INFO     |   → 326/903: ✅ 0 взято | 🗑️ 26 мусор
2026-06-02 02:37:05,734 | INFO     |   → 327/903: ✅ 1 взято | 🗑️ 4 мусор
2026-06-02 02:37:05,734 | INFO     |   → 328/903 ❌ HTTP 404 — https://raw.githubusercontent.com/MrMohebi/xray-proxy-grabber-telegram/master/collected-proxies/clash-meta/all.yaml
2026-06-02 02:37:05,735 | INFO     |   → 329/903 ❌ HTTP 404 — https://raw.githubusercontent.com/MrMohebi/xray-proxy-grabber-telegram/master/collected-proxies/row-url/actives.txt
2026-06-02 02:37:05,735 | INFO     |   → 330/903 ❌ HTTP 404 — https://raw.githubusercontent.com/MrMohebi/xray-proxy-grabber-telegram/master/collected-proxies/row-url/all.txt
2026-06-02 02:37:05,735 | INFO     |   → 331/903: ✅ 0 взято | 🗑️ 13 мусор
2026-06-02 02:37:05,735 | INFO     |   → 332/903: ✅ 0 взято | 🗑️ 13 мусор
2026-06-02 02:37:05,735 | INFO     |   → 333/903: ✅ 5 взято | 🗑️ 15 мусор
2026-06-02 02:37:05,735 | INFO     |   → 334/903: ✅ 0 взято | 🗑️ 30 мусор
2026-06-02 02:37:05,735 | INFO     |   → 335/903: ✅ 0 взято | 🗑️ 15 мусор
2026-06-02 02:37:05,735 | INFO     |   → 336/903: ✅ 66 взято | 🗑️ 123 мусор
2026-06-02 02:37:05,735 | INFO     |   → 337/903: ✅ 175 взято | 🗑️ 582 мусор
2026-06-02 02:37:05,735 | INFO     |   → 338/903: ✅ 2 взято | 🗑️ 13 мусор
2026-06-02 02:37:05,735 | INFO     |   → 339/903: ✅ 0 взято | 🗑️ 0 мусор
2026-06-02 02:37:05,735 | INFO     |   → 340/903 ❌ HTTP 404 — https://raw.githubusercontent.com/OpenCNLink/freevpn/3cfcff048bfdd1493ccffa52ecf30ce7f9fc6b28/src/list/vmess.txt
2026-06-02 02:37:05,735 | INFO     |   → 341/903: ✅ 2 взято | 🗑️ 11 мусор
2026-06-02 02:37:05,735 | INFO     |   → 342/903: ✅ 0 взято | 🗑️ 11 мусор
2026-06-02 02:37:05,735 | INFO     |   → 343/903: ✅ 0 взято | 🗑️ 0 мусор
2026-06-02 02:37:05,735 | INFO     |   → 344/903: ✅ 0 взято | 🗑️ 0 мусор
2026-06-02 02:37:05,735 | INFO     |   → 345/903: ✅ 0 взято | 🗑️ 0 мусор
2026-06-02 02:37:05,735 | INFO     |   → 346/903: ✅ 0 взято | 🗑️ 0 мусор
2026-06-02 02:37:05,735 | INFO     |   → 347/903: ✅ 0 взято | 🗑️ 0 мусор
2026-06-02 02:37:05,735 | INFO     |   → 348/903: ✅ 0 взято | 🗑️ 0 мусор
2026-06-02 02:37:05,735 | INFO     |   → 349/903: ✅ 37 взято | 🗑️ 70 мусор
2026-06-02 02:37:05,735 | INFO     |   → 350/903 ❌ HTTP 404 — https://raw.githubusercontent.com/RKPchannel/RKP_bypass_configs/main/configs
2026-06-02 02:37:05,736 | INFO     |   → 351/903: ✅ 0 взято | 🗑️ 35 мусор
2026-06-02 02:37:05,736 | INFO     |   → 352/903: ✅ 0 взято | 🗑️ 0 мусор
2026-06-02 02:37:05,736 | INFO     |   → 353/903: ✅ 0 взято | 🗑️ 50 мусор
2026-06-02 02:37:05,736 | INFO     |   → 354/903: ✅ 0 взято | 🗑️ 0 мусор
2026-06-02 02:37:05,736 | INFO     |   → 355/903: ✅ 0 взято | 🗑️ 0 мусор
2026-06-02 02:37:05,736 | INFO     |   → 356/903: ✅ 5 взято | 🗑️ 206 мусор
2026-06-02 02:37:05,736 | INFO     |   → 357/903: ✅ 21 взято | 🗑️ 138 мусор
2026-06-02 02:37:05,736 | INFO     |   → 358/903: ✅ 23 взято | 🗑️ 89 мусор
2026-06-02 02:37:05,736 | INFO     |   → 359/903: ✅ 9 взято | 🗑️ 85 мусор
2026-06-02 02:37:05,736 | INFO     |   → 360/903: ✅ 0 взято | 🗑️ 129 мусор
2026-06-02 02:37:05,736 | INFO     |   → 361/903: ✅ 0 взято | 🗑️ 81 мусор
2026-06-02 02:37:05,736 | INFO     |   → 362/903 ❌ HTTP 404 — https://raw.githubusercontent.com/STR97/STRUGOV/main/BYPASS
2026-06-02 02:37:05,736 | INFO     |   → 363/903 ❌ HTTP 404 — https://raw.githubusercontent.com/STR97/STRUGOV/main/CUSTOM
2026-06-02 02:37:05,736 | INFO     |   → 364/903 ❌ HTTP 404 — https://raw.githubusercontent.com/STR97/STRUGOV/main/STR
2026-06-02 02:37:05,736 | INFO     |   → 365/903 ❌ HTTP 404 — https://raw.githubusercontent.com/STR97/STRUGOV/main/STR.BYPASS
2026-06-02 02:37:05,736 | INFO     |   → 366/903 ❌ HTTP 404 — https://raw.githubusercontent.com/STR97/STRUGOV/main/Vless
2026-06-02 02:37:05,736 | INFO     |   → 367/903 ❌ HTTP 404 — https://raw.githubusercontent.com/STR97/STRUGOV/refs/heads/main/STR.BYPASS
2026-06-02 02:37:05,736 | INFO     |   → 368/903: ✅ 4 взято | 🗑️ 34 мусор
2026-06-02 02:37:05,736 | INFO     |   → 369/903: ✅ 11 взято | 🗑️ 16 мусор
2026-06-02 02:37:05,736 | INFO     |   → 370/903: ✅ 0 взято | 🗑️ 16 мусор
2026-06-02 02:37:05,736 | INFO     |   → 371/903: ✅ 0 взято | 🗑️ 27 мусор
2026-06-02 02:37:05,736 | INFO     |   → 372/903: ✅ 140 взято | 🗑️ 1153 мусор
2026-06-02 02:37:05,737 | INFO     |   → 373/903: ✅ 98 взято | 🗑️ 1710 мусор
2026-06-02 02:37:05,737 | INFO     |   → 374/903: ✅ 17 взято | 🗑️ 1062 мусор
2026-06-02 02:37:05,737 | INFO     |   → 375/903: ✅ 133 взято | 🗑️ 2675 мусор
2026-06-02 02:37:05,737 | INFO     |   → 376/903: ✅ 200 взято | 🗑️ 456 мусор
2026-06-02 02:37:05,737 | INFO     |   → 377/903: ✅ 53 взято | 🗑️ 4278 мусор
2026-06-02 02:37:05,737 | INFO     |   → 378/903: ✅ 76 взято | 🗑️ 362 мусор
2026-06-02 02:37:05,737 | INFO     |   → 379/903: ✅ 29 взято | 🗑️ 54 мусор
2026-06-02 02:37:05,737 | INFO     |   → 380/903: ✅ 0 взято | 🗑️ 0 мусор
2026-06-02 02:37:05,737 | INFO     |   → 381/903: ✅ 0 взято | 🗑️ 0 мусор
2026-06-02 02:37:05,737 | INFO     |   → 382/903: ✅ 126 взято | 🗑️ 2159 мусор
2026-06-02 02:37:05,737 | INFO     |   → 383/903: ✅ 0 взято | 🗑️ 1 мусор
2026-06-02 02:37:05,737 | INFO     |   → 384/903: ✅ 0 взято | 🗑️ 0 мусор
2026-06-02 02:37:05,737 | INFO     |   → 385/903: ✅ 0 взято | 🗑️ 20 мусор
2026-06-02 02:37:05,737 | INFO     |   → 386/903: ✅ 0 взято | 🗑️ 161 мусор
2026-06-02 02:37:05,737 | INFO     |   → 387/903: ✅ 0 взято | 🗑️ 1722 мусор
2026-06-02 02:37:05,737 | INFO     |   → 388/903: ✅ 0 взято | 🗑️ 72 мусор
2026-06-02 02:37:05,737 | INFO     |   → 389/903: ✅ 0 взято | 🗑️ 1 мусор
2026-06-02 02:37:05,737 | INFO     |   → 390/903: ✅ 0 взято | 🗑️ 20 мусор
2026-06-02 02:37:05,738 | INFO     |   → 391/903 ❌ HTTP 404 — https://raw.githubusercontent.com/Syavar/V2ray-Configs/main/OK_TLS_activision.com.txt
2026-06-02 02:37:05,738 | INFO     |   → 392/903: ✅ 3 взято | 🗑️ 1 мусор
2026-06-02 02:37:05,738 | INFO     |   → 393/903: ✅ 3 взято | 🗑️ 1 мусор
2026-06-02 02:37:05,738 | INFO     |   → 394/903: ✅ 3 взято | 🗑️ 1 мусор
2026-06-02 02:37:05,738 | INFO     |   → 395/903: ✅ 3 взято | 🗑️ 1 мусор
2026-06-02 02:37:05,738 | INFO     |   → 396/903 ❌ HTTP 404 — https://raw.githubusercontent.com/Syavar/V2ray-Configs/main/OK_TLS_viber.com.txt
2026-06-02 02:37:05,738 | INFO     |   → 397/903: ✅ 3 взято | 🗑️ 1 мусор
2026-06-02 02:37:05,738 | INFO     |   → 398/903: ✅ 3 взято | 🗑️ 1 мусор
2026-06-02 02:37:05,738 | INFO     |   → 399/903 ❌ HTTP 404 — https://raw.githubusercontent.com/Syavar/V2ray-Configs/main/OK_activision.com.txt
2026-06-02 02:37:05,738 | INFO     |   → 400/903 ❌ HTTP 404 — https://raw.githubusercontent.com/Syavar/V2ray-Configs/main/OK_css.rbxcdn.com.txt
2026-06-02 02:37:05,738 | INFO     |   → 401/903 ❌ HTTP 404 — https://raw.githubusercontent.com/Syavar/V2ray-Configs/main/OK_google.com.txt
2026-06-02 02:37:05,738 | INFO     |   → 402/903 ❌ HTTP 404 — https://raw.githubusercontent.com/Syavar/V2ray-Configs/main/OK_speedtest.tinkoff.ru.txt
2026-06-02 02:37:05,738 | INFO     |   → 403/903 ❌ HTTP 404 — https://raw.githubusercontent.com/Syavar/V2ray-Configs/main/OK_telegram.org.txt
2026-06-02 02:37:05,738 | INFO     |   → 404/903 ❌ HTTP 404 — https://raw.githubusercontent.com/Syavar/V2ray-Configs/main/OK_viber.com.txt
2026-06-02 02:37:05,738 | INFO     |   → 405/903 ❌ HTTP 404 — https://raw.githubusercontent.com/Syavar/V2ray-Configs/main/OK_vk.com.txt
2026-06-02 02:37:05,738 | INFO     |   → 406/903 ❌ HTTP 404 — https://raw.githubusercontent.com/Syavar/V2ray-Configs/main/OK_whatsapp.com.txt
2026-06-02 02:37:05,738 | INFO     |   → 407/903: ✅ 313 взято | 🗑️ 722 мусор
2026-06-02 02:37:05,738 | INFO     |   → 408/903: ✅ 4 взято | 🗑️ 291 мусор
2026-06-02 02:37:05,738 | INFO     |   → 409/903: ✅ 0 взято | 🗑️ 119 мусор
2026-06-02 02:37:05,739 | INFO     |   → 410/903: ✅ 0 взято | 🗑️ 0 мусор
2026-06-02 02:37:05,739 | INFO     |   → 411/903 ❌ HTTP 404 — https://raw.githubusercontent.com/V2RAYCONFIGSPOOL/V2RAY_SUB/main/V2RAY_SUB.txt
2026-06-02 02:37:05,739 | INFO     |   → 412/903: ✅ 15 взято | 🗑️ 5 мусор
2026-06-02 02:37:05,739 | INFO     |   → 413/903: ✅ 6 взято | 🗑️ 11 мусор
2026-06-02 02:37:05,739 | INFO     |   → 414/903: ✅ 11 взято | 🗑️ 5 мусор
2026-06-02 02:37:05,739 | INFO     |   → 415/903: ✅ 6 взято | 🗑️ 14 мусор
2026-06-02 02:37:05,739 | INFO     |   → 416/903: ✅ 5 взято | 🗑️ 12 мусор
2026-06-02 02:37:05,739 | INFO     |   → 417/903: ✅ 4 взято | 🗑️ 14 мусор
2026-06-02 02:37:05,739 | INFO     |   → 418/903: ✅ 7 взято | 🗑️ 12 мусор
2026-06-02 02:37:05,739 | INFO     |   → 419/903: ✅ 9 взято | 🗑️ 9 мусор
2026-06-02 02:37:05,739 | INFO     |   → 420/903: ✅ 5 взято | 🗑️ 12 мусор
2026-06-02 02:37:05,739 | INFO     |   → 421/903: ✅ 1 взято | 🗑️ 8 мусор
2026-06-02 02:37:05,739 | INFO     |   → 422/903: ✅ 48 взято | 🗑️ 144 мусор
2026-06-02 02:37:05,739 | INFO     |   → 423/903: ✅ 0 взято | 🗑️ 5 мусор
2026-06-02 02:37:05,739 | INFO     |   → 424/903: ✅ 0 взято | 🗑️ 0 мусор
2026-06-02 02:37:05,739 | INFO     |   → 425/903: ✅ 16 взято | 🗑️ 17 мусор
2026-06-02 02:37:05,739 | INFO     |   → 426/903: ✅ 0 взято | 🗑️ 0 мусор
2026-06-02 02:37:05,739 | INFO     |   → 427/903: ✅ 0 взято | 🗑️ 17 мусор
2026-06-02 02:37:05,740 | INFO     |   → 428/903: ✅ 58 взято | 🗑️ 348 мусор
2026-06-02 02:37:05,740 | INFO     |   → 429/903: ✅ 0 взято | 🗑️ 231 мусор
2026-06-02 02:37:05,740 | INFO     |   → 430/903: ✅ 0 взято | 🗑️ 0 мусор
2026-06-02 02:37:05,740 | INFO     |   → 431/903: ✅ 0 взято | 🗑️ 18 мусор
2026-06-02 02:37:05,740 | INFO     |   → 432/903: ✅ 123 взято | 🗑️ 432 мусор
2026-06-02 02:37:05,740 | INFO     |   → 433/903: ✅ 0 взято | 🗑️ 83 мусор
2026-06-02 02:37:05,740 | INFO     |   → 434/903: ✅ 0 взято | 🗑️ 16 мусор
2026-06-02 02:37:05,740 | INFO     |   → 435/903: ✅ 0 взято | 🗑️ 16 мусор
2026-06-02 02:37:05,740 | INFO     |   → 436/903 ❌ HTTP 404 — https://raw.githubusercontent.com/aiboboxx/clashfree/main/clash.yml
2026-06-02 02:37:05,740 | INFO     |   → 437/903 ❌ HTTP 404 — https://raw.githubusercontent.com/aiboboxx/clashfree/refs/heads/main/clash.yml
2026-06-02 02:37:05,740 | INFO     |   → 438/903 ❌ HTTP 404 — https://raw.githubusercontent.com/aiboboxx/v2rayfree/main/v2
2026-06-02 02:37:05,740 | INFO     |   → 439/903 ❌ HTTP 404 — https://raw.githubusercontent.com/amirmohammad-mohammad-88/Sub-Reality-Azadi-config/Config/Azadi-Reality-Different
2026-06-02 02:37:05,740 | INFO     |   → 440/903 ❌ HTTP 404 — https://raw.githubusercontent.com/amirmohammad-mohammad-88/Sub-Reality-Azadi-config/Config/Azadi-Reality-Different-Base64
2026-06-02 02:37:05,740 | INFO     |   → 441/903: ✅ 1 взято | 🗑️ 17 мусор
2026-06-02 02:37:05,740 | INFO     |   → 442/903: ✅ 0 взято | 🗑️ 0 мусор
2026-06-02 02:37:05,740 | INFO     |   → 443/903: ✅ 0 взято | 🗑️ 0 мусор
2026-06-02 02:37:05,740 | INFO     |   → 444/903: ✅ 4 взято | 🗑️ 114 мусор
2026-06-02 02:37:05,740 | INFO     |   → 445/903: ✅ 21 взято | 🗑️ 51 мусор
2026-06-02 02:37:05,740 | INFO     |   → 446/903: ✅ 0 взято | 🗑️ 238 мусор
2026-06-02 02:37:05,741 | INFO     |   → 447/903: ✅ 0 взято | 🗑️ 124 мусор
2026-06-02 02:37:05,741 | INFO     |   → 448/903: ✅ 22 взято | 🗑️ 61 мусор
2026-06-02 02:37:05,741 | INFO     |   → 449/903 ❌ HTTP 404 — https://raw.githubusercontent.com/awesome-vpn/awesome-vpn/master/ss
2026-06-02 02:37:05,741 | INFO     |   → 450/903 ❌ HTTP 404 — https://raw.githubusercontent.com/awesome-vpn/awesome-vpn/master/ssr
2026-06-02 02:37:05,741 | INFO     |   → 451/903: ✅ 0 взято | 🗑️ 0 мусор
2026-06-02 02:37:05,741 | INFO     |   → 452/903: ✅ 0 взято | 🗑️ 22 мусор
2026-06-02 02:37:05,741 | INFO     |   → 453/903: ✅ 0 взято | 🗑️ 2841 мусор
2026-06-02 02:37:05,741 | INFO     |   → 454/903: ✅ 0 взято | 🗑️ 326 мусор
2026-06-02 02:37:05,741 | INFO     |   → 455/903: ✅ 0 взято | 🗑️ 2097 мусор
2026-06-02 02:37:05,741 | INFO     |   → 456/903: ✅ 0 взято | 🗑️ 141 мусор
2026-06-02 02:37:05,741 | INFO     |   → 457/903 ❌ HTTP 404 — https://raw.githubusercontent.com/barry-far/V2ray-Configs/ced94ddfff48276ec365b40227561f36b1b64bc8/Sub5.txt
2026-06-02 02:37:05,741 | INFO     |   → 458/903 ❌ HTTP 404 — https://raw.githubusercontent.com/barry-far/V2ray-Configs/main/Splitted-By-Protocol/hysteria2.txt
2026-06-02 02:37:05,741 | INFO     |   → 459/903 ❌ HTTP 404 — https://raw.githubusercontent.com/barry-far/V2ray-Configs/main/Splitted-By-Protocol/vless.txt
2026-06-02 02:37:05,741 | INFO     |   → 460/903 ❌ HTTP 404 — https://raw.githubusercontent.com/barry-far/V2ray-Configs/main/Sub1.txt
2026-06-02 02:37:05,741 | INFO     |   → 461/903 ❌ HTTP 404 — https://raw.githubusercontent.com/barry-far/V2ray-Configs/refs/heads/main/All_Configs_Sub.txt
2026-06-02 02:37:05,741 | INFO     |   → 462/903: ✅ 0 взято | 🗑️ 326 мусор
2026-06-02 02:37:05,741 | INFO     |   → 463/903: ✅ 0 взято | 🗑️ 2097 мусор
2026-06-02 02:37:05,741 | INFO     |   → 464/903: ✅ 0 взято | 🗑️ 141 мусор
2026-06-02 02:37:05,741 | INFO     |   → 465/903: ✅ 0 взято | 🗑️ 0 мусор
2026-06-02 02:37:05,742 | INFO     |   → 466/903 ❌ HTTP 404 — https://raw.githubusercontent.com/budamu/clashconfig/main/v2ray.txt
2026-06-02 02:37:05,742 | INFO     |   → 467/903 ❌ HTTP 404 — https://raw.githubusercontent.com/budamu/clashconfig/main/v2ray2.txt
2026-06-02 02:37:05,742 | INFO     |   → 468/903 ❌ HTTP 404 — https://raw.githubusercontent.com/bywarm/whitelists-vpns-etc/main/whitelists1-4pda.txt
2026-06-02 02:37:05,742 | INFO     |   → 469/903: ✅ 12 взято | 🗑️ 45 мусор
2026-06-02 02:37:05,742 | INFO     |   → 470/903: ✅ 0 взято | 🗑️ 0 мусор
2026-06-02 02:37:05,742 | INFO     |   → 471/903: ✅ 0 взято | 🗑️ 45 мусор
2026-06-02 02:37:05,742 | INFO     |   → 472/903: ✅ 0 взято | 🗑️ 0 мусор
2026-06-02 02:37:05,742 | INFO     |   → 473/903: ✅ 0 взято | 🗑️ 442 мусор
2026-06-02 02:37:05,742 | INFO     |   → 474/903: ✅ 0 взято | 🗑️ 0 мусор
2026-06-02 02:37:05,742 | INFO     |   → 475/903 ❌ HTTP 404 — https://raw.githubusercontent.com/chxxyz2004/zd/17fca23b73c46b5dd73e9be49b14d219b5e5f836/sub/2401/240110.txt
2026-06-02 02:37:05,742 | INFO     |   → 476/903: ✅ 0 взято | 🗑️ 44 мусор
2026-06-02 02:37:05,742 | INFO     |   → 477/903: ✅ 356 взято | 🗑️ 5284 мусор
2026-06-02 02:37:05,742 | INFO     |   → 478/903: ✅ 236 взято | 🗑️ 517 мусор
2026-06-02 02:37:05,742 | INFO     |   → 479/903 ❌ HTTP 404 — https://raw.githubusercontent.com/cxr9912/cxr2022/main/free.yaml
2026-06-02 02:37:05,742 | INFO     |   → 480/903 ❌ HTTP 404 — https://raw.githubusercontent.com/cxr9912/cxr2022/main/mix.yaml
2026-06-02 02:37:05,742 | INFO     |   → 481/903 ❌ HTTP 404 — https://raw.githubusercontent.com/cxr9912/cxr2022/main/ss.yaml
2026-06-02 02:37:05,742 | INFO     |   → 482/903 ❌ HTTP 404 — https://raw.githubusercontent.com/cxr9912/cxr2022/main/ssr.yaml
2026-06-02 02:37:05,742 | INFO     |   → 483/903 ❌ HTTP 404 — https://raw.githubusercontent.com/cxr9912/cxr2022/main/vmess.yaml
2026-06-02 02:37:05,742 | INFO     |   → 484/903 ❌ HTTP 404 — https://raw.githubusercontent.com/cxr9912/cxr2022/refs/heads/main/18cj.json
2026-06-02 02:37:05,743 | INFO     |   → 485/903 ❌ HTTP 404 — https://raw.githubusercontent.com/cxr9912/cxr2022/refs/heads/main/aaaaaaaa.yaml
2026-06-02 02:37:05,743 | INFO     |   → 486/903 ❌ HTTP 404 — https://raw.githubusercontent.com/cxr9912/cxr2022/refs/heads/main/free.yaml
2026-06-02 02:37:05,743 | INFO     |   → 487/903 ❌ HTTP 404 — https://raw.githubusercontent.com/cxr9912/cxr2022/refs/heads/main/ss2088.txt
2026-06-02 02:37:05,743 | INFO     |   → 488/903: ✅ 0 взято | 🗑️ 18 мусор
2026-06-02 02:37:05,743 | INFO     |   → 489/903: ✅ 0 взято | 🗑️ 18 мусор
2026-06-02 02:37:05,743 | INFO     |   → 490/903: ✅ 6 взято | 🗑️ 78 мусор
2026-06-02 02:37:05,743 | INFO     |   → 491/903: ✅ 6 взято | 🗑️ 4 мусор
2026-06-02 02:37:05,743 | INFO     |   → 492/903: ✅ 0 взято | 🗑️ 2 мусор
2026-06-02 02:37:05,743 | INFO     |   → 493/903: ✅ 0 взято | 🗑️ 2 мусор
2026-06-02 02:37:05,743 | INFO     |   → 494/903: ✅ 0 взято | 🗑️ 2 мусор
2026-06-02 02:37:05,743 | INFO     |   → 495/903: ✅ 0 взято | 🗑️ 3 мусор
2026-06-02 02:37:05,743 | INFO     |   → 496/903: ✅ 0 взято | 🗑️ 2 мусор
2026-06-02 02:37:05,743 | INFO     |   → 497/903: ✅ 0 взято | 🗑️ 9 мусор
2026-06-02 02:37:05,743 | INFO     |   → 498/903: ✅ 1 взято | 🗑️ 1 мусор
2026-06-02 02:37:05,743 | INFO     |   → 499/903: ✅ 0 взято | 🗑️ 10 мусор
2026-06-02 02:37:05,743 | INFO     |   → 500/903: ✅ 0 взято | 🗑️ 2 мусор
2026-06-02 02:37:05,743 | INFO     |   → 501/903: ✅ 0 взято | 🗑️ 0 мусор
2026-06-02 02:37:05,743 | INFO     |   → 502/903: ✅ 0 взято | 🗑️ 0 мусор
2026-06-02 02:37:05,743 | INFO     |   → 503/903: ✅ 5910 взято | 🗑️ 119266 мусор
2026-06-02 02:37:05,744 | INFO     |   → 504/903: ✅ 6 взято | 🗑️ 136 мусор
2026-06-02 02:37:05,744 | INFO     |   → 505/903: ✅ 6357 взято | 🗑️ 129048 мусор
2026-06-02 02:37:05,744 | INFO     |   → 506/903: ✅ 4419 взято | 🗑️ 84213 мусор
2026-06-02 02:37:05,744 | INFO     |   → 507/903: ✅ 83 взято | 🗑️ 5782 мусор
2026-06-02 02:37:05,744 | INFO     |   → 508/903: ✅ 0 взято | 🗑️ 119266 мусор
2026-06-02 02:37:05,744 | INFO     |   → 509/903: ✅ 0 взято | 🗑️ 136 мусор
2026-06-02 02:37:05,744 | INFO     |   → 510/903: ✅ 6 взято | 🗑️ 113 мусор
2026-06-02 02:37:05,744 | INFO     |   → 511/903: ✅ 0 взято | 🗑️ 0 мусор
2026-06-02 02:37:05,744 | INFO     |   → 512/903: ✅ 1 взято | 🗑️ 25 мусор
2026-06-02 02:37:05,744 | INFO     |   → 513/903: ✅ 0 взято | 🗑️ 0 мусор
2026-06-02 02:37:05,744 | INFO     |   → 514/903: ✅ 13 взято | 🗑️ 19 мусор
2026-06-02 02:37:05,744 | INFO     |   → 515/903: ✅ 0 взято | 🗑️ 5 мусор
2026-06-02 02:37:05,744 | INFO     |   → 516/903: ✅ 2 взято | 🗑️ 80 мусор
2026-06-02 02:37:05,744 | INFO     |   → 517/903: ✅ 0 взято | 🗑️ 0 мусор
2026-06-02 02:37:05,744 | INFO     |   → 518/903: ✅ 5 взято | 🗑️ 169 мусор
2026-06-02 02:37:05,744 | INFO     |   → 519/903: ✅ 34 взято | 🗑️ 121 мусор
2026-06-02 02:37:05,744 | INFO     |   → 520/903: ✅ 4 взято | 🗑️ 97 мусор
2026-06-02 02:37:05,744 | INFO     |   → 521/903 ❌ HTTP 404 — https://raw.githubusercontent.com/free18/v2ray/main/Clash.yaml
2026-06-02 02:37:05,744 | INFO     |   → 522/903: ✅ 0 взято | 🗑️ 0 мусор
2026-06-02 02:37:05,745 | INFO     |   → 523/903: ✅ 70 взято | 🗑️ 174 мусор
2026-06-02 02:37:05,745 | INFO     |   → 524/903: ✅ 0 взято | 🗑️ 0 мусор
2026-06-02 02:37:05,745 | INFO     |   → 525/903: ✅ 0 взято | 🗑️ 15 мусор
2026-06-02 02:37:05,745 | INFO     |   → 526/903: ✅ 0 взято | 🗑️ 0 мусор
2026-06-02 02:37:05,745 | INFO     |   → 527/903: ✅ 0 взято | 🗑️ 8 мусор
2026-06-02 02:37:05,745 | INFO     |   → 528/903: ✅ 0 взято | 🗑️ 8 мусор
2026-06-02 02:37:05,745 | INFO     |   → 529/903: ✅ 0 взято | 🗑️ 8 мусор
2026-06-02 02:37:05,745 | INFO     |   → 530/903: ✅ 0 взято | 🗑️ 8 мусор
2026-06-02 02:37:05,745 | INFO     |   → 531/903 ❌ HTTP 404 — https://raw.githubusercontent.com/freev2rayconfig/V2RAY_SUB/3e6a7786a1601ee3723e8d043ae79e70dbdfd9a8/v2rayconfigs.txt
2026-06-02 02:37:05,745 | INFO     |   → 532/903 ❌ HTTP 404 — https://raw.githubusercontent.com/freev2rayconfig/V2RAY_SUBSCRIPTION_LINK/main/v2rayconfigs.txt
2026-06-02 02:37:05,745 | INFO     |   → 533/903: ✅ 0 взято | 🗑️ 5 мусор
2026-06-02 02:37:05,745 | INFO     |   → 534/903 ❌ HTTP 404 — https://raw.githubusercontent.com/gfpcom/free-proxy-list/main/list/http.txt
2026-06-02 02:37:05,745 | INFO     |   → 535/903 ❌ HTTP 404 — https://raw.githubusercontent.com/gfpcom/free-proxy-list/main/list/https.txt
2026-06-02 02:37:05,745 | INFO     |   → 536/903 ❌ HTTP 404 — https://raw.githubusercontent.com/gfpcom/free-proxy-list/main/list/socks4.txt
2026-06-02 02:37:05,745 | INFO     |   → 537/903 ❌ HTTP 404 — https://raw.githubusercontent.com/gfpcom/free-proxy-list/main/list/socks4a.txt
2026-06-02 02:37:05,745 | INFO     |   → 538/903 ❌ HTTP 404 — https://raw.githubusercontent.com/gfpcom/free-proxy-list/main/list/socks5.txt
2026-06-02 02:37:05,745 | INFO     |   → 539/903 ❌ HTTP 404 — https://raw.githubusercontent.com/gfpcom/free-proxy-list/main/list/socks5h.txt
2026-06-02 02:37:05,745 | INFO     |   → 540/903 ❌ HTTP 404 — https://raw.githubusercontent.com/gfpcom/free-proxy-list/main/list/ss.txt
2026-06-02 02:37:05,746 | INFO     |   → 541/903 ❌ HTTP 404 — https://raw.githubusercontent.com/gfpcom/free-proxy-list/main/list/ssr.txt
2026-06-02 02:37:05,746 | INFO     |   → 542/903 ❌ HTTP 404 — https://raw.githubusercontent.com/gfpcom/free-proxy-list/main/list/trojan.txt
2026-06-02 02:37:05,746 | INFO     |   → 543/903 ❌ HTTP 404 — https://raw.githubusercontent.com/gfpcom/free-proxy-list/main/list/vless.txt
2026-06-02 02:37:05,746 | INFO     |   → 544/903 ❌ HTTP 404 — https://raw.githubusercontent.com/gfpcom/free-proxy-list/main/list/vmess.txt
2026-06-02 02:37:05,746 | INFO     |   → 545/903: ✅ 0 взято | 🗑️ 17 мусор
2026-06-02 02:37:05,746 | INFO     |   → 546/903: ✅ 0 взято | 🗑️ 0 мусор
2026-06-02 02:37:05,746 | INFO     |   → 547/903: ✅ 0 взято | 🗑️ 0 мусор
2026-06-02 02:37:05,746 | INFO     |   → 548/903: ✅ 4 взято | 🗑️ 63 мусор
2026-06-02 02:37:05,746 | INFO     |   → 549/903: ✅ 465 взято | 🗑️ 1939 мусор
2026-06-02 02:37:05,746 | INFO     |   → 550/903: ✅ 301 взято | 🗑️ 1137 мусор
2026-06-02 02:37:05,746 | INFO     |   → 551/903: ✅ 282 взято | 🗑️ 3639 мусор
2026-06-02 02:37:05,746 | INFO     |   → 552/903: ✅ 16 взято | 🗑️ 2295 мусор
2026-06-02 02:37:05,746 | INFO     |   → 553/903 ❌ HTTP 404 — https://raw.githubusercontent.com/hameed-maleki/TVC/89a4522969c57dcc22458cae9898426e5c4f2679/lite/config.txt
2026-06-02 02:37:05,746 | INFO     |   → 554/903: ✅ 0 взято | 🗑️ 0 мусор
2026-06-02 02:37:05,746 | INFO     |   → 555/903: ✅ 5 взято | 🗑️ 132 мусор
2026-06-02 02:37:05,746 | INFO     |   → 556/903: ✅ 0 взято | 🗑️ 56 мусор
2026-06-02 02:37:05,746 | INFO     |   → 557/903 ❌ HTTP 404 — https://raw.githubusercontent.com/hkaa0/permalink/main/proxy/V2ray
2026-06-02 02:37:05,746 | INFO     |   → 558/903: ✅ 2 взято | 🗑️ 131 мусор
2026-06-02 02:37:05,746 | INFO     |   → 559/903 ❌ HTTP 404 — https://raw.githubusercontent.com/hkaa0/permalink/main/proxy/clash
2026-06-02 02:37:05,747 | INFO     |   → 560/903 ❌ HTTP 404 — https://raw.githubusercontent.com/hkpc/Autoproxy/6cf946ddfc677a29062007e4b47d70674474baa7/sub/2401/240110.txt
2026-06-02 02:37:05,747 | INFO     |   → 561/903 ❌ HTTP 404 — https://raw.githubusercontent.com/hkpc/V2ray-Configs/7d9aa0dabf947af180a7dd6302818ed37950531a/Sub1.txt
2026-06-02 02:37:05,747 | INFO     |   → 562/903: ✅ 0 взято | 🗑️ 14 мусор
2026-06-02 02:37:05,747 | INFO     |   → 563/903: ✅ 0 взято | 🗑️ 16 мусор
2026-06-02 02:37:05,747 | INFO     |   → 564/903 ❌ HTTP 404 — https://raw.githubusercontent.com/iboxz/free-v2ray-collector/main/main
2026-06-02 02:37:05,747 | INFO     |   → 565/903: ✅ 115 взято | 🗑️ 253 мусор
2026-06-02 02:37:05,747 | INFO     |   → 566/903: ✅ 0 взято | 🗑️ 14 мусор
2026-06-02 02:37:05,747 | INFO     |   → 567/903: ✅ 0 взято | 🗑️ 21 мусор
2026-06-02 02:37:05,747 | INFO     |   → 568/903: ✅ 0 взято | 🗑️ 202 мусор
2026-06-02 02:37:05,747 | INFO     |   → 569/903: ✅ 0 взято | 🗑️ 16 мусор
2026-06-02 02:37:05,747 | INFO     |   → 570/903: ✅ 19 взято | 🗑️ 27 мусор
2026-06-02 02:37:05,747 | INFO     |   → 571/903: ✅ 79 взято | 🗑️ 21 мусор
2026-06-02 02:37:05,747 | INFO     |   → 572/903: ✅ 0 взято | 🗑️ 48 мусор
2026-06-02 02:37:05,747 | INFO     |   → 573/903 ❌ HTTP 404 — https://raw.githubusercontent.com/igareck/vpn-configs-for-russia/refs/heads/main/Vless-Reality-White-Lists-Rus-Cable.txt
2026-06-02 02:37:05,747 | INFO     |   → 574/903: ✅ 117 взято | 🗑️ 25 мусор
2026-06-02 02:37:05,747 | INFO     |   → 575/903: ✅ 0 взято | 🗑️ 0 мусор
2026-06-02 02:37:05,747 | INFO     |   → 576/903: ✅ 0 взято | 🗑️ 0 мусор
2026-06-02 02:37:05,747 | INFO     |   → 577/903: ✅ 0 взято | 🗑️ 9 мусор
2026-06-02 02:37:05,747 | INFO     |   → 578/903: ✅ 18 взято | 🗑️ 367 мусор
2026-06-02 02:37:05,747 | INFO     |   → 579/903: ✅ 0 взято | 🗑️ 0 мусор
2026-06-02 02:37:05,747 | INFO     |   → 580/903: ✅ 0 взято | 🗑️ 0 мусор
2026-06-02 02:37:05,747 | INFO     |   → 581/903: ✅ 0 взято | 🗑️ 12 мусор
2026-06-02 02:37:05,747 | INFO     |   → 582/903: ✅ 0 взято | 🗑️ 43 мусор
2026-06-02 02:37:05,747 | INFO     |   → 583/903 ❌ HTTP 404 — https://raw.githubusercontent.com/jw853355718/clash_233/master/config.yml
2026-06-02 02:37:05,747 | INFO     |   → 584/903: ✅ 0 взято | 🗑️ 210 мусор
2026-06-02 02:37:05,747 | INFO     |   → 585/903: ✅ 0 взято | 🗑️ 0 мусор
2026-06-02 02:37:05,747 | INFO     |   → 586/903 ❌ HTTP 404 — https://raw.githubusercontent.com/kismetpro/NodeSuber/main/Splitted-By-Protocol/vless.txt
2026-06-02 02:37:05,747 | INFO     |   → 587/903 ❌ HTTP 404 — https://raw.githubusercontent.com/kismetpro/NodeSuber/main/out/All_Configs_Sub.txt
2026-06-02 02:37:05,747 | INFO     |   → 588/903 ❌ HTTP 404 — https://raw.githubusercontent.com/kort0881/vpn-key-vless/main/subscriptions/all.txt
2026-06-02 02:37:05,747 | INFO     |   → 589/903: ✅ 224 взято | 🗑️ 176 мусор
2026-06-02 02:37:05,747 | INFO     |   → 590/903: ✅ 0 взято | 🗑️ 29 мусор
2026-06-02 02:37:05,747 | INFO     |   → 591/903 ❌ HTTP 404 — https://raw.githubusercontent.com/koteey/Ms.Kerosin-VPN/main/proxies.txt
2026-06-02 02:37:05,747 | INFO     |   → 592/903: ✅ 534 взято | 🗑️ 1494 мусор
2026-06-02 02:37:05,747 | INFO     |   → 593/903: ✅ 1 взято | 🗑️ 121 мусор
2026-06-02 02:37:05,747 | INFO     |   → 594/903: ✅ 0 взято | 🗑️ 0 мусор
2026-06-02 02:37:05,747 | INFO     |   → 595/903 ❌ HTTP 404 — https://raw.githubusercontent.com/lcx12901/v2ray-/master/sspool.herokuapp.com/yzcloud.yaml
2026-06-02 02:37:05,747 | INFO     |   → 596/903 ❌ HTTP 404 — https://raw.githubusercontent.com/lcx12901/v2ray-/master/sspool.herokuapp.com/yzcloud2.yaml
2026-06-02 02:37:05,748 | INFO     |   → 597/903: ✅ 0 взято | 🗑️ 0 мусор
2026-06-02 02:37:05,748 | INFO     |   → 598/903 ❌ HTTP 404 — https://raw.githubusercontent.com/learnhard-cn/free_proxy_ss/main/clash/config.yaml
2026-06-02 02:37:05,748 | INFO     |   → 599/903: ✅ 0 взято | 🗑️ 8 мусор
2026-06-02 02:37:05,748 | INFO     |   → 600/903: ✅ 0 взято | 🗑️ 4 мусор
2026-06-02 02:37:05,748 | INFO     |   → 601/903: ✅ 0 взято | 🗑️ 0 мусор
2026-06-02 02:37:05,748 | INFO     |   → 602/903: ✅ 0 взято | 🗑️ 4 мусор
2026-06-02 02:37:05,748 | INFO     |   → 603/903: ✅ 0 взято | 🗑️ 149 мусор
2026-06-02 02:37:05,748 | INFO     |   → 604/903: ✅ 0 взято | 🗑️ 421 мусор
2026-06-02 02:37:05,748 | INFO     |   → 605/903: ✅ 213 взято | 🗑️ 1155 мусор
2026-06-02 02:37:05,748 | INFO     |   → 606/903 ❌ HTTP 404 — https://raw.githubusercontent.com/lisylva-lee/v2dyku/main/ssr
2026-06-02 02:37:05,748 | INFO     |   → 607/903 ❌ HTTP 404 — https://raw.githubusercontent.com/lisylva-lee/v2dyku/main/v2dy
2026-06-02 02:37:05,748 | INFO     |   → 608/903: ✅ 0 взято | 🗑️ 53 мусор
2026-06-02 02:37:05,748 | INFO     |   → 609/903: ✅ 0 взято | 🗑️ 0 мусор
2026-06-02 02:37:05,748 | INFO     |   → 610/903: ✅ 0 взято | 🗑️ 0 мусор
2026-06-02 02:37:05,748 | INFO     |   → 611/903 ❌ HTTP 404 — https://raw.githubusercontent.com/luxl-1379/merge/77247d23def72b25226dfa741614e9b07a569c72/sub/sub_merge_base64.txt
2026-06-02 02:37:05,748 | INFO     |   → 612/903 ❌ HTTP 404 — https://raw.githubusercontent.com/luxl-1379/merge/main/sub/sub_merge_base64.txt
2026-06-02 02:37:05,748 | INFO     |   → 613/903: ✅ 146 взято | 🗑️ 343 мусор
2026-06-02 02:37:05,748 | INFO     |   → 614/903: ✅ 0 взято | 🗑️ 0 мусор
2026-06-02 02:37:05,748 | INFO     |   → 615/903: ✅ 0 взято | 🗑️ 131 мусор
2026-06-02 02:37:05,748 | INFO     |   → 616/903: ✅ 0 взято | 🗑️ 131 мусор
2026-06-02 02:37:05,748 | INFO     |   → 617/903: ✅ 0 взято | 🗑️ 0 мусор
2026-06-02 02:37:05,748 | INFO     |   → 618/903: ✅ 0 взято | 🗑️ 0 мусор
2026-06-02 02:37:05,748 | INFO     |   → 619/903: ✅ 0 взято | 🗑️ 3519 мусор
2026-06-02 02:37:05,748 | INFO     |   → 620/903: ✅ 0 взято | 🗑️ 131 мусор
2026-06-02 02:37:05,748 | INFO     |   → 621/903: ✅ 0 взято | 🗑️ 0 мусор
2026-06-02 02:37:05,748 | INFO     |   → 622/903: ✅ 0 взято | 🗑️ 3519 мусор
2026-06-02 02:37:05,748 | INFO     |   → 623/903: ✅ 0 взято | 🗑️ 0 мусор
2026-06-02 02:37:05,748 | INFO     |   → 624/903: ✅ 20 взято | 🗑️ 370 мусор
2026-06-02 02:37:05,748 | INFO     |   → 625/903: ✅ 0 взято | 🗑️ 370 мусор
2026-06-02 02:37:05,748 | INFO     |   → 626/903 ❌ HTTP 404 — https://raw.githubusercontent.com/mermeroo/Clash-V2ray/main/v2ray
2026-06-02 02:37:05,748 | INFO     |   → 627/903: ✅ 714 взято | 🗑️ 6258 мусор
2026-06-02 02:37:05,749 | INFO     |   → 628/903: ✅ 15 взято | 🗑️ 417 мусор
2026-06-02 02:37:05,749 | INFO     |   → 629/903: ✅ 6 взято | 🗑️ 102 мусор
2026-06-02 02:37:05,749 | INFO     |   → 630/903: ✅ 0 взято | 🗑️ 6258 мусор
2026-06-02 02:37:05,749 | INFO     |   → 631/903: ✅ 8 взято | 🗑️ 853 мусор
2026-06-02 02:37:05,749 | INFO     |   → 632/903: ✅ 0 взято | 🗑️ 853 мусор
2026-06-02 02:37:05,749 | INFO     |   → 633/903: ✅ 32 взято | 🗑️ 69 мусор
2026-06-02 02:37:05,749 | INFO     |   → 634/903 ❌ HTTP 404 — https://raw.githubusercontent.com/mermeroo/free-v2ray-collector/main/main/mix
2026-06-02 02:37:05,749 | INFO     |   → 635/903 ❌ HTTP 404 — https://raw.githubusercontent.com/mermeroo/free-v2ray-collector/main/main/reality
2026-06-02 02:37:05,749 | INFO     |   → 636/903 ❌ HTTP 404 — https://raw.githubusercontent.com/mermeroo/free-v2ray-collector/main/main/shadowsocks
2026-06-02 02:37:05,749 | INFO     |   → 637/903 ❌ HTTP 404 — https://raw.githubusercontent.com/mermeroo/free-v2ray-collector/main/main/trojan
2026-06-02 02:37:05,749 | INFO     |   → 638/903 ❌ HTTP 404 — https://raw.githubusercontent.com/mermeroo/free-v2ray-collector/main/main/vless
2026-06-02 02:37:05,749 | INFO     |   → 639/903 ❌ HTTP 404 — https://raw.githubusercontent.com/mermeroo/free-v2ray-collector/main/main/vmess
2026-06-02 02:37:05,749 | INFO     |   → 640/903: ✅ 0 взято | 🗑️ 0 мусор
2026-06-02 02:37:05,749 | INFO     |   → 641/903: ✅ 0 взято | 🗑️ 0 мусор
2026-06-02 02:37:05,749 | INFO     |   → 642/903 ❌ HTTP 404 — https://raw.githubusercontent.com/mfuu/v2ray/master/merge/merge.txt
2026-06-02 02:37:05,749 | INFO     |   → 643/903: ✅ 0 взято | 🗑️ 52 мусор
2026-06-02 02:37:05,749 | INFO     |   → 644/903: ✅ 0 взято | 🗑️ 52 мусор
2026-06-02 02:37:05,749 | INFO     |   → 645/903: ✅ 0 взято | 🗑️ 25 мусор
2026-06-02 02:37:05,749 | INFO     |   → 646/903: ✅ 666 взято | 🗑️ 14672 мусор
2026-06-02 02:37:05,749 | INFO     |   → 647/903: ✅ 0 взято | 🗑️ 14672 мусор
2026-06-02 02:37:05,749 | INFO     |   → 648/903: ✅ 0 взято | 🗑️ 2852 мусор
2026-06-02 02:37:05,749 | INFO     |   → 649/903: ✅ 0 взято | 🗑️ 1938 мусор
2026-06-02 02:37:05,749 | INFO     |   → 650/903: ✅ 0 взято | 🗑️ 5341 мусор
2026-06-02 02:37:05,749 | INFO     |   → 651/903: ✅ 0 взято | 🗑️ 4541 мусор
2026-06-02 02:37:05,749 | INFO     |   → 652/903 ❌ HTTP 404 — https://raw.githubusercontent.com/miladtahanian/V2RayCFGDumper/refs/heads/main/config.txt
2026-06-02 02:37:05,749 | INFO     |   → 653/903 ❌ HTTP 404 — https://raw.githubusercontent.com/miladtahanian/multi-proxy-config-fetcher/refs/heads/main/configs/proxy_configs.txt
2026-06-02 02:37:05,749 | INFO     |   → 654/903: ✅ 0 взято | 🗑️ 0 мусор
2026-06-02 02:37:05,749 | INFO     |   → 655/903: ✅ 0 взято | 🗑️ 0 мусор
2026-06-02 02:37:05,749 | INFO     |   → 656/903: ✅ 0 взято | 🗑️ 0 мусор
2026-06-02 02:37:05,749 | INFO     |   → 657/903: ✅ 15 взято | 🗑️ 46 мусор
2026-06-02 02:37:05,749 | INFO     |   → 658/903: ✅ 0 взято | 🗑️ 12 мусор
2026-06-02 02:37:05,749 | INFO     |   → 659/903: ✅ 0 взято | 🗑️ 202 мусор
2026-06-02 02:37:05,749 | INFO     |   → 660/903: ✅ 0 взято | 🗑️ 33 мусор
2026-06-02 02:37:05,749 | INFO     |   → 661/903: ✅ 0 взято | 🗑️ 0 мусор
2026-06-02 02:37:05,749 | INFO     |   → 662/903: ✅ 28 взято | 🗑️ 93 мусор
2026-06-02 02:37:05,749 | INFO     |   → 663/903: ✅ 74 взято | 🗑️ 425 мусор
2026-06-02 02:37:05,749 | INFO     |   → 664/903: ✅ 168 взято | 🗑️ 330 мусор
2026-06-02 02:37:05,749 | INFO     |   → 665/903: ✅ 0 взято | 🗑️ 0 мусор
2026-06-02 02:37:05,749 | INFO     |   → 666/903: ✅ 15 взято | 🗑️ 70 мусор
2026-06-02 02:37:05,749 | INFO     |   → 667/903: ✅ 127 взято | 🗑️ 492 мусор
2026-06-02 02:37:05,749 | INFO     |   → 668/903: ✅ 331 взято | 🗑️ 190 мусор
2026-06-02 02:37:05,749 | INFO     |   → 669/903: ✅ 0 взято | 🗑️ 1710 мусор
2026-06-02 02:37:05,750 | INFO     |   → 670/903: ✅ 39 взято | 🗑️ 1124 мусор
2026-06-02 02:37:05,750 | INFO     |   → 671/903: ✅ 8 взято | 🗑️ 323 мусор
2026-06-02 02:37:05,750 | INFO     |   → 672/903: ✅ 0 взято | 🗑️ 392 мусор
2026-06-02 02:37:05,750 | INFO     |   → 673/903 ❌ HTTP 404 — https://raw.githubusercontent.com/obscure1990/freeVM/master/snippets/nodes.yml
2026-06-02 02:37:05,750 | INFO     |   → 674/903: ✅ 1181 взято | 🗑️ 177 мусор
2026-06-02 02:37:05,750 | INFO     |   → 675/903 ❌ HTTP 404 — https://raw.githubusercontent.com/op30mmd/things/909b38024ba14d69dc0f95c238f63bc6e930a00f/eut.txt
2026-06-02 02:37:05,750 | INFO     |   → 676/903 ❌ HTTP 404 — https://raw.githubusercontent.com/openRunner/clash-freenode/main/v2ray.txt
2026-06-02 02:37:05,750 | INFO     |   → 677/903 ❌ HTTP 404 — https://raw.githubusercontent.com/oslook/clash-freenode/main/clash.yaml
2026-06-02 02:37:05,750 | INFO     |   → 678/903: ✅ 0 взято | 🗑️ 0 мусор
2026-06-02 02:37:05,750 | INFO     |   → 679/903: ✅ 4 взято | 🗑️ 1 мусор
2026-06-02 02:37:05,750 | INFO     |   → 680/903: ✅ 0 взято | 🗑️ 0 мусор
2026-06-02 02:37:05,750 | INFO     |   → 681/903: ✅ 16 взято | 🗑️ 64 мусор
2026-06-02 02:37:05,750 | INFO     |   → 682/903: ✅ 0 взято | 🗑️ 0 мусор
2026-06-02 02:37:05,750 | INFO     |   → 683/903: ✅ 0 взято | 🗑️ 64 мусор
2026-06-02 02:37:05,750 | INFO     |   → 684/903: ✅ 0 взято | 🗑️ 64 мусор
2026-06-02 02:37:05,750 | INFO     |   → 685/903: ✅ 4 взято | 🗑️ 3 мусор
2026-06-02 02:37:05,750 | INFO     |   → 686/903: ✅ 6703 взято | 🗑️ 35561 мусор
2026-06-02 02:37:05,750 | INFO     |   → 687/903: ✅ 0 взято | 🗑️ 0 мусор
2026-06-02 02:37:05,750 | INFO     |   → 688/903: ✅ 0 взято | 🗑️ 0 мусор
2026-06-02 02:37:05,751 | INFO     |   → 689/903: ✅ 0 взято | 🗑️ 19 мусор
2026-06-02 02:37:05,751 | INFO     |   → 690/903: ✅ 0 взято | 🗑️ 0 мусор
2026-06-02 02:37:05,751 | INFO     |   → 691/903: ✅ 0 взято | 🗑️ 70 мусор
2026-06-02 02:37:05,751 | INFO     |   → 692/903: ✅ 0 взято | 🗑️ 1 мусор
2026-06-02 02:37:05,751 | INFO     |   → 693/903: ✅ 0 взято | 🗑️ 44 мусор
2026-06-02 02:37:05,751 | INFO     |   → 694/903: ✅ 63 взято | 🗑️ 521 мусор
2026-06-02 02:37:05,751 | INFO     |   → 695/903: ✅ 165 взято | 🗑️ 273 мусор
2026-06-02 02:37:05,751 | INFO     |   → 696/903: ✅ 0 взято | 🗑️ 0 мусор
2026-06-02 02:37:05,751 | INFO     |   → 697/903: ✅ 13 взято | 🗑️ 211 мусор
2026-06-02 02:37:05,751 | INFO     |   → 698/903: ✅ 3 взято | 🗑️ 56 мусор
2026-06-02 02:37:05,751 | INFO     |   → 699/903: ✅ 0 взято | 🗑️ 79 мусор
2026-06-02 02:37:05,751 | INFO     |   → 700/903: ✅ 13 взято | 🗑️ 32 мусор
2026-06-02 02:37:05,751 | INFO     |   → 701/903: ✅ 0 взято | 🗑️ 0 мусор
2026-06-02 02:37:05,751 | INFO     |   → 702/903: ✅ 2 взято | 🗑️ 9 мусор
2026-06-02 02:37:05,751 | INFO     |   → 703/903: ✅ 11 взято | 🗑️ 76 мусор
2026-06-02 02:37:05,751 | INFO     |   → 704/903: ✅ 0 взято | 🗑️ 168 мусор
2026-06-02 02:37:05,751 | INFO     |   → 705/903: ✅ 0 взято | 🗑️ 79 мусор
2026-06-02 02:37:05,751 | INFO     |   → 706/903: ✅ 0 взято | 🗑️ 0 мусор
2026-06-02 02:37:05,752 | INFO     |   → 707/903: ✅ 0 взято | 🗑️ 15 мусор
2026-06-02 02:37:05,752 | INFO     |   → 708/903 ❌ HTTP 404 — https://raw.githubusercontent.com/ronghuaxueleng/get_v2/main/pub/changfengoss.yaml
2026-06-02 02:37:05,752 | INFO     |   → 709/903: ✅ 0 взято | 🗑️ 0 мусор
2026-06-02 02:37:05,752 | INFO     |   → 710/903: ✅ 30 взято | 🗑️ 81 мусор
2026-06-02 02:37:05,752 | INFO     |   → 711/903: ✅ 0 взято | 🗑️ 81 мусор
2026-06-02 02:37:05,752 | INFO     |   → 712/903 ❌ HTTP 404 — https://raw.githubusercontent.com/rxsweet/CM_Vmess/refs/heads/main/test.txt
2026-06-02 02:37:05,752 | INFO     |   → 713/903 ❌ HTTP 404 — https://raw.githubusercontent.com/rxsweet/proxies/main/sub/free.yaml
2026-06-02 02:37:05,752 | INFO     |   → 714/903 ❌ HTTP 404 — https://raw.githubusercontent.com/rxsweet/proxies/main/sub/rx.yaml
2026-06-02 02:37:05,752 | INFO     |   → 715/903 ❌ HTTP 404 — https://raw.githubusercontent.com/rxsweet/proxies/main/sub/sources/dynamicAll.yaml
2026-06-02 02:37:05,752 | INFO     |   → 716/903 ❌ HTTP 404 — https://raw.githubusercontent.com/rxsweet/proxies/main/sub/sources/miningAll.yaml
2026-06-02 02:37:05,752 | INFO     |   → 717/903 ❌ HTTP 404 — https://raw.githubusercontent.com/rxsweet/proxies/main/sub/srx.yaml
2026-06-02 02:37:05,752 | INFO     |   → 718/903: ✅ 410 взято | 🗑️ 2284 мусор
2026-06-02 02:37:05,752 | INFO     |   → 719/903 ❌ HTTP 404 — https://raw.githubusercontent.com/sajad-sajadi/V2ray-Collector/raw/main/output/protocols/vmess.txt
2026-06-02 02:37:05,752 | INFO     |   → 720/903: ✅ 2101 взято | 🗑️ 2681 мусор
2026-06-02 02:37:05,752 | INFO     |   → 721/903 ❌ HTTP 404 — https://raw.githubusercontent.com/sakha1370/OpenRay/raw/refs/heads/main/output/all_valid_proxies.txt
2026-06-02 02:37:05,752 | INFO     |   → 722/903: ✅ 2 взято | 🗑️ 399 мусор
2026-06-02 02:37:05,752 | INFO     |   → 723/903: ✅ 0 взято | 🗑️ 399 мусор
2026-06-02 02:37:05,752 | INFO     |   → 724/903 ❌ HTTP 404 — https://raw.githubusercontent.com/samjoeyang/subscribe/main/fly
2026-06-02 02:37:05,752 | INFO     |   → 725/903: ✅ 0 взято | 🗑️ 0 мусор
2026-06-02 02:37:05,753 | INFO     |   → 726/903 ❌ HTTP 404 — https://raw.githubusercontent.com/satrom/V2SSR/master/SSR/Sub.txt
2026-06-02 02:37:05,753 | INFO     |   → 727/903 ❌ HTTP 404 — https://raw.githubusercontent.com/satrom/V2SSR/master/V2RAY/Sub.txt
2026-06-02 02:37:05,753 | INFO     |   → 728/903: ✅ 4630 взято | 🗑️ 97817 мусор
2026-06-02 02:37:05,753 | INFO     |   → 729/903: ✅ 0 взято | 🗑️ 0 мусор
2026-06-02 02:37:05,753 | INFO     |   → 730/903: ✅ 0 взято | 🗑️ 0 мусор
2026-06-02 02:37:05,753 | INFO     |   → 731/903: ✅ 3 взято | 🗑️ 49 мусор
2026-06-02 02:37:05,753 | INFO     |   → 732/903: ✅ 0 взято | 🗑️ 1548 мусор
2026-06-02 02:37:05,753 | INFO     |   → 733/903: ✅ 0 взято | 🗑️ 783 мусор
2026-06-02 02:37:05,753 | INFO     |   → 734/903: ✅ 0 взято | 🗑️ 81 мусор
2026-06-02 02:37:05,753 | INFO     |   → 735/903: ✅ 0 взято | 🗑️ 659 мусор
2026-06-02 02:37:05,753 | INFO     |   → 736/903: ✅ 0 взято | 🗑️ 25 мусор
2026-06-02 02:37:05,753 | INFO     |   → 737/903: ✅ 0 взято | 🗑️ 1548 мусор
2026-06-02 02:37:05,753 | INFO     |   → 738/903: ✅ 0 взято | 🗑️ 0 мусор
2026-06-02 02:37:05,753 | INFO     |   → 739/903: ✅ 0 взято | 🗑️ 0 мусор
2026-06-02 02:37:05,753 | INFO     |   → 740/903 ❌ HTTP 404 — https://raw.githubusercontent.com/shirkerboy/scp/main/sub
2026-06-02 02:37:05,753 | INFO     |   → 741/903 ❌ HTTP 404 — https://raw.githubusercontent.com/skywrt/v2ray-Collector/master/v2ray
2026-06-02 02:37:05,753 | INFO     |   → 742/903 ❌ HTTP 404 — https://raw.githubusercontent.com/snakem982/proxypool/main/nodelist.txt
2026-06-02 02:37:05,753 | INFO     |   → 743/903: ✅ 0 взято | 🗑️ 0 мусор
2026-06-02 02:37:05,754 | INFO     |   → 744/903: ✅ 0 взято | 🗑️ 2 мусор
2026-06-02 02:37:05,754 | INFO     |   → 745/903 ❌ HTTP 404 — https://raw.githubusercontent.com/snakem982/proxypool/main/source/v2ray.txt
2026-06-02 02:37:05,754 | INFO     |   → 746/903 ❌ HTTP 404 — https://raw.githubusercontent.com/soroushmirzaei/telegram-configs-collector/main/channels/protocols/hysteria
2026-06-02 02:37:05,754 | INFO     |   → 747/903 ❌ HTTP 404 — https://raw.githubusercontent.com/soroushmirzaei/telegram-configs-collector/main/channels/protocols/juicity
2026-06-02 02:37:05,754 | INFO     |   → 748/903 ❌ HTTP 404 — https://raw.githubusercontent.com/soroushmirzaei/telegram-configs-collector/main/channels/protocols/reality
2026-06-02 02:37:05,754 | INFO     |   → 749/903 ❌ HTTP 404 — https://raw.githubusercontent.com/soroushmirzaei/telegram-configs-collector/main/channels/protocols/shadowsocks
2026-06-02 02:37:05,754 | INFO     |   → 750/903 ❌ HTTP 404 — https://raw.githubusercontent.com/soroushmirzaei/telegram-configs-collector/main/channels/protocols/trojan
2026-06-02 02:37:05,754 | INFO     |   → 751/903 ❌ HTTP 404 — https://raw.githubusercontent.com/soroushmirzaei/telegram-configs-collector/main/channels/protocols/tuic
2026-06-02 02:37:05,754 | INFO     |   → 752/903 ❌ HTTP 404 — https://raw.githubusercontent.com/soroushmirzaei/telegram-configs-collector/main/channels/protocols/vless
2026-06-02 02:37:05,754 | INFO     |   → 753/903 ❌ HTTP 404 — https://raw.githubusercontent.com/soroushmirzaei/telegram-configs-collector/main/channels/protocols/vmess
2026-06-02 02:37:05,754 | INFO     |   → 754/903 ❌ HTTP 404 — https://raw.githubusercontent.com/soroushmirzaei/telegram-configs-collector/main/countries/jp/mixed
2026-06-02 02:37:05,754 | INFO     |   → 755/903 ❌ HTTP 404 — https://raw.githubusercontent.com/soroushmirzaei/telegram-configs-collector/main/protocols/hysteria
2026-06-02 02:37:05,754 | INFO     |   → 756/903 ❌ HTTP 404 — https://raw.githubusercontent.com/soroushmirzaei/telegram-configs-collector/main/protocols/juicity
2026-06-02 02:37:05,754 | INFO     |   → 757/903 ❌ HTTP 404 — https://raw.githubusercontent.com/soroushmirzaei/telegram-configs-collector/main/protocols/reality
2026-06-02 02:37:05,754 | INFO     |   → 758/903 ❌ HTTP 404 — https://raw.githubusercontent.com/soroushmirzaei/telegram-configs-collector/main/protocols/shadowsocks
2026-06-02 02:37:05,754 | INFO     |   → 759/903 ❌ HTTP 404 — https://raw.githubusercontent.com/soroushmirzaei/telegram-configs-collector/main/protocols/trojan
2026-06-02 02:37:05,754 | INFO     |   → 760/903 ❌ HTTP 404 — https://raw.githubusercontent.com/soroushmirzaei/telegram-configs-collector/main/protocols/tuic
2026-06-02 02:37:05,754 | INFO     |   → 761/903 ❌ HTTP 404 — https://raw.githubusercontent.com/soroushmirzaei/telegram-configs-collector/main/protocols/vless
2026-06-02 02:37:05,754 | INFO     |   → 762/903 ❌ HTTP 404 — https://raw.githubusercontent.com/soroushmirzaei/telegram-configs-collector/main/protocols/vmess
2026-06-02 02:37:05,755 | INFO     |   → 763/903 ❌ HTTP 404 — https://raw.githubusercontent.com/soroushmirzaei/telegram-configs-collector/main/splitted/subscribe
2026-06-02 02:37:05,755 | INFO     |   → 764/903 ❌ HTTP 404 — https://raw.githubusercontent.com/ssrsub/ssr/master/Clash.yml
2026-06-02 02:37:05,755 | INFO     |   → 765/903 ❌ HTTP 404 — https://raw.githubusercontent.com/ssrsub/ssr/master/V2Ray
2026-06-02 02:37:05,755 | INFO     |   → 766/903 ❌ HTTP 404 — https://raw.githubusercontent.com/ssrsub/ssr/master/ss-sub
2026-06-02 02:37:05,755 | INFO     |   → 767/903 ❌ HTTP 404 — https://raw.githubusercontent.com/ssrsub/ssr/master/ssrsub
2026-06-02 02:37:05,755 | INFO     |   → 768/903 ❌ HTTP 404 — https://raw.githubusercontent.com/ssrsub/ssr/master/trojan
2026-06-02 02:37:05,755 | INFO     |   → 769/903 ❌ HTTP 404 — https://raw.githubusercontent.com/ssrsub/ssr/master/vless.txt
2026-06-02 02:37:05,755 | INFO     |   → 770/903: ✅ 0 взято | 🗑️ 0 мусор
2026-06-02 02:37:05,755 | INFO     |   → 771/903: ✅ 2 взято | 🗑️ 12 мусор
2026-06-02 02:37:05,755 | INFO     |   → 772/903: ✅ 0 взято | 🗑️ 13 мусор
2026-06-02 02:37:05,755 | INFO     |   → 773/903: ✅ 0 взято | 🗑️ 13 мусор
2026-06-02 02:37:05,755 | INFO     |   → 774/903 ❌ HTTP 404 — https://raw.githubusercontent.com/tbbatbb/Proxy/master/dist/clash.config.yaml
2026-06-02 02:37:05,755 | INFO     |   → 775/903: ✅ 63 взято | 🗑️ 237 мусор
2026-06-02 02:37:05,755 | INFO     |   → 776/903: ✅ 49 взято | 🗑️ 251 мусор
2026-06-02 02:37:05,755 | INFO     |   → 777/903: ✅ 20 взято | 🗑️ 101 мусор
2026-06-02 02:37:05,755 | INFO     |   → 778/903: ✅ 26 взято | 🗑️ 274 мусор
2026-06-02 02:37:05,755 | INFO     |   → 779/903: ✅ 48 взято | 🗑️ 252 мусор
2026-06-02 02:37:05,755 | INFO     |   → 780/903: ✅ 32 взято | 🗑️ 268 мусор
2026-06-02 02:37:05,755 | INFO     |   → 781/903: ✅ 99 взято | 🗑️ 201 мусор
2026-06-02 02:37:05,756 | INFO     |   → 782/903: ✅ 250 взято | 🗑️ 50 мусор
2026-06-02 02:37:05,756 | INFO     |   → 783/903 ❌ HTTP 404 — https://raw.githubusercontent.com/thuhollow2/myconfig/main/config.yaml
2026-06-02 02:37:05,756 | INFO     |   → 784/903: ✅ 2 взято | 🗑️ 35 мусор
2026-06-02 02:37:05,756 | INFO     |   → 785/903: ✅ 0 взято | 🗑️ 0 мусор
2026-06-02 02:37:05,756 | INFO     |   → 786/903: ✅ 5 взято | 🗑️ 111 мусор
2026-06-02 02:37:05,756 | INFO     |   → 787/903: ✅ 0 взято | 🗑️ 0 мусор
2026-06-02 02:37:05,756 | INFO     |   → 788/903: ✅ 0 взято | 🗑️ 58 мусор
2026-06-02 02:37:05,756 | INFO     |   → 789/903 ❌ HTTP 404 — https://raw.githubusercontent.com/v2clash/Autoproxy/a81f840ab2364124133572ec94e4b81fb0d4e58d/sub/2401/240104.txt
2026-06-02 02:37:05,756 | INFO     |   → 790/903 ❌ HTTP 404 — https://raw.githubusercontent.com/v2clash/V2ray-Configs/31f493c584d0c7b56350f4a34d80c53ad82bcc18/Sub9.txt
2026-06-02 02:37:05,756 | INFO     |   → 791/903: ✅ 36 взято | 🗑️ 303 мусор
2026-06-02 02:37:05,756 | INFO     |   → 792/903: ✅ 0 взято | 🗑️ 0 мусор
2026-06-02 02:37:05,756 | INFO     |   → 793/903: ✅ 0 взято | 🗑️ 0 мусор
2026-06-02 02:37:05,756 | INFO     |   → 794/903: ✅ 0 взято | 🗑️ 0 мусор
2026-06-02 02:37:05,756 | INFO     |   → 795/903: ✅ 283 взято | 🗑️ 9640 мусор
2026-06-02 02:37:05,756 | INFO     |   → 796/903: ✅ 281 взято | 🗑️ 10086 мусор
2026-06-02 02:37:05,756 | INFO     |   → 797/903: ✅ 280 взято | 🗑️ 9675 мусор
2026-06-02 02:37:05,756 | INFO     |   → 798/903: ✅ 334 взято | 🗑️ 9823 мусор
2026-06-02 02:37:05,756 | INFO     |   → 799/903: ✅ 350 взято | 🗑️ 9639 мусор
2026-06-02 02:37:05,756 | INFO     |   → 800/903: ✅ 125 взято | 🗑️ 7919 мусор
2026-06-02 02:37:05,757 | INFO     |   → 801/903: ✅ 135 взято | 🗑️ 4836 мусор
2026-06-02 02:37:05,757 | INFO     |   → 802/903: ✅ 502 взято | 🗑️ 7659 мусор
2026-06-02 02:37:05,757 | INFO     |   → 803/903: ✅ 631 взято | 🗑️ 8081 мусор
2026-06-02 02:37:05,757 | INFO     |   → 804/903: ✅ 202 взято | 🗑️ 5131 мусор
2026-06-02 02:37:05,757 | INFO     |   → 805/903 ❌ HTTP 404 — https://raw.githubusercontent.com/vsevjik/OBSpiskov/main/wwh
2026-06-02 02:37:05,757 | INFO     |   → 806/903 ❌ HTTP 404 — https://raw.githubusercontent.com/vsevjik/OBSpiskov/main/wwhjk
2026-06-02 02:37:05,757 | INFO     |   → 807/903 ❌ HTTP 404 — https://raw.githubusercontent.com/vsevjik/OBSpiskov/main/wwhljjjkk
2026-06-02 02:37:05,757 | INFO     |   → 808/903 ❌ HTTP 404 — https://raw.githubusercontent.com/vveg26/chromego_merge/main/sub/merged_proxies.yaml
2026-06-02 02:37:05,757 | INFO     |   → 809/903 ❌ HTTP 404 — https://raw.githubusercontent.com/vveg26/get_proxy/main/dist/clash.config.yaml
2026-06-02 02:37:05,757 | INFO     |   → 810/903: ✅ 0 взято | 🗑️ 0 мусор
2026-06-02 02:37:05,757 | INFO     |   → 811/903: ✅ 0 взято | 🗑️ 10 мусор
2026-06-02 02:37:05,757 | INFO     |   → 812/903: ✅ 0 взято | 🗑️ 10 мусор
2026-06-02 02:37:05,757 | INFO     |   → 813/903: ✅ 0 взято | 🗑️ 4 мусор
2026-06-02 02:37:05,757 | INFO     |   → 814/903: ✅ 0 взято | 🗑️ 0 мусор
2026-06-02 02:37:05,757 | INFO     |   → 815/903: ✅ 0 взято | 🗑️ 4 мусор
2026-06-02 02:37:05,757 | INFO     |   → 816/903: ✅ 106 взято | 🗑️ 689 мусор
2026-06-02 02:37:05,757 | INFO     |   → 817/903: ✅ 48 взято | 🗑️ 841 мусор
2026-06-02 02:37:05,757 | INFO     |   → 818/903: ✅ 21 взято | 🗑️ 789 мусор
2026-06-02 02:37:05,758 | INFO     |   → 819/903: ✅ 24 взято | 🗑️ 774 мусор
2026-06-02 02:37:05,758 | INFO     |   → 820/903: ✅ 52 взято | 🗑️ 756 мусор
2026-06-02 02:37:05,758 | INFO     |   → 821/903: ✅ 191 взято | 🗑️ 745 мусор
2026-06-02 02:37:05,758 | INFO     |   → 822/903: ✅ 9 взято | 🗑️ 651 мусор
2026-06-02 02:37:05,758 | INFO     |   → 823/903: ✅ 185 взято | 🗑️ 388 мусор
2026-06-02 02:37:05,758 | INFO     |   → 824/903: ✅ 130 взято | 🗑️ 523 мусор
2026-06-02 02:37:05,758 | INFO     |   → 825/903: ✅ 67 взято | 🗑️ 533 мусор
2026-06-02 02:37:05,758 | INFO     |   → 826/903: ✅ 98 взято | 🗑️ 444 мусор
2026-06-02 02:37:05,758 | INFO     |   → 827/903: ✅ 102 взято | 🗑️ 670 мусор
2026-06-02 02:37:05,758 | INFO     |   → 828/903: ✅ 86 взято | 🗑️ 476 мусор
2026-06-02 02:37:05,758 | INFO     |   → 829/903: ✅ 95 взято | 🗑️ 657 мусор
2026-06-02 02:37:05,758 | INFO     |   → 830/903: ✅ 105 взято | 🗑️ 645 мусор
2026-06-02 02:37:05,758 | INFO     |   → 831/903: ✅ 115 взято | 🗑️ 985 мусор
2026-06-02 02:37:05,758 | INFO     |   → 832/903: ✅ 3 взято | 🗑️ 63 мусор
2026-06-02 02:37:05,758 | INFO     |   → 833/903: ✅ 3 взято | 🗑️ 62 мусор
2026-06-02 02:37:05,758 | INFO     |   → 834/903: ✅ 13 взято | 🗑️ 489 мусор
2026-06-02 02:37:05,758 | INFO     |   → 835/903: ✅ 0 взято | 🗑️ 0 мусор
2026-06-02 02:37:05,758 | INFO     |   → 836/903: ✅ 0 взято | 🗑️ 0 мусор
2026-06-02 02:37:05,758 | INFO     |   → 837/903: ✅ 0 взято | 🗑️ 0 мусор
2026-06-02 02:37:05,759 | INFO     |   → 838/903: ✅ 0 взято | 🗑️ 0 мусор
2026-06-02 02:37:05,759 | INFO     |   → 839/903: ✅ 0 взято | 🗑️ 0 мусор
2026-06-02 02:37:05,759 | INFO     |   → 840/903: ✅ 0 взято | 🗑️ 0 мусор
2026-06-02 02:37:05,759 | INFO     |   → 841/903: ✅ 0 взято | 🗑️ 52 мусор
2026-06-02 02:37:05,759 | INFO     |   → 842/903: ✅ 5 взято | 🗑️ 10 мусор
2026-06-02 02:37:05,759 | INFO     |   → 843/903: ✅ 1 взято | 🗑️ 124 мусор
2026-06-02 02:37:05,759 | INFO     |   → 844/903: ✅ 175 взято | 🗑️ 141 мусор
2026-06-02 02:37:05,759 | INFO     |   → 845/903: ✅ 0 взято | 🗑️ 9 мусор
2026-06-02 02:37:05,759 | INFO     |   → 846/903: ✅ 5 взято | 🗑️ 2081 мусор
2026-06-02 02:37:05,759 | INFO     |   → 847/903: ✅ 0 взято | 🗑️ 2058 мусор
2026-06-02 02:37:05,759 | INFO     |   → 848/903: ✅ 0 взято | 🗑️ 16 мусор
2026-06-02 02:37:05,759 | INFO     |   → 849/903: ✅ 0 взято | 🗑️ 0 мусор
2026-06-02 02:37:05,759 | INFO     |   → 850/903: ✅ 0 взято | 🗑️ 2081 мусор
2026-06-02 02:37:05,759 | INFO     |   → 851/903 ❌ HTTP 404 — https://raw.githubusercontent.com/xiaozhu2007/xiaozhu2007/61a755a044dbaeea678bc2d1e20f21a21c6d7170/docs/fxxk.txt
2026-06-02 02:37:05,759 | INFO     |   → 852/903: ✅ 0 взято | 🗑️ 159 мусор
2026-06-02 02:37:05,759 | INFO     |   → 853/903: ✅ 0 взято | 🗑️ 22 мусор
2026-06-02 02:37:05,759 | INFO     |   → 854/903: ✅ 0 взято | 🗑️ 0 мусор
2026-06-02 02:37:05,759 | INFO     |   → 855/903 ❌ HTTP 404 — https://raw.githubusercontent.com/yebekhe/TVC/0f745f92bf381e505f1245abbc7c145b19b11503/config.txt
2026-06-02 02:37:05,759 | INFO     |   → 856/903 ❌ HTTP 404 — https://raw.githubusercontent.com/yebekhe/TVC/9fac69239c69327fb7a61f5a8d79d107133889e1/lite/config.txt
2026-06-02 02:37:05,760 | INFO     |   → 857/903 ❌ HTTP 404 — https://raw.githubusercontent.com/yebekhe/TelegramV2rayCollector/main/sub/normal/donated
2026-06-02 02:37:05,760 | INFO     |   → 858/903 ❌ HTTP 404 — https://raw.githubusercontent.com/yebekhe/TelegramV2rayCollector/main/sub/normal/hysteria2
2026-06-02 02:37:05,760 | INFO     |   → 859/903 ❌ HTTP 404 — https://raw.githubusercontent.com/yebekhe/TelegramV2rayCollector/main/sub/normal/mix
2026-06-02 02:37:05,760 | INFO     |   → 860/903 ❌ HTTP 404 — https://raw.githubusercontent.com/yebekhe/TelegramV2rayCollector/main/sub/normal/reality
2026-06-02 02:37:05,760 | INFO     |   → 861/903 ❌ HTTP 404 — https://raw.githubusercontent.com/yebekhe/TelegramV2rayCollector/main/sub/normal/shadowsocks
2026-06-02 02:37:05,760 | INFO     |   → 862/903 ❌ HTTP 404 — https://raw.githubusercontent.com/yebekhe/TelegramV2rayCollector/main/sub/normal/trojan
2026-06-02 02:37:05,760 | INFO     |   → 863/903 ❌ HTTP 404 — https://raw.githubusercontent.com/yebekhe/TelegramV2rayCollector/main/sub/normal/tuic
2026-06-02 02:37:05,760 | INFO     |   → 864/903 ❌ HTTP 404 — https://raw.githubusercontent.com/yebekhe/TelegramV2rayCollector/main/sub/normal/vless
2026-06-02 02:37:05,760 | INFO     |   → 865/903 ❌ HTTP 404 — https://raw.githubusercontent.com/yebekhe/TelegramV2rayCollector/main/sub/normal/vmess
2026-06-02 02:37:05,760 | INFO     |   → 866/903 ❌ HTTP 404 — https://raw.githubusercontent.com/yebekhe/V2Hub/main/Split/Normal/shadowsocks
2026-06-02 02:37:05,760 | INFO     |   → 867/903 ❌ HTTP 404 — https://raw.githubusercontent.com/yebekhe/V2Hub/main/merged
2026-06-02 02:37:05,760 | INFO     |   → 868/903: ✅ 0 взято | 🗑️ 30 мусор
2026-06-02 02:37:05,760 | INFO     |   → 869/903: ✅ 931 взято | 🗑️ 8177 мусор
2026-06-02 02:37:05,760 | INFO     |   → 870/903: ✅ 0 взято | 🗑️ 8177 мусор
2026-06-02 02:37:05,760 | INFO     |   → 871/903: ✅ 6 взято | 🗑️ 366 мусор
2026-06-02 02:37:05,760 | INFO     |   → 872/903: ✅ 12 взято | 🗑️ 340 мусор
2026-06-02 02:37:05,760 | INFO     |   → 873/903: ✅ 250 взято | 🗑️ 317 мусор
2026-06-02 02:37:05,760 | INFO     |   → 874/903: ✅ 0 взято | 🗑️ 1470 мусор
2026-06-02 02:37:05,760 | INFO     |   → 875/903: ✅ 1 взято | 🗑️ 394 мусор
2026-06-02 02:37:05,761 | INFO     |   → 876/903 ❌ HTTP 404 — https://raw.githubusercontent.com/yyyr-otz/tele-providers-collector/019cb3e07ee52fddbc7caa54fc670c6b9bae6539/sub/proxies.txt
2026-06-02 02:37:05,761 | INFO     |   → 877/903 ❌ HTTP 404 — https://raw.githubusercontent.com/yyyr-otz/tele-providers-collector/b7a74ee98bcf02c5a507d688a1bed3aa9f7f4ed1/script/raw/protocols/mixed.txt
2026-06-02 02:37:05,761 | INFO     |   → 878/903: ✅ 0 взято | 🗑️ 0 мусор
2026-06-02 02:37:05,761 | INFO     |   → 879/903: ✅ 0 взято | 🗑️ 0 мусор
2026-06-02 02:37:05,761 | INFO     |   → 880/903: ✅ 0 взято | 🗑️ 18 мусор
2026-06-02 02:37:05,761 | INFO     |   → 881/903: ✅ 390 взято | 🗑️ 39 мусор
2026-06-02 02:37:05,761 | INFO     |   → 882/903: ✅ 0 взято | 🗑️ 23 мусор
2026-06-02 02:37:05,761 | INFO     |   → 883/903: ✅ 0 взято | 🗑️ 5 мусор
2026-06-02 02:37:05,761 | INFO     |   → 884/903: ✅ 0 взято | 🗑️ 0 мусор
2026-06-02 02:37:05,761 | INFO     |   → 885/903 ⚠️ Ошибка: ('Connection aborted.', RemoteDisconnected('Remote end closed connection without response')) — https://sub.pmsub.me/clash.yaml
2026-06-02 02:37:05,761 | INFO     |   → 886/903: ✅ 0 взято | 🗑️ 0 мусор
2026-06-02 02:37:05,761 | INFO     |   → 887/903: ✅ 0 взято | 🗑️ 0 мусор
2026-06-02 02:37:05,761 | INFO     |   → 888/903: ✅ 0 взято | 🗑️ 0 мусор
2026-06-02 02:37:05,761 | INFO     |   → 889/903: ✅ 0 взято | 🗑️ 0 мусор
2026-06-02 02:37:05,761 | INFO     |   → 890/903: ✅ 0 взято | 🗑️ 0 мусор
2026-06-02 02:37:05,761 | INFO     |   → 891/903: ✅ 0 взято | 🗑️ 0 мусор
2026-06-02 02:37:05,761 | INFO     |   → 892/903: ✅ 0 взято | 🗑️ 0 мусор
2026-06-02 02:37:05,761 | INFO     |   → 893/903: ✅ 0 взято | 🗑️ 1 мусор
2026-06-02 02:37:05,761 | INFO     |   → 894/903: ✅ 7 взято | 🗑️ 12 мусор
2026-06-02 02:37:05,761 | INFO     |   → 895/903: ✅ 0 взято | 🗑️ 0 мусор
2026-06-02 02:37:05,761 | INFO     |   → 896/903: ✅ 0 взято | 🗑️ 7 мусор
2026-06-02 02:37:05,761 | INFO     |   → 897/903: ✅ 0 взято | 🗑️ 0 мусор
2026-06-02 02:37:05,761 | INFO     |   → 898/903: ✅ 5 взято | 🗑️ 8 мусор
2026-06-02 02:37:05,761 | INFO     |   → 899/903: ✅ 0 взято | 🗑️ 0 мусор
2026-06-02 02:37:05,761 | INFO     |   → 900/903: ✅ 9 взято | 🗑️ 12 мусор
2026-06-02 02:37:05,761 | INFO     |   → 901/903: ✅ 0 взято | 🗑️ 0 мусор
2026-06-02 02:37:05,761 | INFO     |   → 902/903 ⚠️ Ошибка: HTTPSConnectionPool(host='v2rayshare.githubrowcontent.com', port=443): Max retries exceeded with url: /%7BYYYY%7D/%7BMM%7D/%7BYYYY%7D%7BMM%7D%7BDD%7D.txt (Caused by NameResolutionError("HTTPSConnection(host='v2rayshare.githubrowcontent.com', port=443): Failed to resolve 'v2rayshare.githubrowcontent.com' ([Errno -2] Name or service not known)")) — https://v2rayshare.githubrowcontent.com/{YYYY}/{MM}/{YYYY}{MM}{DD}.txt
2026-06-02 02:37:05,761 | INFO     |   → 903/903: ✅ 0 взято | 🗑️ 24 мусор
2026-06-02 02:37:05,761 | INFO     |   → 📡 С sstap.org получено 0 ключей
2026-06-02 02:37:05,761 | INFO     |   → 📡 С sstap.org не добавлено ни одного ключа (все 0 отклонены фильтром)
2026-06-02 02:37:05,761 | INFO     |   → ✅ ГОТОВО!
2026-06-02 02:37:05,761 | INFO     |   →    📥 Всего ключей после фильтра: 66979
2026-06-02 02:37:05,761 | INFO     |   →    🔗 Уникальных IP:PORT:SCHEME: 23838
2026-06-02 02:37:05,761 | INFO     |   →    🗑️ Выброшено мусора: 1074224
2026-06-02 02:37:05,761 | INFO     |   → 📊 По протоколам:
2026-06-02 02:37:05,761 | INFO     |   →    vless: 10084
2026-06-02 02:37:05,761 | INFO     |   →    vmess: 4337
2026-06-02 02:37:05,761 | INFO     |   →    trojan: 3939
2026-06-02 02:37:05,761 | INFO     |   →    ss: 5282
2026-06-02 02:37:05,761 | INFO     |   →    hysteria: 18
2026-06-02 02:37:05,762 | INFO     |   →    hysteria2: 63
2026-06-02 02:37:05,762 | INFO     |   →    hy2: 62
2026-06-02 02:37:05,762 | INFO     |   →    tuic: 53
2026-06-02 02:37:05,762 | INFO     | ✅ mirror.py завершён успешно
2026-06-02 02:37:05,762 | INFO     | 
2026-06-02 02:37:05,762 | INFO     | 
2026-06-02 02:37:05,762 | INFO     | ──────────────────────────────────────────────────────────────────────
2026-06-02 02:37:05,762 | INFO     | 📌 ЭТАП: Генерация 50 уникальных CF-VLESS
2026-06-02 02:37:05,762 | INFO     | ──────────────────────────────────────────────────────────────────────
2026-06-02 02:37:05,762 | INFO     | 🚀 Запуск generate_cf_vless.py (50 новых CF-VLESS)...
2026-06-02 02:37:05,981 | INFO     |   → === Генератор свежих VLESS-конфигов на IP Cloudflare ===
2026-06-02 02:37:05,981 | INFO     |   → ✅ Сгенерировано и сохранено 50 VLESS-конфигов.
2026-06-02 02:37:05,981 | INFO     |   → 📂 Файл: /home/runner/work/vpn-vless-configs-russia/vpn-vless-configs-russia/data/githubmirror/new/cf_fresh.txt
2026-06-02 02:37:05,981 | INFO     | ✅ generate_cf_vless.py завершён успешно
2026-06-02 02:37:05,981 | INFO     | 
2026-06-02 02:37:05,981 | INFO     | 
2026-06-02 02:37:05,981 | INFO     | ──────────────────────────────────────────────────────────────────────
2026-06-02 02:37:05,981 | INFO     | 📌 ЭТАП: Слияние CF с основным списком
2026-06-02 02:37:05,982 | INFO     | ──────────────────────────────────────────────────────────────────────
2026-06-02 02:37:06,104 | INFO     | 🔄 Добавлено 49 новых CF-VLESS в /home/runner/work/vpn-vless-configs-russia/vpn-vless-configs-russia/data/githubmirror/clean/vless.txt
2026-06-02 02:37:06,104 | INFO     | 📊 Всего в clean/vless.txt теперь: 10133
2026-06-02 02:37:06,106 | INFO     | 
2026-06-02 02:37:06,106 | INFO     | 
2026-06-02 02:37:06,106 | INFO     | ──────────────────────────────────────────────────────────────────────
2026-06-02 02:37:06,106 | INFO     | 📌 ЭТАП: Фильтрация по реальному SNI
2026-06-02 02:37:06,106 | INFO     | ──────────────────────────────────────────────────────────────────────
2026-06-02 02:37:06,106 | INFO     | 🚀 Запуск filter_ru_sni.py (Фильтр по реальному SNI (CDN+RU))...
2026-06-02 02:37:06,697 | INFO     |   → hy2.txt: 62 → 19 (SNI-filtered)
2026-06-02 02:37:06,698 | INFO     |   →   hysteria.txt: 18 → 0 (SNI-filtered)
2026-06-02 02:37:06,698 | INFO     |   →   hysteria2.txt: 63 → 4 (SNI-filtered)
2026-06-02 02:37:06,698 | INFO     |   →   ss.txt: 5282 → 364 (SNI-filtered)
2026-06-02 02:37:06,698 | INFO     |   →   trojan.txt: 3939 → 16 (SNI-filtered)
2026-06-02 02:37:06,698 | INFO     |   →   tuic.txt: 53 → 0 (SNI-filtered)
2026-06-02 02:37:06,698 | INFO     |   →   vless.txt: 10133 → 1789 (SNI-filtered)
2026-06-02 02:37:06,698 | INFO     |   →   vmess.txt: 4337 → 52 (SNI-filtered)
2026-06-02 02:37:06,698 | INFO     |   → ==================================================
2026-06-02 02:37:06,698 | INFO     |   →   Всего входных:  23887
2026-06-02 02:37:06,698 | INFO     |   →   Прошли фильтр:  2244
2026-06-02 02:37:06,698 | INFO     |   →   Отброшено:      21643
2026-06-02 02:37:06,698 | INFO     |   → ==================================================
2026-06-02 02:37:06,698 | INFO     |   → Готово → /home/runner/work/vpn-vless-configs-russia/vpn-vless-configs-russia/data/githubmirror/ru-sni
2026-06-02 02:37:06,698 | INFO     | ✅ filter_ru_sni.py завершён успешно
2026-06-02 02:37:06,698 | INFO     | 
2026-06-02 02:37:06,698 | INFO     | 
2026-06-02 02:37:06,698 | INFO     | ──────────────────────────────────────────────────────────────────────
2026-06-02 02:37:06,699 | INFO     | 📌 ЭТАП: Экспериментальный RU-SNI фильтр
2026-06-02 02:37:06,699 | INFO     | ──────────────────────────────────────────────────────────────────────
2026-06-02 02:37:06,699 | INFO     | 🚀 Запуск filter_ru_sni_local.py (Экспериментальный фильтр по RU-SNI)...
2026-06-02 02:37:07,082 | INFO     |   → hy2.txt: 62 → 0 (RU-SNI)
2026-06-02 02:37:07,082 | INFO     |   → hysteria.txt: 18 → 0 (RU-SNI)
2026-06-02 02:37:07,082 | INFO     |   → hysteria2.txt: 63 → 0 (RU-SNI)
2026-06-02 02:37:07,082 | INFO     |   → ss.txt: 5282 → 84 (RU-SNI)
2026-06-02 02:37:07,082 | INFO     |   → trojan.txt: 3939 → 0 (RU-SNI)
2026-06-02 02:37:07,083 | INFO     |   → tuic.txt: 53 → 0 (RU-SNI)
2026-06-02 02:37:07,083 | INFO     |   → vless.txt: 10133 → 780 (RU-SNI)
2026-06-02 02:37:07,083 | INFO     |   → vmess.txt: 4337 → 0 (RU-SNI)
2026-06-02 02:37:07,083 | INFO     |   → ==================================================
2026-06-02 02:37:07,083 | INFO     |   → Всего входных:  23887
2026-06-02 02:37:07,083 | INFO     |   → Прошли RU-SNI:  864
2026-06-02 02:37:07,083 | INFO     |   → Отброшено:      23023
2026-06-02 02:37:07,083 | INFO     |   → ==================================================
2026-06-02 02:37:07,083 | INFO     |   → Готово → /home/runner/work/vpn-vless-configs-russia/vpn-vless-configs-russia/data/githubmirror/ru-sni-local
2026-06-02 02:37:07,083 | INFO     | ✅ filter_ru_sni_local.py завершён успешно
2026-06-02 02:37:07,083 | INFO     | 
2026-06-02 02:37:07,083 | INFO     | 
2026-06-02 02:37:07,083 | INFO     | ──────────────────────────────────────────────────────────────────────
2026-06-02 02:37:07,083 | INFO     | 📌 ЭТАП: Сбор статистики
2026-06-02 02:37:07,083 | INFO     | ──────────────────────────────────────────────────────────────────────
2026-06-02 02:37:07,083 | INFO     | 📊 Сбор статистики...
2026-06-02 02:37:07,083 | INFO     |   📁 githubmirror/clean:
2026-06-02 02:37:07,084 | INFO     |     • hy2         :    62 конфигов
2026-06-02 02:37:07,084 | INFO     |     • hysteria    :    18 конфигов
2026-06-02 02:37:07,084 | INFO     |     • hysteria2   :    63 конфигов
2026-06-02 02:37:07,088 | INFO     |     • ss          :  5282 конфигов
2026-06-02 02:37:07,090 | INFO     |     • trojan      :  3939 конфигов
2026-06-02 02:37:07,090 | INFO     |     • tuic        :    53 конфигов
2026-06-02 02:37:07,099 | INFO     |     • vless       : 10133 конфигов
2026-06-02 02:37:07,102 | INFO     |     • vmess       :  4337 конфигов
2026-06-02 02:37:07,102 | INFO     |   📁 githubmirror/ru-sni:
2026-06-02 02:37:07,103 | INFO     |     • hy2         :    19 конфигов ( 30.6% от clean)
2026-06-02 02:37:07,103 | INFO     |     • hysteria    :     0 конфигов (  0.0% от clean)
2026-06-02 02:37:07,103 | INFO     |     • hysteria2   :     4 конфигов (  6.3% от clean)
2026-06-02 02:37:07,103 | INFO     |     • ss          :   364 конфигов (  6.9% от clean)
2026-06-02 02:37:07,104 | INFO     |     • trojan      :    16 конфигов (  0.4% от clean)
2026-06-02 02:37:07,104 | INFO     |     • tuic        :     0 конфигов (  0.0% от clean)
2026-06-02 02:37:07,106 | INFO     |     • vless       :  1789 конфигов ( 17.7% от clean)
2026-06-02 02:37:07,106 | INFO     |     • vmess       :    52 конфигов (  1.2% от clean)
2026-06-02 02:37:07,106 | INFO     |   ✨ Новых CF-VLESS в этом запуске: 50
2026-06-02 02:37:07,106 | INFO     | 
2026-06-02 02:37:07,106 | INFO     |   ──────────────────────────────────────────────────
2026-06-02 02:37:07,106 | INFO     |   📈 ИТОГО:
2026-06-02 02:37:07,106 | INFO     |     Clean (после geo-фильтра):    23887
2026-06-02 02:37:07,106 | INFO     |     RU-SNI (после SNI-фильтра):    2244
2026-06-02 02:37:07,106 | INFO     |     Прошло фильтр:                  9.4%
2026-06-02 02:37:07,106 | INFO     |   ──────────────────────────────────────────────────
2026-06-02 02:37:07,107 | INFO     | ✅ Статистика сохранена: /home/runner/work/vpn-vless-configs-russia/vpn-vless-configs-russia/data/stats.json
2026-06-02 02:37:07,107 | INFO     | 
2026-06-02 02:37:07,107 | INFO     | ======================================================================
2026-06-02 02:37:07,107 | INFO     | 📊 ИТОГОВЫЙ ОТЧЁТ
2026-06-02 02:37:07,107 | INFO     | ======================================================================
2026-06-02 02:37:07,107 | INFO     |   ✅ OK         | Загрузка и geo-фильтрация
2026-06-02 02:37:07,107 | INFO     |   ✅ OK         | Генерация 50 уникальных CF-VLESS
2026-06-02 02:37:07,107 | INFO     |   ✅ OK         | Слияние CF с основным списком
2026-06-02 02:37:07,107 | INFO     |   ✅ OK         | Фильтрация по реальному SNI
2026-06-02 02:37:07,107 | INFO     |   ✅ OK         | Экспериментальный RU-SNI фильтр
2026-06-02 02:37:07,107 | INFO     |   ✅ OK         | Сбор статистики
2026-06-02 02:37:07,107 | INFO     | ──────────────────────────────────────────────────────────────────────
2026-06-02 02:37:07,107 | INFO     | ✅ ВСЕ ЭТАПЫ УСПЕШНЫ (6/6)
2026-06-02 02:37:07,107 | INFO     | ⏰ Время завершения: 2026-06-02 02:37:07
2026-06-02 02:37:07,107 | INFO     | ======================================================================
