2026-06-02 23:29:39,513 | INFO     | ======================================================================
2026-06-02 23:29:39,513 | INFO     | 🔍 VPN KEY CHECKER - Начало проверки
2026-06-02 23:29:39,513 | INFO     | ⏰ Время старта: 2026-06-02 23:29:39
2026-06-02 23:29:39,513 | INFO     | 📂 Рабочая директория: /home/runner/work/vpn-vless-configs-russia/vpn-vless-configs-russia
2026-06-02 23:29:39,513 | INFO     | ======================================================================
2026-06-02 23:29:39,513 | INFO     | 
2026-06-02 23:29:39,514 | INFO     | 🔍 Проверка наличия скриптов...
2026-06-02 23:29:39,514 | INFO     |   ✅ mirror.py
2026-06-02 23:29:39,514 | INFO     |   ✅ generate_cf_vless.py
2026-06-02 23:29:39,514 | INFO     |   ✅ filter_ru_sni.py
2026-06-02 23:29:39,514 | INFO     |   ✅ filter_ru_sni_local.py
2026-06-02 23:29:39,514 | INFO     | 
2026-06-02 23:29:39,514 | INFO     | ──────────────────────────────────────────────────────────────────────
2026-06-02 23:29:39,514 | INFO     | 📌 ЭТАП: Загрузка и geo-фильтрация
2026-06-02 23:29:39,514 | INFO     | ──────────────────────────────────────────────────────────────────────
2026-06-02 23:29:39,514 | INFO     | 🚀 Запуск mirror.py (Загрузка и фильтрация по РФ/СНГ/Европа)...
2026-06-02 23:31:13,832 | INFO     |   → DEBUG: mirror.py started
2026-06-02 23:31:13,832 | INFO     |   → DEBUG: BASE_PATH = /home/runner/work/vpn-vless-configs-russia/vpn-vless-configs-russia
2026-06-02 23:31:13,832 | INFO     |   → DEBUG: CONFIG_SOURCES_FILE = /home/runner/work/vpn-vless-configs-russia/vpn-vless-configs-russia/data/config_sources.json
2026-06-02 23:31:13,832 | INFO     |   → 📂 Загружено 913 источников из /home/runner/work/vpn-vless-configs-russia/vpn-vless-configs-russia/data/config_sources.json
2026-06-02 23:31:13,832 | INFO     |   → 🚀 Старт: всего источников: 913
2026-06-02 23:31:13,832 | INFO     |   → 1/913: ✅ 0 взято | 🗑️ 0 мусор
2026-06-02 23:31:13,832 | INFO     |   → 2/913: ✅ 13 взято | 🗑️ 242 мусор
2026-06-02 23:31:13,832 | INFO     |   → 3/913 ⚠️ Ошибка: HTTPSConnectionPool(host='a.nodeshare.xyz', port=443): Max retries exceeded with url: /uploads/%7BYYYY%7D/%7BM%7D/%7BYYYY%7D%7BMM%7D%7BDD%7D.txt (Caused by SSLError(SSLError(1, '[SSL: TLSV1_UNRECOGNIZED_NAME] tlsv1 unrecognized name (_ssl.c:1016)'))) — https://a.nodeshare.xyz/uploads/{YYYY}/{M}/{YYYY}{MM}{DD}.txt
2026-06-02 23:31:13,832 | INFO     |   → 4/913: ✅ 0 взято | 🗑️ 0 мусор
2026-06-02 23:31:13,832 | INFO     |   → 5/913 ❌ HTTP 404 — https://bitbucket.org/huwo1/proxy_nodes/raw/f31ca9ec67b84071515729ff45b011b6b09c10f2/clash.yaml
2026-06-02 23:31:13,832 | INFO     |   → 6/913 ❌ HTTP 404 — https://cdn.jsdelivr.net/gh/cry0ice/genode@main/public/all.txt
2026-06-02 23:31:13,832 | INFO     |   → 7/913 ❌ HTTP 404 — https://cdn.jsdelivr.net/gh/cry0ice/genode@main/public/ss.txt
2026-06-02 23:31:13,833 | INFO     |   → 8/913 ❌ HTTP 404 — https://cdn.jsdelivr.net/gh/cry0ice/genode@main/public/ssr.txt
2026-06-02 23:31:13,833 | INFO     |   → 9/913 ❌ HTTP 404 — https://cdn.jsdelivr.net/gh/cry0ice/genode@main/public/trojan.txt
2026-06-02 23:31:13,833 | INFO     |   → 10/913 ❌ HTTP 404 — https://cdn.jsdelivr.net/gh/cry0ice/genode@main/public/vless.txt
2026-06-02 23:31:13,833 | INFO     |   → 11/913 ❌ HTTP 404 — https://cdn.jsdelivr.net/gh/cry0ice/genode@main/public/vmess.txt
2026-06-02 23:31:13,833 | INFO     |   → 12/913: ✅ 0 взято | 🗑️ 0 мусор
2026-06-02 23:31:13,833 | INFO     |   → 13/913: ✅ 0 взято | 🗑️ 0 мусор
2026-06-02 23:31:13,833 | INFO     |   → 14/913: ✅ 0 взято | 🗑️ 0 мусор
2026-06-02 23:31:13,833 | INFO     |   → 15/913: ✅ 0 взято | 🗑️ 0 мусор
2026-06-02 23:31:13,833 | INFO     |   → 16/913: ✅ 0 взято | 🗑️ 0 мусор
2026-06-02 23:31:13,833 | INFO     |   → 17/913: ✅ 0 взято | 🗑️ 0 мусор
2026-06-02 23:31:13,833 | INFO     |   → 18/913: ✅ 0 взято | 🗑️ 0 мусор
2026-06-02 23:31:13,833 | INFO     |   → 19/913: ✅ 0 взято | 🗑️ 0 мусор
2026-06-02 23:31:13,833 | INFO     |   → 20/913 ❌ HTTP 404 — https://free.datiya.com/uploads/{YYYY}{MM}{DD}-v2ray.txt
2026-06-02 23:31:13,833 | INFO     |   → 21/913 ❌ HTTP 404 — https://freessrnode.github.io/uploads/2024/08/0-20240822.txt
2026-06-02 23:31:13,833 | INFO     |   → 22/913 ❌ HTTP 404 — https://freessrnode.github.io/uploads/2024/08/1-20240822.txt
2026-06-02 23:31:13,833 | INFO     |   → 23/913 ❌ HTTP 404 — https://freessrnode.github.io/uploads/2024/08/2-20240822.txt
2026-06-02 23:31:13,833 | INFO     |   → 24/913 ❌ HTTP 404 — https://freessrnode.github.io/uploads/2024/08/3-20240822.txt
2026-06-02 23:31:13,833 | INFO     |   → 25/913 ❌ HTTP 404 — https://freessrnode.github.io/uploads/2024/08/4-20240822.txt
2026-06-02 23:31:13,833 | INFO     |   → 26/913 ⚠️ Ошибка: HTTPSConnectionPool(host='freevpnspy.githubrowcontent.com', port=443): Max retries exceeded with url: /2024/08/20240802_novless.yaml (Caused by NameResolutionError("HTTPSConnection(host='freevpnspy.githubrowcontent.com', port=443): Failed to resolve 'freevpnspy.githubrowcontent.com' ([Errno -2] Name or service not known)")) — https://freevpnspy.githubrowcontent.com/2024/08/20240802_novless.yaml
2026-06-02 23:31:13,833 | INFO     |   → 27/913 ⚠️ Ошибка: HTTPSConnectionPool(host='freevpnspy.githubrowcontent.com', port=443): Max retries exceeded with url: /2024/08/20240802_vless.yaml (Caused by NameResolutionError("HTTPSConnection(host='freevpnspy.githubrowcontent.com', port=443): Failed to resolve 'freevpnspy.githubrowcontent.com' ([Errno -2] Name or service not known)")) — https://freevpnspy.githubrowcontent.com/2024/08/20240802_vless.yaml
2026-06-02 23:31:13,833 | INFO     |   → 28/913: ✅ 0 взято | 🗑️ 0 мусор
2026-06-02 23:31:13,833 | INFO     |   → 29/913: ✅ 14 взято | 🗑️ 152 мусор
2026-06-02 23:31:13,833 | INFO     |   → 30/913: ✅ 0 взято | 🗑️ 0 мусор
2026-06-02 23:31:13,834 | INFO     |   → 31/913: ✅ 1 взято | 🗑️ 125 мусор
2026-06-02 23:31:13,834 | INFO     |   → 32/913: ✅ 2 взято | 🗑️ 105 мусор
2026-06-02 23:31:13,834 | INFO     |   → 33/913: ✅ 0 взято | 🗑️ 0 мусор
2026-06-02 23:31:13,834 | INFO     |   → 34/913 ❌ HTTP 404 — https://github.com/Epodonios/bulk-xray-v2ray-vless-vmess-...-configs/raw/main/sub/Albania/config.txt
2026-06-02 23:31:13,834 | INFO     |   → 35/913 ❌ HTTP 404 — https://github.com/Epodonios/bulk-xray-v2ray-vless-vmess-...-configs/raw/main/sub/Cura%C3%A7ao/config.txt
2026-06-02 23:31:13,834 | INFO     |   → 36/913 ❌ HTTP 404 — https://github.com/Epodonios/bulk-xray-v2ray-vless-vmess-...-configs/raw/main/sub/Finland/config.txt
2026-06-02 23:31:13,834 | INFO     |   → 37/913 ❌ HTTP 404 — https://github.com/Epodonios/bulk-xray-v2ray-vless-vmess-...-configs/raw/main/sub/Iran/config.txt
2026-06-02 23:31:13,834 | INFO     |   → 38/913 ❌ HTTP 404 — https://github.com/Epodonios/bulk-xray-v2ray-vless-vmess-...-configs/raw/main/sub/Netherlands/config.txt
2026-06-02 23:31:13,834 | INFO     |   → 39/913 ❌ HTTP 404 — https://github.com/Epodonios/bulk-xray-v2ray-vless-vmess-...-configs/raw/main/sub/Norway/config.txt
2026-06-02 23:31:13,834 | INFO     |   → 40/913 ❌ HTTP 404 — https://github.com/Epodonios/bulk-xray-v2ray-vless-vmess-...-configs/raw/main/sub/Russia/config.txt
2026-06-02 23:31:13,834 | INFO     |   → 41/913: ✅ 13 взято | 🗑️ 70 мусор
2026-06-02 23:31:13,834 | INFO     |   → 42/913: ✅ 0 взято | 🗑️ 4 мусор
2026-06-02 23:31:13,834 | INFO     |   → 43/913: ✅ 0 взято | 🗑️ 7 мусор
2026-06-02 23:31:13,834 | INFO     |   → 44/913: ✅ 0 взято | 🗑️ 51 мусор
2026-06-02 23:31:13,834 | INFO     |   → 45/913: ✅ 0 взято | 🗑️ 8 мусор
2026-06-02 23:31:13,834 | INFO     |   → 46/913: ✅ 0 взято | 🗑️ 0 мусор
2026-06-02 23:31:13,834 | INFO     |   → 47/913: ✅ 17 взято | 🗑️ 119 мусор
2026-06-02 23:31:13,834 | INFO     |   → 48/913 ❌ HTTP 404 — https://github.com/MrMohebi/xray-proxy-grabber-telegram/raw/master/collected-proxies/clash-meta/all.yaml
2026-06-02 23:31:13,834 | INFO     |   → 49/913 ❌ HTTP 404 — https://github.com/MrMohebi/xray-proxy-grabber-telegram/raw/master/collected-proxies/row-url/all.txt
2026-06-02 23:31:13,834 | INFO     |   → 50/913: ✅ 0 взято | 🗑️ 0 мусор
2026-06-02 23:31:13,835 | INFO     |   → 51/913: ✅ 0 взято | 🗑️ 113 мусор
2026-06-02 23:31:13,835 | INFO     |   → 52/913: ✅ 0 взято | 🗑️ 119 мусор
2026-06-02 23:31:13,835 | INFO     |   → 53/913: ✅ 0 взято | 🗑️ 0 мусор
2026-06-02 23:31:13,835 | INFO     |   → 54/913: ✅ 0 взято | 🗑️ 0 мусор
2026-06-02 23:31:13,835 | INFO     |   → 55/913: ✅ 0 взято | 🗑️ 0 мусор
2026-06-02 23:31:13,835 | INFO     |   → 56/913: ✅ 0 взято | 🗑️ 0 мусор
2026-06-02 23:31:13,835 | INFO     |   → 57/913: ✅ 0 взято | 🗑️ 0 мусор
2026-06-02 23:31:13,835 | INFO     |   → 58/913: ✅ 0 взято | 🗑️ 0 мусор
2026-06-02 23:31:13,835 | INFO     |   → 59/913: ✅ 0 взято | 🗑️ 0 мусор
2026-06-02 23:31:13,835 | INFO     |   → 60/913 ❌ HTTP 404 — https://github.com/mermeroo/V2RAY-FREE/raw/main/All_Configs_base64_Sub.txt
2026-06-02 23:31:13,835 | INFO     |   → 61/913 ❌ HTTP 404 — https://github.com/mermeroo/V2RAY-FREE/raw/main/Base64/Sub1_base64.txt
2026-06-02 23:31:13,835 | INFO     |   → 62/913 ❌ HTTP 404 — https://github.com/mermeroo/V2RAY-FREE/raw/main/Base64/Sub2_base64.txt
2026-06-02 23:31:13,835 | INFO     |   → 63/913 ❌ HTTP 404 — https://github.com/mermeroo/V2RAY-FREE/raw/main/Base64/Sub3_base64.txt
2026-06-02 23:31:13,835 | INFO     |   → 64/913 ❌ HTTP 404 — https://github.com/mermeroo/V2RAY-FREE/raw/main/Base64/Sub4_base64.txt
2026-06-02 23:31:13,835 | INFO     |   → 65/913 ❌ HTTP 404 — https://github.com/mermeroo/V2RAY-FREE/raw/main/Base64/Sub5_base64.txt
2026-06-02 23:31:13,835 | INFO     |   → 66/913 ❌ HTTP 404 — https://github.com/mermeroo/telegram-configs-collector/raw/main/protocols/hysteria
2026-06-02 23:31:13,835 | INFO     |   → 67/913 ❌ HTTP 404 — https://github.com/mermeroo/telegram-configs-collector/raw/main/protocols/juicity
2026-06-02 23:31:13,835 | INFO     |   → 68/913 ❌ HTTP 404 — https://github.com/mermeroo/telegram-configs-collector/raw/main/protocols/tuic
2026-06-02 23:31:13,835 | INFO     |   → 69/913: ✅ 5 взято | 🗑️ 16 мусор
2026-06-02 23:31:13,835 | INFO     |   → 70/913: ✅ 0 взято | 🗑️ 0 мусор
2026-06-02 23:31:13,835 | INFO     |   → 71/913: ✅ 0 взято | 🗑️ 0 мусор
2026-06-02 23:31:13,835 | INFO     |   → 72/913 ❌ HTTP 403 — https://gitlab.com/colloq168/nodefiltrate/-/raw/main/filtrate?ref_type=heads
2026-06-02 23:31:13,835 | INFO     |   → 73/913: ✅ 0 взято | 🗑️ 0 мусор
2026-06-02 23:31:13,835 | INFO     |   → 74/913: ✅ 0 взято | 🗑️ 103 мусор
2026-06-02 23:31:13,835 | INFO     |   → 75/913: ✅ 0 взято | 🗑️ 0 мусор
2026-06-02 23:31:13,836 | INFO     |   → 76/913: ✅ 3 взято | 🗑️ 213 мусор
2026-06-02 23:31:13,836 | INFO     |   → 77/913: ✅ 0 взято | 🗑️ 0 мусор
2026-06-02 23:31:13,836 | INFO     |   → 78/913: ✅ 1 взято | 🗑️ 130 мусор
2026-06-02 23:31:13,836 | INFO     |   → 79/913: ✅ 0 взято | 🗑️ 0 мусор
2026-06-02 23:31:13,836 | INFO     |   → 80/913 ⚠️ Ошибка: HTTPSConnectionPool(host='ivuxy.tech', port=443): Max retries exceeded with url: /v.txt (Caused by NameResolutionError("HTTPSConnection(host='ivuxy.tech', port=443): Failed to resolve 'ivuxy.tech' ([Errno -2] Name or service not known)")) — https://ivuxy.tech/v.txt
2026-06-02 23:31:13,836 | INFO     |   → 81/913 ⚠️ Ошибка: HTTPSConnectionPool(host='mirror.ghproxy.com', port=443): Max retries exceeded with url: /https://raw.githubusercontent.com/Barabama/FreeNodes/master/nodes/blues.txt (Caused by NameResolutionError("HTTPSConnection(host='mirror.ghproxy.com', port=443): Failed to resolve 'mirror.ghproxy.com' ([Errno -2] Name or service not known)")) — https://mirror.ghproxy.com/https://raw.githubusercontent.com/Barabama/FreeNodes/master/nodes/blues.txt
2026-06-02 23:31:13,836 | INFO     |   → 82/913 ⚠️ Ошибка: HTTPSConnectionPool(host='mirror.ghproxy.com', port=443): Max retries exceeded with url: /https://raw.githubusercontent.com/Barabama/FreeNodes/master/nodes/halekj.txt (Caused by NameResolutionError("HTTPSConnection(host='mirror.ghproxy.com', port=443): Failed to resolve 'mirror.ghproxy.com' ([Errno -2] Name or service not known)")) — https://mirror.ghproxy.com/https://raw.githubusercontent.com/Barabama/FreeNodes/master/nodes/halekj.txt
2026-06-02 23:31:13,836 | INFO     |   → 83/913 ⚠️ Ошибка: HTTPSConnectionPool(host='mirror.ghproxy.com', port=443): Max retries exceeded with url: /https://raw.githubusercontent.com/Barabama/FreeNodes/master/nodes/kkzui.txt (Caused by NameResolutionError("HTTPSConnection(host='mirror.ghproxy.com', port=443): Failed to resolve 'mirror.ghproxy.com' ([Errno -2] Name or service not known)")) — https://mirror.ghproxy.com/https://raw.githubusercontent.com/Barabama/FreeNodes/master/nodes/kkzui.txt
2026-06-02 23:31:13,836 | INFO     |   → 84/913 ⚠️ Ошибка: HTTPSConnectionPool(host='mirror.ghproxy.com', port=443): Max retries exceeded with url: /https://raw.githubusercontent.com/Barabama/FreeNodes/master/nodes/merged.txt (Caused by NameResolutionError("HTTPSConnection(host='mirror.ghproxy.com', port=443): Failed to resolve 'mirror.ghproxy.com' ([Errno -2] Name or service not known)")) — https://mirror.ghproxy.com/https://raw.githubusercontent.com/Barabama/FreeNodes/master/nodes/merged.txt
2026-06-02 23:31:13,836 | INFO     |   → 85/913 ⚠️ Ошибка: HTTPSConnectionPool(host='mirror.ghproxy.com', port=443): Max retries exceeded with url: /https://raw.githubusercontent.com/Barabama/FreeNodes/master/nodes/nodefree.txt (Caused by NameResolutionError("HTTPSConnection(host='mirror.ghproxy.com', port=443): Failed to resolve 'mirror.ghproxy.com' ([Errno -2] Name or service not known)")) — https://mirror.ghproxy.com/https://raw.githubusercontent.com/Barabama/FreeNodes/master/nodes/nodefree.txt
2026-06-02 23:31:13,836 | INFO     |   → 86/913 ⚠️ Ошибка: HTTPSConnectionPool(host='mirror.ghproxy.com', port=443): Max retries exceeded with url: /https://raw.githubusercontent.com/Barabama/FreeNodes/master/nodes/openrunner.txt (Caused by NameResolutionError("HTTPSConnection(host='mirror.ghproxy.com', port=443): Failed to resolve 'mirror.ghproxy.com' ([Errno -2] Name or service not known)")) — https://mirror.ghproxy.com/https://raw.githubusercontent.com/Barabama/FreeNodes/master/nodes/openrunner.txt
2026-06-02 23:31:13,836 | INFO     |   → 87/913 ⚠️ Ошибка: HTTPSConnectionPool(host='mirror.ghproxy.com', port=443): Max retries exceeded with url: /https://raw.githubusercontent.com/Barabama/FreeNodes/master/nodes/v2rayshare.txt (Caused by NameResolutionError("HTTPSConnection(host='mirror.ghproxy.com', port=443): Failed to resolve 'mirror.ghproxy.com' ([Errno -2] Name or service not known)")) — https://mirror.ghproxy.com/https://raw.githubusercontent.com/Barabama/FreeNodes/master/nodes/v2rayshare.txt
2026-06-02 23:31:13,836 | INFO     |   → 88/913 ⚠️ Ошибка: HTTPSConnectionPool(host='mirror.ghproxy.com', port=443): Max retries exceeded with url: /https://raw.githubusercontent.com/Barabama/FreeNodes/master/nodes/wenode.txt (Caused by NameResolutionError("HTTPSConnection(host='mirror.ghproxy.com', port=443): Failed to resolve 'mirror.ghproxy.com' ([Errno -2] Name or service not known)")) — https://mirror.ghproxy.com/https://raw.githubusercontent.com/Barabama/FreeNodes/master/nodes/wenode.txt
2026-06-02 23:31:13,836 | INFO     |   → 89/913 ⚠️ Ошибка: HTTPSConnectionPool(host='mirror.ghproxy.com', port=443): Max retries exceeded with url: /https://raw.githubusercontent.com/Barabama/FreeNodes/master/nodes/yudou66.txt (Caused by NameResolutionError("HTTPSConnection(host='mirror.ghproxy.com', port=443): Failed to resolve 'mirror.ghproxy.com' ([Errno -2] Name or service not known)")) — https://mirror.ghproxy.com/https://raw.githubusercontent.com/Barabama/FreeNodes/master/nodes/yudou66.txt
2026-06-02 23:31:13,836 | INFO     |   → 90/913 ❌ HTTP 404 — https://node.freeclashnode.com/uploads/{YYYY}/{MM}/0-{YYYY}{MM}{DD}.txt
2026-06-02 23:31:13,836 | INFO     |   → 91/913 ❌ HTTP 404 — https://node.freeclashnode.com/uploads/{YYYY}/{MM}/1-{YYYY}{MM}{DD}.txt
2026-06-02 23:31:13,836 | INFO     |   → 92/913 ❌ HTTP 404 — https://node.freeclashnode.com/uploads/{YYYY}/{MM}/2-{YYYY}{MM}{DD}.txt
2026-06-02 23:31:13,836 | INFO     |   → 93/913 ❌ HTTP 404 — https://node.freeclashnode.com/uploads/{YYYY}/{MM}/3-{YYYY}{MM}{DD}.txt
2026-06-02 23:31:13,836 | INFO     |   → 94/913 ❌ HTTP 404 — https://node.freeclashnode.com/uploads/{YYYY}/{MM}/4-{YYYY}{MM}{DD}.txt
2026-06-02 23:31:13,836 | INFO     |   → 95/913: ✅ 6 взято | 🗑️ 24 мусор
2026-06-02 23:31:13,836 | INFO     |   → 96/913: ✅ 13 взято | 🗑️ 7 мусор
2026-06-02 23:31:13,836 | INFO     |   → 97/913: ✅ 0 взято | 🗑️ 7 мусор
2026-06-02 23:31:13,836 | INFO     |   → 98/913 ⚠️ Ошибка: HTTPSConnectionPool(host='nodefree.githubrowcontent.com', port=443): Max retries exceeded with url: /%7BYYYY%7D/%7BMM%7D/%7BYYYY%7D%7BMM%7D%7BDD%7D.txt (Caused by NameResolutionError("HTTPSConnection(host='nodefree.githubrowcontent.com', port=443): Failed to resolve 'nodefree.githubrowcontent.com' ([Errno -2] Name or service not known)")) — https://nodefree.githubrowcontent.com/{YYYY}/{MM}/{YYYY}{MM}{DD}.txt
2026-06-02 23:31:13,836 | INFO     |   → 99/913 ⚠️ Ошибка: HTTPSConnectionPool(host='nodefree.githubrowcontent.com', port=443): Max retries exceeded with url: /2024/07/20240705.yaml (Caused by NameResolutionError("HTTPSConnection(host='nodefree.githubrowcontent.com', port=443): Failed to resolve 'nodefree.githubrowcontent.com' ([Errno -2] Name or service not known)")) — https://nodefree.org/dy/2023/08/20230806.yaml
2026-06-02 23:31:13,837 | INFO     |   → 100/913 ⚠️ Ошибка: HTTPSConnectionPool(host='nodefree.githubrowcontent.com', port=443): Max retries exceeded with url: /2024/07/20240705.txt (Caused by NameResolutionError("HTTPSConnection(host='nodefree.githubrowcontent.com', port=443): Failed to resolve 'nodefree.githubrowcontent.com' ([Errno -2] Name or service not known)")) — https://nodefree.org/dy/2023/12/20231221.txt
2026-06-02 23:31:13,837 | INFO     |   → 101/913: ✅ 0 взято | 🗑️ 24 мусор
2026-06-02 23:31:13,837 | INFO     |   → 102/913: ✅ 0 взято | 🗑️ 7 мусор
2026-06-02 23:31:13,837 | INFO     |   → 103/913: ✅ 0 взято | 🗑️ 7 мусор
2026-06-02 23:31:13,837 | INFO     |   → 104/913: ✅ 0 взято | 🗑️ 0 мусор
2026-06-02 23:31:13,837 | INFO     |   → 105/913: ✅ 0 взято | 🗑️ 0 мусор
2026-06-02 23:31:13,837 | INFO     |   → 106/913: ✅ 0 взято | 🗑️ 0 мусор
2026-06-02 23:31:13,837 | INFO     |   → 107/913: ✅ 0 взято | 🗑️ 0 мусор
2026-06-02 23:31:13,837 | INFO     |   → 108/913: ✅ 0 взято | 🗑️ 0 мусор
2026-06-02 23:31:13,837 | INFO     |   → 109/913: ✅ 0 взято | 🗑️ 0 мусор
2026-06-02 23:31:13,837 | INFO     |   → 110/913: ✅ 0 взято | 🗑️ 0 мусор
2026-06-02 23:31:13,837 | INFO     |   → 111/913: ✅ 0 взято | 🗑️ 0 мусор
2026-06-02 23:31:13,837 | INFO     |   → 112/913: ✅ 0 взято | 🗑️ 0 мусор
2026-06-02 23:31:13,837 | INFO     |   → 113/913: ✅ 0 взято | 🗑️ 0 мусор
2026-06-02 23:31:13,837 | INFO     |   → 114/913: ✅ 0 взято | 🗑️ 0 мусор
2026-06-02 23:31:13,837 | INFO     |   → 115/913: ✅ 0 взято | 🗑️ 0 мусор
2026-06-02 23:31:13,837 | INFO     |   → 116/913 ❌ HTTP 404 — https://raw.githubusercontent.com/10ium/MihomoSaz/main/Sublist/shatakvpn.yaml4_Sub.txt
2026-06-02 23:31:13,837 | INFO     |   → 117/913: ✅ 0 взято | 🗑️ 0 мусор
2026-06-02 23:31:13,837 | INFO     |   → 118/913: ✅ 0 взято | 🗑️ 0 мусор
2026-06-02 23:31:13,837 | INFO     |   → 119/913: ✅ 1142 взято | 🗑️ 2859 мусор
2026-06-02 23:31:13,837 | INFO     |   → 120/913: ✅ 1 взято | 🗑️ 324 мусор
2026-06-02 23:31:13,837 | INFO     |   → 121/913: ✅ 833 взято | 🗑️ 1960 мусор
2026-06-02 23:31:13,837 | INFO     |   → 122/913: ✅ 167 взято | 🗑️ 672 мусор
2026-06-02 23:31:13,837 | INFO     |   → 123/913: ✅ 0 взято | 🗑️ 0 мусор
2026-06-02 23:31:13,837 | INFO     |   → 124/913: ✅ 0 взято | 🗑️ 0 мусор
2026-06-02 23:31:13,838 | INFO     |   → 125/913: ✅ 11 взято | 🗑️ 399 мусор
2026-06-02 23:31:13,838 | INFO     |   → 126/913: ✅ 509 взято | 🗑️ 1483 мусор
2026-06-02 23:31:13,838 | INFO     |   → 127/913: ✅ 32 взято | 🗑️ 5 мусор
2026-06-02 23:31:13,838 | INFO     |   → 128/913: ✅ 0 взято | 🗑️ 0 мусор
2026-06-02 23:31:13,838 | INFO     |   → 129/913 ❌ HTTP 404 — https://raw.githubusercontent.com/9Fork/openit/main/Clash.yaml
2026-06-02 23:31:13,838 | INFO     |   → 130/913: ✅ 46 взято | 🗑️ 47 мусор
2026-06-02 23:31:13,838 | INFO     |   → 131/913: ✅ 0 взято | 🗑️ 47 мусор
2026-06-02 23:31:13,838 | INFO     |   → 132/913: ✅ 63 взято | 🗑️ 237 мусор
2026-06-02 23:31:13,838 | INFO     |   → 133/913: ✅ 49 взято | 🗑️ 251 мусор
2026-06-02 23:31:13,838 | INFO     |   → 134/913: ✅ 20 взято | 🗑️ 101 мусор
2026-06-02 23:31:13,838 | INFO     |   → 135/913: ✅ 21 взято | 🗑️ 54 мусор
2026-06-02 23:31:13,838 | INFO     |   → 136/913: ✅ 32 взято | 🗑️ 268 мусор
2026-06-02 23:31:13,838 | INFO     |   → 137/913: ✅ 99 взято | 🗑️ 201 мусор
2026-06-02 23:31:13,838 | INFO     |   → 138/913: ✅ 250 взято | 🗑️ 50 мусор
2026-06-02 23:31:13,838 | INFO     |   → 139/913: ✅ 9 взято | 🗑️ 356 мусор
2026-06-02 23:31:13,838 | INFO     |   → 140/913: ✅ 19 взято | 🗑️ 81 мусор
2026-06-02 23:31:13,838 | INFO     |   → 141/913: ✅ 11 взято | 🗑️ 87 мусор
2026-06-02 23:31:13,838 | INFO     |   → 142/913: ✅ 27 взято | 🗑️ 73 мусор
2026-06-02 23:31:13,838 | INFO     |   → 143/913: ✅ 13 взято | 🗑️ 75 мусор
2026-06-02 23:31:13,838 | INFO     |   → 144/913: ✅ 10 взято | 🗑️ 83 мусор
2026-06-02 23:31:13,838 | INFO     |   → 145/913: ✅ 12 взято | 🗑️ 86 мусор
2026-06-02 23:31:13,838 | INFO     |   → 146/913: ✅ 11 взято | 🗑️ 87 мусор
2026-06-02 23:31:13,838 | INFO     |   → 147/913: ✅ 11 взято | 🗑️ 80 мусор
2026-06-02 23:31:13,838 | INFO     |   → 148/913: ✅ 9 взято | 🗑️ 82 мусор
2026-06-02 23:31:13,838 | INFO     |   → 149/913: ✅ 69 взято | 🗑️ 3 мусор
2026-06-02 23:31:13,839 | INFO     |   → 150/913: ✅ 3 взято | 🗑️ 75 мусор
2026-06-02 23:31:13,839 | INFO     |   → 151/913: ✅ 4 взято | 🗑️ 69 мусор
2026-06-02 23:31:13,839 | INFO     |   → 152/913: ✅ 4 взято | 🗑️ 80 мусор
2026-06-02 23:31:13,839 | INFO     |   → 153/913: ✅ 6 взято | 🗑️ 81 мусор
2026-06-02 23:31:13,839 | INFO     |   → 154/913: ✅ 5 взято | 🗑️ 79 мусор
2026-06-02 23:31:13,839 | INFO     |   → 155/913: ✅ 11 взято | 🗑️ 78 мусор
2026-06-02 23:31:13,839 | INFO     |   → 156/913: ✅ 3 взято | 🗑️ 83 мусор
2026-06-02 23:31:13,839 | INFO     |   → 157/913: ✅ 14 взято | 🗑️ 76 мусор
2026-06-02 23:31:13,839 | INFO     |   → 158/913: ✅ 12 взято | 🗑️ 78 мусор
2026-06-02 23:31:13,839 | INFO     |   → 159/913: ✅ 26 взято | 🗑️ 218 мусор
2026-06-02 23:31:13,839 | INFO     |   → 160/913: ✅ 44 взято | 🗑️ 141 мусор
2026-06-02 23:31:13,839 | INFO     |   → 161/913: ✅ 10 взято | 🗑️ 71 мусор
2026-06-02 23:31:13,839 | INFO     |   → 162/913: ✅ 2 взято | 🗑️ 88 мусор
2026-06-02 23:31:13,839 | INFO     |   → 163/913: ✅ 0 взято | 🗑️ 3 мусор
2026-06-02 23:31:13,839 | INFO     |   → 164/913: ✅ 14 взято | 🗑️ 4 мусор
2026-06-02 23:31:13,839 | INFO     |   → 165/913: ✅ 715 взято | 🗑️ 2463 мусор
2026-06-02 23:31:13,839 | INFO     |   → 166/913 ❌ HTTP 404 — https://raw.githubusercontent.com/Alvin9999/pac2/master/clash/1/config.yaml
2026-06-02 23:31:13,839 | INFO     |   → 167/913 ❌ HTTP 404 — https://raw.githubusercontent.com/AmirHDevo/temp2/7f15e7ddb311a6f8c5ab338bd1af0e1f2136a84b/configs.txt
2026-06-02 23:31:13,839 | INFO     |   → 168/913: ✅ 134 взято | 🗑️ 2267 мусор
2026-06-02 23:31:13,839 | INFO     |   → 169/913: ✅ 2 взято | 🗑️ 168 мусор
2026-06-02 23:31:13,839 | INFO     |   → 170/913: ✅ 4356 взято | 🗑️ 62102 мусор
2026-06-02 23:31:13,839 | INFO     |   → 171/913: ✅ 5 взято | 🗑️ 47 мусор
2026-06-02 23:31:13,839 | INFO     |   → 172/913: ✅ 0 взято | 🗑️ 44 мусор
2026-06-02 23:31:13,839 | INFO     |   → 173/913: ✅ 21 взято | 🗑️ 107 мусор
2026-06-02 23:31:13,839 | INFO     |   → 174/913: ✅ 78 взято | 🗑️ 347 мусор
2026-06-02 23:31:13,840 | INFO     |   → 175/913: ✅ 0 взято | 🗑️ 1373 мусор
2026-06-02 23:31:13,840 | INFO     |   → 176/913: ✅ 47 взято | 🗑️ 741 мусор
2026-06-02 23:31:13,840 | INFO     |   → 177/913: ✅ 339 взято | 🗑️ 1542 мусор
2026-06-02 23:31:13,840 | INFO     |   → 178/913: ✅ 0 взято | 🗑️ 6 мусор
2026-06-02 23:31:13,840 | INFO     |   → 179/913: ✅ 0 взято | 🗑️ 0 мусор
2026-06-02 23:31:13,840 | INFO     |   → 180/913: ✅ 1 взято | 🗑️ 235 мусор
2026-06-02 23:31:13,840 | INFO     |   → 181/913: ✅ 49 взято | 🗑️ 86 мусор
2026-06-02 23:31:13,840 | INFO     |   → 182/913: ✅ 0 взято | 🗑️ 16 мусор
2026-06-02 23:31:13,840 | INFO     |   → 183/913: ✅ 6 взято | 🗑️ 17 мусор
2026-06-02 23:31:13,840 | INFO     |   → 184/913: ✅ 1 взято | 🗑️ 12 мусор
2026-06-02 23:31:13,840 | INFO     |   → 185/913: ✅ 0 взято | 🗑️ 17 мусор
2026-06-02 23:31:13,840 | INFO     |   → 186/913: ✅ 0 взято | 🗑️ 17 мусор
2026-06-02 23:31:13,840 | INFO     |   → 187/913: ✅ 23 взято | 🗑️ 516 мусор
2026-06-02 23:31:13,840 | INFO     |   → 188/913: ✅ 1 взято | 🗑️ 324 мусор
2026-06-02 23:31:13,840 | INFO     |   → 189/913: ✅ 1 взято | 🗑️ 192 мусор
2026-06-02 23:31:13,840 | INFO     |   → 190/913: ✅ 5 взято | 🗑️ 158 мусор
2026-06-02 23:31:13,840 | INFO     |   → 191/913: ✅ 0 взято | 🗑️ 16 мусор
2026-06-02 23:31:13,840 | INFO     |   → 192/913: ✅ 0 взято | 🗑️ 0 мусор
2026-06-02 23:31:13,840 | INFO     |   → 193/913: ✅ 0 взято | 🗑️ 14 мусор
2026-06-02 23:31:13,840 | INFO     |   → 194/913: ✅ 0 взято | 🗑️ 0 мусор
2026-06-02 23:31:13,840 | INFO     |   → 195/913: ✅ 0 взято | 🗑️ 17 мусор
2026-06-02 23:31:13,840 | INFO     |   → 196/913: ✅ 0 взято | 🗑️ 0 мусор
2026-06-02 23:31:13,840 | INFO     |   → 197/913: ✅ 0 взято | 🗑️ 12 мусор
2026-06-02 23:31:13,840 | INFO     |   → 198/913: ✅ 0 взято | 🗑️ 0 мусор
2026-06-02 23:31:13,840 | INFO     |   → 199/913: ✅ 0 взято | 🗑️ 17 мусор
2026-06-02 23:31:13,841 | INFO     |   → 200/913: ✅ 0 взято | 🗑️ 0 мусор
2026-06-02 23:31:13,841 | INFO     |   → 201/913: ✅ 0 взято | 🗑️ 17 мусор
2026-06-02 23:31:13,841 | INFO     |   → 202/913: ✅ 0 взято | 🗑️ 0 мусор
2026-06-02 23:31:13,841 | INFO     |   → 203/913: ✅ 2 взято | 🗑️ 161 мусор
2026-06-02 23:31:13,841 | INFO     |   → 204/913: ✅ 0 взято | 🗑️ 0 мусор
2026-06-02 23:31:13,841 | INFO     |   → 205/913: ✅ 26 взято | 🗑️ 331 мусор
2026-06-02 23:31:13,841 | INFO     |   → 206/913: ✅ 36 взято | 🗑️ 4 мусор
2026-06-02 23:31:13,841 | INFO     |   → 207/913: ✅ 5 взято | 🗑️ 76 мусор
2026-06-02 23:31:13,841 | INFO     |   → 208/913: ✅ 80 взято | 🗑️ 1110 мусор
2026-06-02 23:31:13,841 | INFO     |   → 209/913: ✅ 18 взято | 🗑️ 1211 мусор
2026-06-02 23:31:13,841 | INFO     |   → 210/913 ❌ HTTP 404 — https://raw.githubusercontent.com/Egkaz/Proxy-list-20k-server/main/stable.txt
2026-06-02 23:31:13,841 | INFO     |   → 211/913: ✅ 5 взято | 🗑️ 13 мусор
2026-06-02 23:31:13,841 | INFO     |   → 212/913 ❌ HTTP 404 — https://raw.githubusercontent.com/Epodonios/bulk-xray-v2ray-vless-vmess-...-configs/main/sub/Austria/config.txt
2026-06-02 23:31:13,841 | INFO     |   → 213/913 ❌ HTTP 404 — https://raw.githubusercontent.com/Epodonios/bulk-xray-v2ray-vless-vmess-...-configs/main/sub/Canada/config.txt
2026-06-02 23:31:13,841 | INFO     |   → 214/913 ❌ HTTP 404 — https://raw.githubusercontent.com/Epodonios/bulk-xray-v2ray-vless-vmess-...-configs/main/sub/Costa%20Rica/config.txt
2026-06-02 23:31:13,841 | INFO     |   → 215/913 ❌ HTTP 404 — https://raw.githubusercontent.com/Epodonios/bulk-xray-v2ray-vless-vmess-...-configs/main/sub/France/config.txt
2026-06-02 23:31:13,841 | INFO     |   → 216/913 ❌ HTTP 404 — https://raw.githubusercontent.com/Epodonios/bulk-xray-v2ray-vless-vmess-...-configs/main/sub/Germany/config.txt
2026-06-02 23:31:13,841 | INFO     |   → 217/913 ❌ HTTP 404 — https://raw.githubusercontent.com/Epodonios/bulk-xray-v2ray-vless-vmess-...-configs/main/sub/Indonesia/config.txt
2026-06-02 23:31:13,841 | INFO     |   → 218/913 ❌ HTTP 404 — https://raw.githubusercontent.com/Epodonios/bulk-xray-v2ray-vless-vmess-...-configs/main/sub/Ireland/config.txt
2026-06-02 23:31:13,841 | INFO     |   → 219/913 ❌ HTTP 404 — https://raw.githubusercontent.com/Epodonios/bulk-xray-v2ray-vless-vmess-...-configs/main/sub/Republic%20of%20Lithuania/config.txt
2026-06-02 23:31:13,841 | INFO     |   → 220/913 ❌ HTTP 404 — https://raw.githubusercontent.com/Epodonios/bulk-xray-v2ray-vless-vmess-...-configs/main/sub/South%20Africa/config.txt
2026-06-02 23:31:13,841 | INFO     |   → 221/913 ❌ HTTP 404 — https://raw.githubusercontent.com/Epodonios/bulk-xray-v2ray-vless-vmess-...-configs/main/sub/Sweden/config.txt
2026-06-02 23:31:13,841 | INFO     |   → 222/913 ❌ HTTP 404 — https://raw.githubusercontent.com/Epodonios/bulk-xray-v2ray-vless-vmess-...-configs/main/sub/Turkey/config.txt
2026-06-02 23:31:13,841 | INFO     |   → 223/913 ❌ HTTP 404 — https://raw.githubusercontent.com/Epodonios/bulk-xray-v2ray-vless-vmess-...-configs/main/sub/United%20Arab%20Emirates/config.txt
2026-06-02 23:31:13,841 | INFO     |   → 224/913 ❌ HTTP 404 — https://raw.githubusercontent.com/Epodonios/bulk-xray-v2ray-vless-vmess-...-configs/main/sub/United%20Kingdom/config.txt
2026-06-02 23:31:13,841 | INFO     |   → 225/913 ❌ HTTP 404 — https://raw.githubusercontent.com/Epodonios/bulk-xray-v2ray-vless-vmess-...-configs/main/sub/United%20States/config.txt
2026-06-02 23:31:13,842 | INFO     |   → 226/913 ❌ HTTP 404 — https://raw.githubusercontent.com/Epodonios/v2ray-configs/main/Splitted-By-Protocol/mix.txt
2026-06-02 23:31:13,842 | INFO     |   → 227/913: ✅ 87 взято | 🗑️ 306 мусор
2026-06-02 23:31:13,842 | INFO     |   → 228/913: ✅ 0 взято | 🗑️ 0 мусор
2026-06-02 23:31:13,842 | INFO     |   → 229/913: ✅ 84 взято | 🗑️ 305 мусор
2026-06-02 23:31:13,842 | INFO     |   → 230/913: ✅ 335 взято | 🗑️ 2319 мусор
2026-06-02 23:31:13,842 | INFO     |   → 231/913: ✅ 40 взято | 🗑️ 432 мусор
2026-06-02 23:31:13,842 | INFO     |   → 232/913 ❌ HTTP 404 — https://raw.githubusercontent.com/Epodonios/v2ray-configs/raw/main/Splitted-By-Protocol/trojan.txt
2026-06-02 23:31:13,842 | INFO     |   → 233/913 ❌ HTTP 404 — https://raw.githubusercontent.com/Epodonios/v2ray-configs/raw/main/Splitted-By-Protocol/vmess.txt
2026-06-02 23:31:13,842 | INFO     |   → 234/913: ✅ 19 взято | 🗑️ 3453 мусор
2026-06-02 23:31:13,842 | INFO     |   → 235/913: ✅ 0 взято | 🗑️ 306 мусор
2026-06-02 23:31:13,842 | INFO     |   → 236/913: ✅ 0 взято | 🗑️ 0 мусор
2026-06-02 23:31:13,842 | INFO     |   → 237/913: ✅ 0 взято | 🗑️ 305 мусор
2026-06-02 23:31:13,842 | INFO     |   → 238/913: ✅ 0 взято | 🗑️ 2319 мусор
2026-06-02 23:31:13,842 | INFO     |   → 239/913: ✅ 0 взято | 🗑️ 432 мусор
2026-06-02 23:31:13,842 | INFO     |   → 240/913: ✅ 549 взято | 🗑️ 478 мусор
2026-06-02 23:31:13,842 | INFO     |   → 241/913: ✅ 0 взято | 🗑️ 98 мусор
2026-06-02 23:31:13,842 | INFO     |   → 242/913: ✅ 0 взято | 🗑️ 153 мусор
2026-06-02 23:31:13,842 | INFO     |   → 243/913: ✅ 190 взято | 🗑️ 95 мусор
2026-06-02 23:31:13,842 | INFO     |   → 244/913: ✅ 109 взято | 🗑️ 7 мусор
2026-06-02 23:31:13,842 | INFO     |   → 245/913: ✅ 8 взято | 🗑️ 356 мусор
2026-06-02 23:31:13,842 | INFO     |   → 246/913 ❌ HTTP 404 — https://raw.githubusercontent.com/Fido6/FreeNodes/57221e59caddde55ffdda21d491ae952cd608049/nodes/halekj.txt
2026-06-02 23:31:13,842 | INFO     |   → 247/913 ❌ HTTP 404 — https://raw.githubusercontent.com/Fido6/FreeNodes/57221e59caddde55ffdda21d491ae952cd608049/nodes/kkzui.txt
2026-06-02 23:31:13,842 | INFO     |   → 248/913 ❌ HTTP 404 — https://raw.githubusercontent.com/Fido6/FreeNodes/57221e59caddde55ffdda21d491ae952cd608049/nodes/wenode.txt
2026-06-02 23:31:13,842 | INFO     |   → 249/913: ✅ 20 взято | 🗑️ 392 мусор
2026-06-02 23:31:13,842 | INFO     |   → 250/913: ✅ 1 взято | 🗑️ 103 мусор
2026-06-02 23:31:13,842 | INFO     |   → 251/913: ✅ 146 взято | 🗑️ 1231 мусор
2026-06-02 23:31:13,842 | INFO     |   → 252/913: ✅ 116 взято | 🗑️ 891 мусор
2026-06-02 23:31:13,842 | INFO     |   → 253/913: ✅ 231 взято | 🗑️ 4050 мусор
2026-06-02 23:31:13,842 | INFO     |   → 254/913: ✅ 3 взято | 🗑️ 850 мусор
2026-06-02 23:31:13,842 | INFO     |   → 255/913: ✅ 0 взято | 🗑️ 0 мусор
2026-06-02 23:31:13,842 | INFO     |   → 256/913: ✅ 0 взято | 🗑️ 19 мусор
2026-06-02 23:31:13,842 | INFO     |   → 257/913: ✅ 14 взято | 🗑️ 250 мусор
2026-06-02 23:31:13,842 | INFO     |   → 258/913: ✅ 2 взято | 🗑️ 14 мусор
2026-06-02 23:31:13,842 | INFO     |   → 259/913: ✅ 15 взято | 🗑️ 0 мусор
2026-06-02 23:31:13,842 | INFO     |   → 260/913: ✅ 0 взято | 🗑️ 609 мусор
2026-06-02 23:31:13,842 | INFO     |   → 261/913: ✅ 18 взято | 🗑️ 63 мусор
2026-06-02 23:31:13,842 | INFO     |   → 262/913: ✅ 1 взято | 🗑️ 17 мусор
2026-06-02 23:31:13,843 | INFO     |   → 263/913: ✅ 4 взято | 🗑️ 11 мусор
2026-06-02 23:31:13,843 | INFO     |   → 264/913: ✅ 0 взято | 🗑️ 0 мусор
2026-06-02 23:31:13,843 | INFO     |   → 265/913: ✅ 0 взято | 🗑️ 137 мусор
2026-06-02 23:31:13,843 | INFO     |   → 266/913: ✅ 0 взято | 🗑️ 32 мусор
2026-06-02 23:31:13,843 | INFO     |   → 267/913: ✅ 2 взято | 🗑️ 19 мусор
2026-06-02 23:31:13,843 | INFO     |   → 268/913: ✅ 0 взято | 🗑️ 43 мусор
2026-06-02 23:31:13,843 | INFO     |   → 269/913: ✅ 0 взято | 🗑️ 43 мусор
2026-06-02 23:31:13,843 | INFO     |   → 270/913: ✅ 0 взято | 🗑️ 1 мусор
2026-06-02 23:31:13,843 | INFO     |   → 271/913: ✅ 0 взято | 🗑️ 1 мусор
2026-06-02 23:31:13,843 | INFO     |   → 272/913: ✅ 0 взято | 🗑️ 28 мусор
2026-06-02 23:31:13,843 | INFO     |   → 273/913: ✅ 14 взято | 🗑️ 282 мусор
2026-06-02 23:31:13,843 | INFO     |   → 274/913: ✅ 0 взято | 🗑️ 94 мусор
2026-06-02 23:31:13,843 | INFO     |   → 275/913: ✅ 0 взято | 🗑️ 0 мусор
2026-06-02 23:31:13,843 | INFO     |   → 276/913: ✅ 0 взято | 🗑️ 0 мусор
2026-06-02 23:31:13,843 | INFO     |   → 277/913: ✅ 385 взято | 🗑️ 87 мусор
2026-06-02 23:31:13,843 | INFO     |   → 278/913: ✅ 114 взято | 🗑️ 390 мусор
2026-06-02 23:31:13,843 | INFO     |   → 279/913: ✅ 130 взято | 🗑️ 370 мусор
2026-06-02 23:31:13,843 | INFO     |   → 280/913: ✅ 5939 взято | 🗑️ 46237 мусор
2026-06-02 23:31:13,843 | INFO     |   → 281/913: ✅ 0 взято | 🗑️ 35 мусор
2026-06-02 23:31:13,844 | INFO     |   → 282/913: ✅ 0 взято | 🗑️ 9698 мусор
2026-06-02 23:31:13,844 | INFO     |   → 283/913: ✅ 0 взято | 🗑️ 31035 мусор
2026-06-02 23:31:13,844 | INFO     |   → 284/913: ✅ 0 взято | 🗑️ 5 мусор
2026-06-02 23:31:13,844 | INFO     |   → 285/913: ✅ 0 взято | 🗑️ 4 мусор
2026-06-02 23:31:13,844 | INFO     |   → 286/913: ✅ 0 взято | 🗑️ 51 мусор
2026-06-02 23:31:13,844 | INFO     |   → 287/913: ✅ 0 взято | 🗑️ 8 мусор
2026-06-02 23:31:13,844 | INFO     |   → 288/913 ❌ HTTP 404 — https://raw.githubusercontent.com/Kwinshadow/TelegramV2rayCollector/raw/refs/heads/main/sublinks/mix.txt
2026-06-02 23:31:13,844 | INFO     |   → 289/913: ✅ 6 взято | 🗑️ 850 мусор
2026-06-02 23:31:13,844 | INFO     |   → 290/913 ❌ HTTP 404 — https://raw.githubusercontent.com/LalatinaHub/Mineral/raw/refs/heads/master/result/nodes
2026-06-02 23:31:13,844 | INFO     |   → 291/913: ✅ 4 взято | 🗑️ 137 мусор
2026-06-02 23:31:13,844 | INFO     |   → 292/913 ❌ HTTP 404 — https://raw.githubusercontent.com/Leon406/SubCrawler/main/sub/share/all3
2026-06-02 23:31:13,844 | INFO     |   → 293/913 ❌ HTTP 404 — https://raw.githubusercontent.com/Leon406/SubCrawler/main/sub/share/all4
2026-06-02 23:31:13,844 | INFO     |   → 294/913: ✅ 4 взято | 🗑️ 335 мусор
2026-06-02 23:31:13,844 | INFO     |   → 295/913: ✅ 366 взято | 🗑️ 19922 мусор
2026-06-02 23:31:13,844 | INFO     |   → 296/913: ✅ 0 взято | 🗑️ 33 мусор
2026-06-02 23:31:13,844 | INFO     |   → 297/913: ✅ 0 взято | 🗑️ 6 мусор
2026-06-02 23:31:13,844 | INFO     |   → 298/913: ✅ 150 взято | 🗑️ 60 мусор
2026-06-02 23:31:13,844 | INFO     |   → 299/913: ✅ 0 взято | 🗑️ 147 мусор
2026-06-02 23:31:13,844 | INFO     |   → 300/913 ❌ HTTP 404 — https://raw.githubusercontent.com/M-Mashreghi/free-config-collector/main/Splitted-By-Protocol/ssr.txt
2026-06-02 23:31:13,844 | INFO     |   → 301/913: ✅ 139 взято | 🗑️ 114 мусор
2026-06-02 23:31:13,844 | INFO     |   → 302/913: ✅ 126 взято | 🗑️ 137 мусор
2026-06-02 23:31:13,844 | INFO     |   → 303/913: ✅ 0 взято | 🗑️ 12 мусор
2026-06-02 23:31:13,844 | INFO     |   → 304/913: ✅ 0 взято | 🗑️ 1 мусор
2026-06-02 23:31:13,845 | INFO     |   → 305/913: ✅ 65 взято | 🗑️ 280 мусор
2026-06-02 23:31:13,845 | INFO     |   → 306/913: ✅ 0 взято | 🗑️ 280 мусор
2026-06-02 23:31:13,845 | INFO     |   → 307/913: ✅ 0 взято | 🗑️ 47 мусор
2026-06-02 23:31:13,845 | INFO     |   → 308/913 ❌ HTTP 404 — https://raw.githubusercontent.com/MatinGhanbari/v2ray-configs/main/subscriptions/filtered/subs/hy2.txt
2026-06-02 23:31:13,845 | INFO     |   → 309/913: ✅ 26 взято | 🗑️ 1539 мусор
2026-06-02 23:31:13,845 | INFO     |   → 310/913 ❌ HTTP 404 — https://raw.githubusercontent.com/MatinGhanbari/v2ray-configs/main/subscriptions/filtered/subs/ssr.txt
2026-06-02 23:31:13,845 | INFO     |   → 311/913: ✅ 71 взято | 🗑️ 541 мусор
2026-06-02 23:31:13,845 | INFO     |   → 312/913 ❌ HTTP 404 — https://raw.githubusercontent.com/MatinGhanbari/v2ray-configs/main/subscriptions/filtered/subs/tuic.txt
2026-06-02 23:31:13,845 | INFO     |   → 313/913: ✅ 4 взято | 🗑️ 57 мусор
2026-06-02 23:31:13,845 | INFO     |   → 314/913: ✅ 271 взято | 🗑️ 1440 мусор
2026-06-02 23:31:13,845 | INFO     |   → 315/913: ✅ 139 взято | 🗑️ 3590 мусор
2026-06-02 23:31:13,845 | INFO     |   → 316/913: ✅ 24 взято | 🗑️ 170 мусор
2026-06-02 23:31:13,845 | INFO     |   → 317/913: ✅ 0 взято | 🗑️ 2 мусор
2026-06-02 23:31:13,845 | INFO     |   → 318/913: ✅ 67 взято | 🗑️ 975 мусор
2026-06-02 23:31:13,845 | INFO     |   → 319/913: ✅ 0 взято | 🗑️ 494 мусор
2026-06-02 23:31:13,845 | INFO     |   → 320/913: ✅ 0 взято | 🗑️ 494 мусор
2026-06-02 23:31:13,845 | INFO     |   → 321/913: ✅ 0 взято | 🗑️ 36 мусор
2026-06-02 23:31:13,845 | INFO     |   → 322/913: ✅ 0 взято | 🗑️ 2 мусор
2026-06-02 23:31:13,845 | INFO     |   → 323/913: ✅ 0 взято | 🗑️ 372 мусор
2026-06-02 23:31:13,845 | INFO     |   → 324/913: ✅ 0 взято | 🗑️ 79 мусор
2026-06-02 23:31:13,845 | INFO     |   → 325/913 ❌ HTTP 404 — https://raw.githubusercontent.com/MhdiTaheri/V2rayCollector/raw/refs/heads/main/sub/mix
2026-06-02 23:31:13,845 | INFO     |   → 326/913: ✅ 53 взято | 🗑️ 267 мусор
2026-06-02 23:31:13,846 | INFO     |   → 327/913 ❌ HTTP 404 — https://raw.githubusercontent.com/MhdiTaheri/V2rayCollector_Py/raw/refs/heads/main/sub/Mix/mix.txt
2026-06-02 23:31:13,846 | INFO     |   → 328/913: ✅ 0 взято | 🗑️ 0 мусор
2026-06-02 23:31:13,846 | INFO     |   → 329/913: ✅ 43 взято | 🗑️ 217 мусор
2026-06-02 23:31:13,846 | INFO     |   → 330/913: ✅ 0 взято | 🗑️ 31 мусор
2026-06-02 23:31:13,846 | INFO     |   → 331/913: ✅ 92 взято | 🗑️ 282 мусор
2026-06-02 23:31:13,846 | INFO     |   → 332/913: ✅ 0 взято | 🗑️ 26 мусор
2026-06-02 23:31:13,846 | INFO     |   → 333/913: ✅ 1 взято | 🗑️ 5 мусор
2026-06-02 23:31:13,846 | INFO     |   → 334/913 ❌ HTTP 404 — https://raw.githubusercontent.com/MrMohebi/xray-proxy-grabber-telegram/master/collected-proxies/clash-meta/all.yaml
2026-06-02 23:31:13,846 | INFO     |   → 335/913 ❌ HTTP 404 — https://raw.githubusercontent.com/MrMohebi/xray-proxy-grabber-telegram/master/collected-proxies/row-url/actives.txt
2026-06-02 23:31:13,846 | INFO     |   → 336/913 ❌ HTTP 404 — https://raw.githubusercontent.com/MrMohebi/xray-proxy-grabber-telegram/master/collected-proxies/row-url/all.txt
2026-06-02 23:31:13,846 | INFO     |   → 337/913: ✅ 0 взято | 🗑️ 13 мусор
2026-06-02 23:31:13,846 | INFO     |   → 338/913: ✅ 0 взято | 🗑️ 13 мусор
2026-06-02 23:31:13,846 | INFO     |   → 339/913: ✅ 5 взято | 🗑️ 15 мусор
2026-06-02 23:31:13,846 | INFO     |   → 340/913: ✅ 0 взято | 🗑️ 30 мусор
2026-06-02 23:31:13,846 | INFO     |   → 341/913: ✅ 0 взято | 🗑️ 15 мусор
2026-06-02 23:31:13,846 | INFO     |   → 342/913: ✅ 66 взято | 🗑️ 123 мусор
2026-06-02 23:31:13,846 | INFO     |   → 343/913: ✅ 175 взято | 🗑️ 582 мусор
2026-06-02 23:31:13,846 | INFO     |   → 344/913: ✅ 2 взято | 🗑️ 13 мусор
2026-06-02 23:31:13,846 | INFO     |   → 345/913: ✅ 0 взято | 🗑️ 0 мусор
2026-06-02 23:31:13,846 | INFO     |   → 346/913 ❌ HTTP 404 — https://raw.githubusercontent.com/OpenCNLink/freevpn/3cfcff048bfdd1493ccffa52ecf30ce7f9fc6b28/src/list/vmess.txt
2026-06-02 23:31:13,846 | INFO     |   → 347/913: ✅ 2 взято | 🗑️ 10 мусор
2026-06-02 23:31:13,846 | INFO     |   → 348/913: ✅ 0 взято | 🗑️ 10 мусор
2026-06-02 23:31:13,846 | INFO     |   → 349/913: ✅ 0 взято | 🗑️ 0 мусор
2026-06-02 23:31:13,847 | INFO     |   → 350/913: ✅ 0 взято | 🗑️ 0 мусор
2026-06-02 23:31:13,847 | INFO     |   → 351/913: ✅ 0 взято | 🗑️ 0 мусор
2026-06-02 23:31:13,847 | INFO     |   → 352/913: ✅ 0 взято | 🗑️ 0 мусор
2026-06-02 23:31:13,847 | INFO     |   → 353/913: ✅ 0 взято | 🗑️ 0 мусор
2026-06-02 23:31:13,847 | INFO     |   → 354/913: ✅ 0 взято | 🗑️ 0 мусор
2026-06-02 23:31:13,847 | INFO     |   → 355/913: ✅ 46 взято | 🗑️ 111 мусор
2026-06-02 23:31:13,847 | INFO     |   → 356/913 ❌ HTTP 404 — https://raw.githubusercontent.com/RKPchannel/RKP_bypass_configs/main/configs
2026-06-02 23:31:13,847 | INFO     |   → 357/913: ✅ 0 взято | 🗑️ 35 мусор
2026-06-02 23:31:13,847 | INFO     |   → 358/913: ✅ 0 взято | 🗑️ 0 мусор
2026-06-02 23:31:13,847 | INFO     |   → 359/913: ✅ 0 взято | 🗑️ 50 мусор
2026-06-02 23:31:13,847 | INFO     |   → 360/913: ✅ 0 взято | 🗑️ 0 мусор
2026-06-02 23:31:13,847 | INFO     |   → 361/913: ✅ 0 взято | 🗑️ 0 мусор
2026-06-02 23:31:13,847 | INFO     |   → 362/913: ✅ 5 взято | 🗑️ 206 мусор
2026-06-02 23:31:13,847 | INFO     |   → 363/913: ✅ 21 взято | 🗑️ 138 мусор
2026-06-02 23:31:13,847 | INFO     |   → 364/913: ✅ 23 взято | 🗑️ 89 мусор
2026-06-02 23:31:13,847 | INFO     |   → 365/913: ✅ 9 взято | 🗑️ 85 мусор
2026-06-02 23:31:13,847 | INFO     |   → 366/913: ✅ 0 взято | 🗑️ 129 мусор
2026-06-02 23:31:13,847 | INFO     |   → 367/913: ✅ 0 взято | 🗑️ 81 мусор
2026-06-02 23:31:13,847 | INFO     |   → 368/913 ❌ HTTP 404 — https://raw.githubusercontent.com/STR97/STRUGOV/main/BYPASS
2026-06-02 23:31:13,847 | INFO     |   → 369/913 ❌ HTTP 404 — https://raw.githubusercontent.com/STR97/STRUGOV/main/CUSTOM
2026-06-02 23:31:13,847 | INFO     |   → 370/913 ❌ HTTP 404 — https://raw.githubusercontent.com/STR97/STRUGOV/main/STR
2026-06-02 23:31:13,847 | INFO     |   → 371/913 ❌ HTTP 404 — https://raw.githubusercontent.com/STR97/STRUGOV/main/STR.BYPASS
2026-06-02 23:31:13,847 | INFO     |   → 372/913 ❌ HTTP 404 — https://raw.githubusercontent.com/STR97/STRUGOV/main/Vless
2026-06-02 23:31:13,847 | INFO     |   → 373/913 ❌ HTTP 404 — https://raw.githubusercontent.com/STR97/STRUGOV/refs/heads/main/STR.BYPASS
2026-06-02 23:31:13,848 | INFO     |   → 374/913: ✅ 4 взято | 🗑️ 34 мусор
2026-06-02 23:31:13,848 | INFO     |   → 375/913: ✅ 11 взято | 🗑️ 16 мусор
2026-06-02 23:31:13,848 | INFO     |   → 376/913: ✅ 0 взято | 🗑️ 16 мусор
2026-06-02 23:31:13,848 | INFO     |   → 377/913: ✅ 0 взято | 🗑️ 27 мусор
2026-06-02 23:31:13,848 | INFO     |   → 378/913: ✅ 140 взято | 🗑️ 1153 мусор
2026-06-02 23:31:13,848 | INFO     |   → 379/913: ✅ 102 взято | 🗑️ 2114 мусор
2026-06-02 23:31:13,848 | INFO     |   → 380/913: ✅ 14 взято | 🗑️ 1033 мусор
2026-06-02 23:31:13,848 | INFO     |   → 381/913: ✅ 167 взято | 🗑️ 3031 мусор
2026-06-02 23:31:13,848 | INFO     |   → 382/913: ✅ 201 взято | 🗑️ 451 мусор
2026-06-02 23:31:13,848 | INFO     |   → 383/913: ✅ 64 взято | 🗑️ 4592 мусор
2026-06-02 23:31:13,848 | INFO     |   → 384/913: ✅ 76 взято | 🗑️ 362 мусор
2026-06-02 23:31:13,848 | INFO     |   → 385/913: ✅ 29 взято | 🗑️ 54 мусор
2026-06-02 23:31:13,848 | INFO     |   → 386/913: ✅ 0 взято | 🗑️ 0 мусор
2026-06-02 23:31:13,848 | INFO     |   → 387/913: ✅ 0 взято | 🗑️ 0 мусор
2026-06-02 23:31:13,848 | INFO     |   → 388/913: ✅ 209 взято | 🗑️ 2411 мусор
2026-06-02 23:31:13,848 | INFO     |   → 389/913: ✅ 0 взято | 🗑️ 0 мусор
2026-06-02 23:31:13,848 | INFO     |   → 390/913: ✅ 0 взято | 🗑️ 0 мусор
2026-06-02 23:31:13,848 | INFO     |   → 391/913: ✅ 0 взято | 🗑️ 67 мусор
2026-06-02 23:31:13,848 | INFO     |   → 392/913: ✅ 9 взято | 🗑️ 145 мусор
2026-06-02 23:31:13,848 | INFO     |   → 393/913: ✅ 147 взято | 🗑️ 1840 мусор
2026-06-02 23:31:13,848 | INFO     |   → 394/913: ✅ 2 взято | 🗑️ 90 мусор
2026-06-02 23:31:13,848 | INFO     |   → 395/913: ✅ 0 взято | 🗑️ 0 мусор
2026-06-02 23:31:13,849 | INFO     |   → 396/913: ✅ 0 взято | 🗑️ 67 мусор
2026-06-02 23:31:13,849 | INFO     |   → 397/913 ❌ HTTP 404 — https://raw.githubusercontent.com/Syavar/V2ray-Configs/main/OK_TLS_activision.com.txt
2026-06-02 23:31:13,849 | INFO     |   → 398/913: ✅ 3 взято | 🗑️ 1 мусор
2026-06-02 23:31:13,849 | INFO     |   → 399/913: ✅ 3 взято | 🗑️ 1 мусор
2026-06-02 23:31:13,849 | INFO     |   → 400/913: ✅ 3 взято | 🗑️ 1 мусор
2026-06-02 23:31:13,849 | INFO     |   → 401/913: ✅ 3 взято | 🗑️ 1 мусор
2026-06-02 23:31:13,849 | INFO     |   → 402/913 ❌ HTTP 404 — https://raw.githubusercontent.com/Syavar/V2ray-Configs/main/OK_TLS_viber.com.txt
2026-06-02 23:31:13,849 | INFO     |   → 403/913: ✅ 3 взято | 🗑️ 1 мусор
2026-06-02 23:31:13,849 | INFO     |   → 404/913: ✅ 3 взято | 🗑️ 1 мусор
2026-06-02 23:31:13,849 | INFO     |   → 405/913 ❌ HTTP 404 — https://raw.githubusercontent.com/Syavar/V2ray-Configs/main/OK_activision.com.txt
2026-06-02 23:31:13,849 | INFO     |   → 406/913 ❌ HTTP 404 — https://raw.githubusercontent.com/Syavar/V2ray-Configs/main/OK_css.rbxcdn.com.txt
2026-06-02 23:31:13,849 | INFO     |   → 407/913 ❌ HTTP 404 — https://raw.githubusercontent.com/Syavar/V2ray-Configs/main/OK_google.com.txt
2026-06-02 23:31:13,849 | INFO     |   → 408/913 ❌ HTTP 404 — https://raw.githubusercontent.com/Syavar/V2ray-Configs/main/OK_speedtest.tinkoff.ru.txt
2026-06-02 23:31:13,849 | INFO     |   → 409/913 ❌ HTTP 404 — https://raw.githubusercontent.com/Syavar/V2ray-Configs/main/OK_telegram.org.txt
2026-06-02 23:31:13,849 | INFO     |   → 410/913 ❌ HTTP 404 — https://raw.githubusercontent.com/Syavar/V2ray-Configs/main/OK_viber.com.txt
2026-06-02 23:31:13,849 | INFO     |   → 411/913 ❌ HTTP 404 — https://raw.githubusercontent.com/Syavar/V2ray-Configs/main/OK_vk.com.txt
2026-06-02 23:31:13,849 | INFO     |   → 412/913 ❌ HTTP 404 — https://raw.githubusercontent.com/Syavar/V2ray-Configs/main/OK_whatsapp.com.txt
2026-06-02 23:31:13,849 | INFO     |   → 413/913: ✅ 309 взято | 🗑️ 727 мусор
2026-06-02 23:31:13,849 | INFO     |   → 414/913: ✅ 4 взято | 🗑️ 291 мусор
2026-06-02 23:31:13,850 | INFO     |   → 415/913: ✅ 0 взято | 🗑️ 119 мусор
2026-06-02 23:31:13,850 | INFO     |   → 416/913: ✅ 0 взято | 🗑️ 0 мусор
2026-06-02 23:31:13,850 | INFO     |   → 417/913 ❌ HTTP 404 — https://raw.githubusercontent.com/V2RAYCONFIGSPOOL/V2RAY_SUB/main/V2RAY_SUB.txt
2026-06-02 23:31:13,850 | INFO     |   → 418/913: ✅ 10 взято | 🗑️ 10 мусор
2026-06-02 23:31:13,850 | INFO     |   → 419/913: ✅ 4 взято | 🗑️ 11 мусор
2026-06-02 23:31:13,850 | INFO     |   → 420/913: ✅ 7 взято | 🗑️ 7 мусор
2026-06-02 23:31:13,850 | INFO     |   → 421/913: ✅ 6 взято | 🗑️ 11 мусор
2026-06-02 23:31:13,850 | INFO     |   → 422/913: ✅ 2 взято | 🗑️ 18 мусор
2026-06-02 23:31:13,850 | INFO     |   → 423/913: ✅ 5 взято | 🗑️ 15 мусор
2026-06-02 23:31:13,850 | INFO     |   → 424/913: ✅ 2 взято | 🗑️ 16 мусор
2026-06-02 23:31:13,850 | INFO     |   → 425/913: ✅ 2 взято | 🗑️ 16 мусор
2026-06-02 23:31:13,850 | INFO     |   → 426/913: ✅ 4 взято | 🗑️ 12 мусор
2026-06-02 23:31:13,850 | INFO     |   → 427/913: ✅ 3 взято | 🗑️ 14 мусор
2026-06-02 23:31:13,850 | INFO     |   → 428/913: ✅ 76 взято | 🗑️ 99 мусор
2026-06-02 23:31:13,850 | INFO     |   → 429/913: ✅ 0 взято | 🗑️ 5 мусор
2026-06-02 23:31:13,850 | INFO     |   → 430/913: ✅ 0 взято | 🗑️ 0 мусор
2026-06-02 23:31:13,850 | INFO     |   → 431/913: ✅ 16 взято | 🗑️ 17 мусор
2026-06-02 23:31:13,850 | INFO     |   → 432/913: ✅ 0 взято | 🗑️ 0 мусор
2026-06-02 23:31:13,850 | INFO     |   → 433/913: ✅ 0 взято | 🗑️ 17 мусор
2026-06-02 23:31:13,850 | INFO     |   → 434/913: ✅ 58 взято | 🗑️ 348 мусор
2026-06-02 23:31:13,850 | INFO     |   → 435/913: ✅ 0 взято | 🗑️ 231 мусор
2026-06-02 23:31:13,850 | INFO     |   → 436/913: ✅ 0 взято | 🗑️ 0 мусор
2026-06-02 23:31:13,851 | INFO     |   → 437/913: ✅ 0 взято | 🗑️ 19 мусор
2026-06-02 23:31:13,851 | INFO     |   → 438/913: ✅ 123 взято | 🗑️ 432 мусор
2026-06-02 23:31:13,851 | INFO     |   → 439/913: ✅ 0 взято | 🗑️ 83 мусор
2026-06-02 23:31:13,851 | INFO     |   → 440/913: ✅ 0 взято | 🗑️ 16 мусор
2026-06-02 23:31:13,851 | INFO     |   → 441/913: ✅ 0 взято | 🗑️ 16 мусор
2026-06-02 23:31:13,851 | INFO     |   → 442/913 ❌ HTTP 404 — https://raw.githubusercontent.com/aiboboxx/clashfree/main/clash.yml
2026-06-02 23:31:13,851 | INFO     |   → 443/913 ❌ HTTP 404 — https://raw.githubusercontent.com/aiboboxx/clashfree/refs/heads/main/clash.yml
2026-06-02 23:31:13,851 | INFO     |   → 444/913 ❌ HTTP 404 — https://raw.githubusercontent.com/aiboboxx/v2rayfree/main/v2
2026-06-02 23:31:13,851 | INFO     |   → 445/913 ❌ HTTP 404 — https://raw.githubusercontent.com/amirmohammad-mohammad-88/Sub-Reality-Azadi-config/Config/Azadi-Reality-Different
2026-06-02 23:31:13,851 | INFO     |   → 446/913 ❌ HTTP 404 — https://raw.githubusercontent.com/amirmohammad-mohammad-88/Sub-Reality-Azadi-config/Config/Azadi-Reality-Different-Base64
2026-06-02 23:31:13,851 | INFO     |   → 447/913: ✅ 1 взято | 🗑️ 17 мусор
2026-06-02 23:31:13,851 | INFO     |   → 448/913: ✅ 0 взято | 🗑️ 0 мусор
2026-06-02 23:31:13,851 | INFO     |   → 449/913: ✅ 0 взято | 🗑️ 0 мусор
2026-06-02 23:31:13,851 | INFO     |   → 450/913: ✅ 4 взято | 🗑️ 114 мусор
2026-06-02 23:31:13,851 | INFO     |   → 451/913: ✅ 21 взято | 🗑️ 51 мусор
2026-06-02 23:31:13,851 | INFO     |   → 452/913: ✅ 0 взято | 🗑️ 246 мусор
2026-06-02 23:31:13,851 | INFO     |   → 453/913: ✅ 0 взято | 🗑️ 157 мусор
2026-06-02 23:31:13,851 | INFO     |   → 454/913: ✅ 23 взято | 🗑️ 69 мусор
2026-06-02 23:31:13,851 | INFO     |   → 455/913 ❌ HTTP 404 — https://raw.githubusercontent.com/awesome-vpn/awesome-vpn/master/ss
2026-06-02 23:31:13,851 | INFO     |   → 456/913 ❌ HTTP 404 — https://raw.githubusercontent.com/awesome-vpn/awesome-vpn/master/ssr
2026-06-02 23:31:13,851 | INFO     |   → 457/913: ✅ 0 взято | 🗑️ 0 мусор
2026-06-02 23:31:13,851 | INFO     |   → 458/913: ✅ 0 взято | 🗑️ 22 мусор
2026-06-02 23:31:13,852 | INFO     |   → 459/913: ✅ 0 взято | 🗑️ 2992 мусор
2026-06-02 23:31:13,852 | INFO     |   → 460/913: ✅ 0 взято | 🗑️ 282 мусор
2026-06-02 23:31:13,852 | INFO     |   → 461/913: ✅ 0 взято | 🗑️ 2214 мусор
2026-06-02 23:31:13,852 | INFO     |   → 462/913: ✅ 0 взято | 🗑️ 162 мусор
2026-06-02 23:31:13,852 | INFO     |   → 463/913 ❌ HTTP 404 — https://raw.githubusercontent.com/barry-far/V2ray-Configs/ced94ddfff48276ec365b40227561f36b1b64bc8/Sub5.txt
2026-06-02 23:31:13,852 | INFO     |   → 464/913 ❌ HTTP 404 — https://raw.githubusercontent.com/barry-far/V2ray-Configs/main/Splitted-By-Protocol/hysteria2.txt
2026-06-02 23:31:13,852 | INFO     |   → 465/913 ❌ HTTP 404 — https://raw.githubusercontent.com/barry-far/V2ray-Configs/main/Splitted-By-Protocol/vless.txt
2026-06-02 23:31:13,852 | INFO     |   → 466/913 ❌ HTTP 404 — https://raw.githubusercontent.com/barry-far/V2ray-Configs/main/Sub1.txt
2026-06-02 23:31:13,852 | INFO     |   → 467/913 ❌ HTTP 404 — https://raw.githubusercontent.com/barry-far/V2ray-Configs/refs/heads/main/All_Configs_Sub.txt
2026-06-02 23:31:13,852 | INFO     |   → 468/913: ✅ 0 взято | 🗑️ 282 мусор
2026-06-02 23:31:13,852 | INFO     |   → 469/913: ✅ 0 взято | 🗑️ 2214 мусор
2026-06-02 23:31:13,852 | INFO     |   → 470/913: ✅ 0 взято | 🗑️ 162 мусор
2026-06-02 23:31:13,852 | INFO     |   → 471/913: ✅ 0 взято | 🗑️ 0 мусор
2026-06-02 23:31:13,852 | INFO     |   → 472/913 ❌ HTTP 404 — https://raw.githubusercontent.com/budamu/clashconfig/main/v2ray.txt
2026-06-02 23:31:13,852 | INFO     |   → 473/913 ❌ HTTP 404 — https://raw.githubusercontent.com/budamu/clashconfig/main/v2ray2.txt
2026-06-02 23:31:13,852 | INFO     |   → 474/913 ❌ HTTP 404 — https://raw.githubusercontent.com/bywarm/whitelists-vpns-etc/main/whitelists1-4pda.txt
2026-06-02 23:31:13,852 | INFO     |   → 475/913: ✅ 7 взято | 🗑️ 102 мусор
2026-06-02 23:31:13,852 | INFO     |   → 476/913: ✅ 0 взято | 🗑️ 0 мусор
2026-06-02 23:31:13,852 | INFO     |   → 477/913: ✅ 0 взято | 🗑️ 102 мусор
2026-06-02 23:31:13,852 | INFO     |   → 478/913: ✅ 0 взято | 🗑️ 0 мусор
2026-06-02 23:31:13,852 | INFO     |   → 479/913: ✅ 0 взято | 🗑️ 442 мусор
2026-06-02 23:31:13,852 | INFO     |   → 480/913: ✅ 0 взято | 🗑️ 0 мусор
2026-06-02 23:31:13,852 | INFO     |   → 481/913 ❌ HTTP 404 — https://raw.githubusercontent.com/chxxyz2004/zd/17fca23b73c46b5dd73e9be49b14d219b5e5f836/sub/2401/240110.txt
2026-06-02 23:31:13,852 | INFO     |   → 482/913: ✅ 0 взято | 🗑️ 44 мусор
2026-06-02 23:31:13,853 | INFO     |   → 483/913: ✅ 356 взято | 🗑️ 5284 мусор
2026-06-02 23:31:13,853 | INFO     |   → 484/913: ✅ 236 взято | 🗑️ 517 мусор
2026-06-02 23:31:13,853 | INFO     |   → 485/913 ❌ HTTP 404 — https://raw.githubusercontent.com/cxr9912/cxr2022/main/free.yaml
2026-06-02 23:31:13,853 | INFO     |   → 486/913 ❌ HTTP 404 — https://raw.githubusercontent.com/cxr9912/cxr2022/main/mix.yaml
2026-06-02 23:31:13,853 | INFO     |   → 487/913 ❌ HTTP 404 — https://raw.githubusercontent.com/cxr9912/cxr2022/main/ss.yaml
2026-06-02 23:31:13,853 | INFO     |   → 488/913 ❌ HTTP 404 — https://raw.githubusercontent.com/cxr9912/cxr2022/main/ssr.yaml
2026-06-02 23:31:13,853 | INFO     |   → 489/913 ❌ HTTP 404 — https://raw.githubusercontent.com/cxr9912/cxr2022/main/vmess.yaml
2026-06-02 23:31:13,853 | INFO     |   → 490/913 ❌ HTTP 404 — https://raw.githubusercontent.com/cxr9912/cxr2022/refs/heads/main/18cj.json
2026-06-02 23:31:13,853 | INFO     |   → 491/913 ❌ HTTP 404 — https://raw.githubusercontent.com/cxr9912/cxr2022/refs/heads/main/aaaaaaaa.yaml
2026-06-02 23:31:13,853 | INFO     |   → 492/913 ❌ HTTP 404 — https://raw.githubusercontent.com/cxr9912/cxr2022/refs/heads/main/free.yaml
2026-06-02 23:31:13,853 | INFO     |   → 493/913 ❌ HTTP 404 — https://raw.githubusercontent.com/cxr9912/cxr2022/refs/heads/main/ss2088.txt
2026-06-02 23:31:13,853 | INFO     |   → 494/913: ✅ 0 взято | 🗑️ 18 мусор
2026-06-02 23:31:13,853 | INFO     |   → 495/913: ✅ 0 взято | 🗑️ 18 мусор
2026-06-02 23:31:13,853 | INFO     |   → 496/913: ✅ 6 взято | 🗑️ 78 мусор
2026-06-02 23:31:13,853 | INFO     |   → 497/913: ✅ 6 взято | 🗑️ 4 мусор
2026-06-02 23:31:13,853 | INFO     |   → 498/913: ✅ 0 взято | 🗑️ 2 мусор
2026-06-02 23:31:13,853 | INFO     |   → 499/913: ✅ 0 взято | 🗑️ 2 мусор
2026-06-02 23:31:13,853 | INFO     |   → 500/913: ✅ 0 взято | 🗑️ 2 мусор
2026-06-02 23:31:13,853 | INFO     |   → 501/913: ✅ 0 взято | 🗑️ 3 мусор
2026-06-02 23:31:13,853 | INFO     |   → 502/913: ✅ 0 взято | 🗑️ 2 мусор
2026-06-02 23:31:13,853 | INFO     |   → 503/913: ✅ 0 взято | 🗑️ 9 мусор
2026-06-02 23:31:13,853 | INFO     |   → 504/913: ✅ 1 взято | 🗑️ 1 мусор
2026-06-02 23:31:13,853 | INFO     |   → 505/913: ✅ 0 взято | 🗑️ 10 мусор
2026-06-02 23:31:13,854 | INFO     |   → 506/913: ✅ 0 взято | 🗑️ 2 мусор
2026-06-02 23:31:13,854 | INFO     |   → 507/913: ✅ 0 взято | 🗑️ 0 мусор
2026-06-02 23:31:13,854 | INFO     |   → 508/913: ✅ 0 взято | 🗑️ 0 мусор
2026-06-02 23:31:13,854 | INFO     |   → 509/913: ✅ 6262 взято | 🗑️ 124847 мусор
2026-06-02 23:31:13,854 | INFO     |   → 510/913: ✅ 6 взято | 🗑️ 128 мусор
2026-06-02 23:31:13,854 | INFO     |   → 511/913: ✅ 6748 взято | 🗑️ 134866 мусор
2026-06-02 23:31:13,854 | INFO     |   → 512/913: ✅ 4717 взято | 🗑️ 89576 мусор
2026-06-02 23:31:13,854 | INFO     |   → 513/913: ✅ 86 взято | 🗑️ 5492 мусор
2026-06-02 23:31:13,854 | INFO     |   → 514/913: ✅ 5881 взято | 🗑️ 124860 мусор
2026-06-02 23:31:13,854 | INFO     |   → 515/913: ✅ 0 взято | 🗑️ 128 мусор
2026-06-02 23:31:13,854 | INFO     |   → 516/913: ✅ 6 взято | 🗑️ 113 мусор
2026-06-02 23:31:13,854 | INFO     |   → 517/913: ✅ 0 взято | 🗑️ 0 мусор
2026-06-02 23:31:13,854 | INFO     |   → 518/913: ✅ 1 взято | 🗑️ 25 мусор
2026-06-02 23:31:13,854 | INFO     |   → 519/913: ✅ 0 взято | 🗑️ 0 мусор
2026-06-02 23:31:13,854 | INFO     |   → 520/913: ✅ 13 взято | 🗑️ 19 мусор
2026-06-02 23:31:13,854 | INFO     |   → 521/913: ✅ 0 взято | 🗑️ 5 мусор
2026-06-02 23:31:13,854 | INFO     |   → 522/913: ✅ 2 взято | 🗑️ 80 мусор
2026-06-02 23:31:13,854 | INFO     |   → 523/913: ✅ 0 взято | 🗑️ 0 мусор
2026-06-02 23:31:13,854 | INFO     |   → 524/913: ✅ 5 взято | 🗑️ 169 мусор
2026-06-02 23:31:13,854 | INFO     |   → 525/913: ✅ 34 взято | 🗑️ 121 мусор
2026-06-02 23:31:13,854 | INFO     |   → 526/913: ✅ 4 взято | 🗑️ 97 мусор
2026-06-02 23:31:13,854 | INFO     |   → 527/913 ❌ HTTP 404 — https://raw.githubusercontent.com/free18/v2ray/main/Clash.yaml
2026-06-02 23:31:13,854 | INFO     |   → 528/913: ✅ 0 взято | 🗑️ 0 мусор
2026-06-02 23:31:13,855 | INFO     |   → 529/913: ✅ 57 взято | 🗑️ 146 мусор
2026-06-02 23:31:13,855 | INFO     |   → 530/913: ✅ 0 взято | 🗑️ 0 мусор
2026-06-02 23:31:13,855 | INFO     |   → 531/913: ✅ 0 взято | 🗑️ 15 мусор
2026-06-02 23:31:13,855 | INFO     |   → 532/913: ✅ 0 взято | 🗑️ 0 мусор
2026-06-02 23:31:13,855 | INFO     |   → 533/913: ✅ 0 взято | 🗑️ 8 мусор
2026-06-02 23:31:13,855 | INFO     |   → 534/913: ✅ 0 взято | 🗑️ 8 мусор
2026-06-02 23:31:13,855 | INFO     |   → 535/913: ✅ 0 взято | 🗑️ 8 мусор
2026-06-02 23:31:13,855 | INFO     |   → 536/913: ✅ 0 взято | 🗑️ 8 мусор
2026-06-02 23:31:13,855 | INFO     |   → 537/913 ❌ HTTP 404 — https://raw.githubusercontent.com/freev2rayconfig/V2RAY_SUB/3e6a7786a1601ee3723e8d043ae79e70dbdfd9a8/v2rayconfigs.txt
2026-06-02 23:31:13,855 | INFO     |   → 538/913 ❌ HTTP 404 — https://raw.githubusercontent.com/freev2rayconfig/V2RAY_SUBSCRIPTION_LINK/main/v2rayconfigs.txt
2026-06-02 23:31:13,855 | INFO     |   → 539/913: ✅ 0 взято | 🗑️ 5 мусор
2026-06-02 23:31:13,855 | INFO     |   → 540/913 ❌ HTTP 404 — https://raw.githubusercontent.com/gfpcom/free-proxy-list/main/list/http.txt
2026-06-02 23:31:13,855 | INFO     |   → 541/913 ❌ HTTP 404 — https://raw.githubusercontent.com/gfpcom/free-proxy-list/main/list/https.txt
2026-06-02 23:31:13,855 | INFO     |   → 542/913 ❌ HTTP 404 — https://raw.githubusercontent.com/gfpcom/free-proxy-list/main/list/socks4.txt
2026-06-02 23:31:13,855 | INFO     |   → 543/913 ❌ HTTP 404 — https://raw.githubusercontent.com/gfpcom/free-proxy-list/main/list/socks4a.txt
2026-06-02 23:31:13,855 | INFO     |   → 544/913 ❌ HTTP 404 — https://raw.githubusercontent.com/gfpcom/free-proxy-list/main/list/socks5.txt
2026-06-02 23:31:13,855 | INFO     |   → 545/913 ❌ HTTP 404 — https://raw.githubusercontent.com/gfpcom/free-proxy-list/main/list/socks5h.txt
2026-06-02 23:31:13,855 | INFO     |   → 546/913 ❌ HTTP 404 — https://raw.githubusercontent.com/gfpcom/free-proxy-list/main/list/ss.txt
2026-06-02 23:31:13,855 | INFO     |   → 547/913 ❌ HTTP 404 — https://raw.githubusercontent.com/gfpcom/free-proxy-list/main/list/ssr.txt
2026-06-02 23:31:13,855 | INFO     |   → 548/913 ❌ HTTP 404 — https://raw.githubusercontent.com/gfpcom/free-proxy-list/main/list/trojan.txt
2026-06-02 23:31:13,855 | INFO     |   → 549/913 ❌ HTTP 404 — https://raw.githubusercontent.com/gfpcom/free-proxy-list/main/list/vless.txt
2026-06-02 23:31:13,855 | INFO     |   → 550/913 ❌ HTTP 404 — https://raw.githubusercontent.com/gfpcom/free-proxy-list/main/list/vmess.txt
2026-06-02 23:31:13,855 | INFO     |   → 551/913: ✅ 0 взято | 🗑️ 17 мусор
2026-06-02 23:31:13,856 | INFO     |   → 552/913: ✅ 0 взято | 🗑️ 0 мусор
2026-06-02 23:31:13,856 | INFO     |   → 553/913: ✅ 0 взято | 🗑️ 0 мусор
2026-06-02 23:31:13,856 | INFO     |   → 554/913: ✅ 4 взято | 🗑️ 63 мусор
2026-06-02 23:31:13,856 | INFO     |   → 555/913: ✅ 480 взято | 🗑️ 1845 мусор
2026-06-02 23:31:13,856 | INFO     |   → 556/913: ✅ 296 взято | 🗑️ 1292 мусор
2026-06-02 23:31:13,856 | INFO     |   → 557/913: ✅ 255 взято | 🗑️ 4077 мусор
2026-06-02 23:31:13,856 | INFO     |   → 558/913: ✅ 11 взято | 🗑️ 2297 мусор
2026-06-02 23:31:13,856 | INFO     |   → 559/913 ❌ HTTP 404 — https://raw.githubusercontent.com/hameed-maleki/TVC/89a4522969c57dcc22458cae9898426e5c4f2679/lite/config.txt
2026-06-02 23:31:13,856 | INFO     |   → 560/913: ✅ 0 взято | 🗑️ 0 мусор
2026-06-02 23:31:13,856 | INFO     |   → 561/913: ✅ 5 взято | 🗑️ 132 мусор
2026-06-02 23:31:13,856 | INFO     |   → 562/913: ✅ 0 взято | 🗑️ 56 мусор
2026-06-02 23:31:13,856 | INFO     |   → 563/913 ❌ HTTP 404 — https://raw.githubusercontent.com/hkaa0/permalink/main/proxy/V2ray
2026-06-02 23:31:13,856 | INFO     |   → 564/913: ✅ 2 взято | 🗑️ 131 мусор
2026-06-02 23:31:13,856 | INFO     |   → 565/913 ❌ HTTP 404 — https://raw.githubusercontent.com/hkaa0/permalink/main/proxy/clash
2026-06-02 23:31:13,856 | INFO     |   → 566/913 ❌ HTTP 404 — https://raw.githubusercontent.com/hkpc/Autoproxy/6cf946ddfc677a29062007e4b47d70674474baa7/sub/2401/240110.txt
2026-06-02 23:31:13,856 | INFO     |   → 567/913 ❌ HTTP 404 — https://raw.githubusercontent.com/hkpc/V2ray-Configs/7d9aa0dabf947af180a7dd6302818ed37950531a/Sub1.txt
2026-06-02 23:31:13,856 | INFO     |   → 568/913: ✅ 0 взято | 🗑️ 14 мусор
2026-06-02 23:31:13,856 | INFO     |   → 569/913: ✅ 0 взято | 🗑️ 16 мусор
2026-06-02 23:31:13,856 | INFO     |   → 570/913 ❌ HTTP 404 — https://raw.githubusercontent.com/iboxz/free-v2ray-collector/main/main
2026-06-02 23:31:13,856 | INFO     |   → 571/913: ✅ 117 взято | 🗑️ 266 мусор
2026-06-02 23:31:13,856 | INFO     |   → 572/913: ✅ 0 взято | 🗑️ 21 мусор
2026-06-02 23:31:13,856 | INFO     |   → 573/913: ✅ 0 взято | 🗑️ 13 мусор
2026-06-02 23:31:13,856 | INFO     |   → 574/913: ✅ 0 взято | 🗑️ 218 мусор
2026-06-02 23:31:13,856 | INFO     |   → 575/913: ✅ 0 взято | 🗑️ 14 мусор
2026-06-02 23:31:13,856 | INFO     |   → 576/913: ✅ 6 взято | 🗑️ 7 мусор
2026-06-02 23:31:13,856 | INFO     |   → 577/913: ✅ 48 взято | 🗑️ 32 мусор
2026-06-02 23:31:13,857 | INFO     |   → 578/913: ✅ 0 взято | 🗑️ 39 мусор
2026-06-02 23:31:13,857 | INFO     |   → 579/913 ❌ HTTP 404 — https://raw.githubusercontent.com/igareck/vpn-configs-for-russia/refs/heads/main/Vless-Reality-White-Lists-Rus-Cable.txt
2026-06-02 23:31:13,857 | INFO     |   → 580/913: ✅ 35 взято | 🗑️ 24 мусор
2026-06-02 23:31:13,857 | INFO     |   → 581/913: ✅ 0 взято | 🗑️ 0 мусор
2026-06-02 23:31:13,857 | INFO     |   → 582/913: ✅ 0 взято | 🗑️ 0 мусор
2026-06-02 23:31:13,857 | INFO     |   → 583/913: ✅ 0 взято | 🗑️ 9 мусор
2026-06-02 23:31:13,857 | INFO     |   → 584/913: ✅ 1 взято | 🗑️ 366 мусор
2026-06-02 23:31:13,857 | INFO     |   → 585/913: ✅ 0 взято | 🗑️ 0 мусор
2026-06-02 23:31:13,857 | INFO     |   → 586/913: ✅ 0 взято | 🗑️ 0 мусор
2026-06-02 23:31:13,857 | INFO     |   → 587/913: ✅ 0 взято | 🗑️ 12 мусор
2026-06-02 23:31:13,857 | INFO     |   → 588/913: ✅ 0 взято | 🗑️ 43 мусор
2026-06-02 23:31:13,857 | INFO     |   → 589/913 ❌ HTTP 404 — https://raw.githubusercontent.com/jw853355718/clash_233/master/config.yml
2026-06-02 23:31:13,857 | INFO     |   → 590/913: ✅ 0 взято | 🗑️ 210 мусор
2026-06-02 23:31:13,857 | INFO     |   → 591/913: ✅ 0 взято | 🗑️ 0 мусор
2026-06-02 23:31:13,857 | INFO     |   → 592/913 ❌ HTTP 404 — https://raw.githubusercontent.com/kismetpro/NodeSuber/main/Splitted-By-Protocol/vless.txt
2026-06-02 23:31:13,857 | INFO     |   → 593/913 ❌ HTTP 404 — https://raw.githubusercontent.com/kismetpro/NodeSuber/main/out/All_Configs_Sub.txt
2026-06-02 23:31:13,857 | INFO     |   → 594/913 ❌ HTTP 404 — https://raw.githubusercontent.com/kort0881/vpn-key-vless/main/subscriptions/all.txt
2026-06-02 23:31:13,857 | INFO     |   → 595/913: ✅ 224 взято | 🗑️ 176 мусор
2026-06-02 23:31:13,857 | INFO     |   → 596/913: ✅ 0 взято | 🗑️ 29 мусор
2026-06-02 23:31:13,857 | INFO     |   → 597/913 ❌ HTTP 404 — https://raw.githubusercontent.com/koteey/Ms.Kerosin-VPN/main/proxies.txt
2026-06-02 23:31:13,857 | INFO     |   → 598/913: ✅ 534 взято | 🗑️ 1494 мусор
2026-06-02 23:31:13,857 | INFO     |   → 599/913: ✅ 1 взято | 🗑️ 121 мусор
2026-06-02 23:31:13,857 | INFO     |   → 600/913: ✅ 0 взято | 🗑️ 0 мусор
2026-06-02 23:31:13,857 | INFO     |   → 601/913 ❌ HTTP 404 — https://raw.githubusercontent.com/lcx12901/v2ray-/master/sspool.herokuapp.com/yzcloud.yaml
2026-06-02 23:31:13,857 | INFO     |   → 602/913 ❌ HTTP 404 — https://raw.githubusercontent.com/lcx12901/v2ray-/master/sspool.herokuapp.com/yzcloud2.yaml
2026-06-02 23:31:13,857 | INFO     |   → 603/913: ✅ 0 взято | 🗑️ 0 мусор
2026-06-02 23:31:13,857 | INFO     |   → 604/913 ❌ HTTP 404 — https://raw.githubusercontent.com/learnhard-cn/free_proxy_ss/main/clash/config.yaml
2026-06-02 23:31:13,857 | INFO     |   → 605/913: ✅ 0 взято | 🗑️ 8 мусор
2026-06-02 23:31:13,857 | INFO     |   → 606/913: ✅ 0 взято | 🗑️ 4 мусор
2026-06-02 23:31:13,857 | INFO     |   → 607/913: ✅ 0 взято | 🗑️ 0 мусор
2026-06-02 23:31:13,857 | INFO     |   → 608/913: ✅ 0 взято | 🗑️ 4 мусор
2026-06-02 23:31:13,857 | INFO     |   → 609/913: ✅ 0 взято | 🗑️ 149 мусор
2026-06-02 23:31:13,857 | INFO     |   → 610/913: ✅ 0 взято | 🗑️ 421 мусор
2026-06-02 23:31:13,857 | INFO     |   → 611/913: ✅ 213 взято | 🗑️ 1155 мусор
2026-06-02 23:31:13,857 | INFO     |   → 612/913 ❌ HTTP 404 — https://raw.githubusercontent.com/lisylva-lee/v2dyku/main/ssr
2026-06-02 23:31:13,857 | INFO     |   → 613/913 ❌ HTTP 404 — https://raw.githubusercontent.com/lisylva-lee/v2dyku/main/v2dy
2026-06-02 23:31:13,857 | INFO     |   → 614/913: ✅ 0 взято | 🗑️ 53 мусор
2026-06-02 23:31:13,857 | INFO     |   → 615/913: ✅ 0 взято | 🗑️ 0 мусор
2026-06-02 23:31:13,857 | INFO     |   → 616/913: ✅ 0 взято | 🗑️ 0 мусор
2026-06-02 23:31:13,857 | INFO     |   → 617/913 ❌ HTTP 404 — https://raw.githubusercontent.com/luxl-1379/merge/77247d23def72b25226dfa741614e9b07a569c72/sub/sub_merge_base64.txt
2026-06-02 23:31:13,858 | INFO     |   → 618/913 ❌ HTTP 404 — https://raw.githubusercontent.com/luxl-1379/merge/main/sub/sub_merge_base64.txt
2026-06-02 23:31:13,858 | INFO     |   → 619/913: ✅ 146 взято | 🗑️ 343 мусор
2026-06-02 23:31:13,858 | INFO     |   → 620/913: ✅ 0 взято | 🗑️ 0 мусор
2026-06-02 23:31:13,858 | INFO     |   → 621/913: ✅ 0 взято | 🗑️ 133 мусор
2026-06-02 23:31:13,858 | INFO     |   → 622/913: ✅ 0 взято | 🗑️ 133 мусор
2026-06-02 23:31:13,858 | INFO     |   → 623/913: ✅ 0 взято | 🗑️ 0 мусор
2026-06-02 23:31:13,858 | INFO     |   → 624/913: ✅ 0 взято | 🗑️ 0 мусор
2026-06-02 23:31:13,858 | INFO     |   → 625/913: ✅ 0 взято | 🗑️ 3519 мусор
2026-06-02 23:31:13,858 | INFO     |   → 626/913: ✅ 0 взято | 🗑️ 133 мусор
2026-06-02 23:31:13,858 | INFO     |   → 627/913: ✅ 0 взято | 🗑️ 0 мусор
2026-06-02 23:31:13,858 | INFO     |   → 628/913: ✅ 0 взято | 🗑️ 3519 мусор
2026-06-02 23:31:13,858 | INFO     |   → 629/913: ✅ 0 взято | 🗑️ 0 мусор
2026-06-02 23:31:13,858 | INFO     |   → 630/913: ✅ 20 взято | 🗑️ 370 мусор
2026-06-02 23:31:13,858 | INFO     |   → 631/913: ✅ 0 взято | 🗑️ 370 мусор
2026-06-02 23:31:13,858 | INFO     |   → 632/913 ❌ HTTP 404 — https://raw.githubusercontent.com/mermeroo/Clash-V2ray/main/v2ray
2026-06-02 23:31:13,858 | INFO     |   → 633/913: ✅ 714 взято | 🗑️ 6258 мусор
2026-06-02 23:31:13,858 | INFO     |   → 634/913: ✅ 15 взято | 🗑️ 417 мусор
2026-06-02 23:31:13,858 | INFO     |   → 635/913: ✅ 6 взято | 🗑️ 102 мусор
2026-06-02 23:31:13,858 | INFO     |   → 636/913: ✅ 0 взято | 🗑️ 6258 мусор
2026-06-02 23:31:13,858 | INFO     |   → 637/913: ✅ 8 взято | 🗑️ 853 мусор
2026-06-02 23:31:13,858 | INFO     |   → 638/913: ✅ 0 взято | 🗑️ 853 мусор
2026-06-02 23:31:13,858 | INFO     |   → 639/913: ✅ 32 взято | 🗑️ 69 мусор
2026-06-02 23:31:13,858 | INFO     |   → 640/913 ❌ HTTP 404 — https://raw.githubusercontent.com/mermeroo/free-v2ray-collector/main/main/mix
2026-06-02 23:31:13,858 | INFO     |   → 641/913 ❌ HTTP 404 — https://raw.githubusercontent.com/mermeroo/free-v2ray-collector/main/main/reality
2026-06-02 23:31:13,858 | INFO     |   → 642/913 ❌ HTTP 404 — https://raw.githubusercontent.com/mermeroo/free-v2ray-collector/main/main/shadowsocks
2026-06-02 23:31:13,858 | INFO     |   → 643/913 ❌ HTTP 404 — https://raw.githubusercontent.com/mermeroo/free-v2ray-collector/main/main/trojan
2026-06-02 23:31:13,858 | INFO     |   → 644/913 ❌ HTTP 404 — https://raw.githubusercontent.com/mermeroo/free-v2ray-collector/main/main/vless
2026-06-02 23:31:13,858 | INFO     |   → 645/913 ❌ HTTP 404 — https://raw.githubusercontent.com/mermeroo/free-v2ray-collector/main/main/vmess
2026-06-02 23:31:13,858 | INFO     |   → 646/913: ✅ 0 взято | 🗑️ 0 мусор
2026-06-02 23:31:13,858 | INFO     |   → 647/913: ✅ 0 взято | 🗑️ 0 мусор
2026-06-02 23:31:13,858 | INFO     |   → 648/913 ❌ HTTP 404 — https://raw.githubusercontent.com/mfuu/v2ray/master/merge/merge.txt
2026-06-02 23:31:13,858 | INFO     |   → 649/913: ✅ 14 взято | 🗑️ 279 мусор
2026-06-02 23:31:13,858 | INFO     |   → 650/913: ✅ 0 взято | 🗑️ 279 мусор
2026-06-02 23:31:13,859 | INFO     |   → 651/913: ✅ 0 взято | 🗑️ 25 мусор
2026-06-02 23:31:13,859 | INFO     |   → 652/913: ✅ 574 взято | 🗑️ 13533 мусор
2026-06-02 23:31:13,859 | INFO     |   → 653/913: ✅ 0 взято | 🗑️ 13533 мусор
2026-06-02 23:31:13,859 | INFO     |   → 654/913: ✅ 0 взято | 🗑️ 2773 мусор
2026-06-02 23:31:13,859 | INFO     |   → 655/913: ✅ 0 взято | 🗑️ 1866 мусор
2026-06-02 23:31:13,859 | INFO     |   → 656/913: ✅ 0 взято | 🗑️ 4536 мусор
2026-06-02 23:31:13,859 | INFO     |   → 657/913: ✅ 0 взято | 🗑️ 4358 мусор
2026-06-02 23:31:13,859 | INFO     |   → 658/913 ❌ HTTP 404 — https://raw.githubusercontent.com/miladtahanian/V2RayCFGDumper/refs/heads/main/config.txt
2026-06-02 23:31:13,859 | INFO     |   → 659/913 ❌ HTTP 404 — https://raw.githubusercontent.com/miladtahanian/multi-proxy-config-fetcher/refs/heads/main/configs/proxy_configs.txt
2026-06-02 23:31:13,859 | INFO     |   → 660/913: ✅ 0 взято | 🗑️ 0 мусор
2026-06-02 23:31:13,859 | INFO     |   → 661/913: ✅ 0 взято | 🗑️ 0 мусор
2026-06-02 23:31:13,859 | INFO     |   → 662/913: ✅ 0 взято | 🗑️ 0 мусор
2026-06-02 23:31:13,859 | INFO     |   → 663/913: ✅ 15 взято | 🗑️ 46 мусор
2026-06-02 23:31:13,859 | INFO     |   → 664/913: ✅ 0 взято | 🗑️ 12 мусор
2026-06-02 23:31:13,859 | INFO     |   → 665/913: ✅ 0 взято | 🗑️ 218 мусор
2026-06-02 23:31:13,859 | INFO     |   → 666/913: ✅ 0 взято | 🗑️ 34 мусор
2026-06-02 23:31:13,859 | INFO     |   → 667/913: ✅ 0 взято | 🗑️ 0 мусор
2026-06-02 23:31:13,859 | INFO     |   → 668/913: ✅ 28 взято | 🗑️ 93 мусор
2026-06-02 23:31:13,859 | INFO     |   → 669/913: ✅ 74 взято | 🗑️ 425 мусор
2026-06-02 23:31:13,859 | INFO     |   → 670/913: ✅ 168 взято | 🗑️ 330 мусор
2026-06-02 23:31:13,859 | INFO     |   → 671/913: ✅ 0 взято | 🗑️ 0 мусор
2026-06-02 23:31:13,859 | INFO     |   → 672/913: ✅ 15 взято | 🗑️ 70 мусор
2026-06-02 23:31:13,859 | INFO     |   → 673/913: ✅ 127 взято | 🗑️ 492 мусор
2026-06-02 23:31:13,859 | INFO     |   → 674/913: ✅ 331 взято | 🗑️ 190 мусор
2026-06-02 23:31:13,859 | INFO     |   → 675/913: ✅ 98 взято | 🗑️ 1710 мусор
2026-06-02 23:31:13,859 | INFO     |   → 676/913: ✅ 39 взято | 🗑️ 1124 мусор
2026-06-02 23:31:13,859 | INFO     |   → 677/913: ✅ 8 взято | 🗑️ 323 мусор
2026-06-02 23:31:13,859 | INFO     |   → 678/913: ✅ 0 взято | 🗑️ 385 мусор
2026-06-02 23:31:13,859 | INFO     |   → 679/913 ❌ HTTP 404 — https://raw.githubusercontent.com/obscure1990/freeVM/master/snippets/nodes.yml
2026-06-02 23:31:13,859 | INFO     |   → 680/913: ✅ 1181 взято | 🗑️ 177 мусор
2026-06-02 23:31:13,859 | INFO     |   → 681/913 ❌ HTTP 404 — https://raw.githubusercontent.com/op30mmd/things/909b38024ba14d69dc0f95c238f63bc6e930a00f/eut.txt
2026-06-02 23:31:13,859 | INFO     |   → 682/913 ❌ HTTP 404 — https://raw.githubusercontent.com/openRunner/clash-freenode/main/v2ray.txt
2026-06-02 23:31:13,859 | INFO     |   → 683/913 ❌ HTTP 404 — https://raw.githubusercontent.com/oslook/clash-freenode/main/clash.yaml
2026-06-02 23:31:13,859 | INFO     |   → 684/913: ✅ 0 взято | 🗑️ 0 мусор
2026-06-02 23:31:13,859 | INFO     |   → 685/913: ✅ 4 взято | 🗑️ 1 мусор
2026-06-02 23:31:13,859 | INFO     |   → 686/913: ✅ 0 взято | 🗑️ 0 мусор
2026-06-02 23:31:13,859 | INFO     |   → 687/913: ✅ 27 взято | 🗑️ 120 мусор
2026-06-02 23:31:13,859 | INFO     |   → 688/913: ✅ 0 взято | 🗑️ 0 мусор
2026-06-02 23:31:13,859 | INFO     |   → 689/913: ✅ 0 взято | 🗑️ 120 мусор
2026-06-02 23:31:13,859 | INFO     |   → 690/913: ✅ 0 взято | 🗑️ 120 мусор
2026-06-02 23:31:13,859 | INFO     |   → 691/913: ✅ 4 взято | 🗑️ 3 мусор
2026-06-02 23:31:13,859 | INFO     |   → 692/913: ✅ 6703 взято | 🗑️ 35561 мусор
2026-06-02 23:31:13,859 | INFO     |   → 693/913: ✅ 0 взято | 🗑️ 0 мусор
2026-06-02 23:31:13,859 | INFO     |   → 694/913: ✅ 0 взято | 🗑️ 0 мусор
2026-06-02 23:31:13,860 | INFO     |   → 695/913: ✅ 0 взято | 🗑️ 19 мусор
2026-06-02 23:31:13,860 | INFO     |   → 696/913: ✅ 0 взято | 🗑️ 0 мусор
2026-06-02 23:31:13,860 | INFO     |   → 697/913: ✅ 0 взято | 🗑️ 111 мусор
2026-06-02 23:31:13,860 | INFO     |   → 698/913: ✅ 0 взято | 🗑️ 1 мусор
2026-06-02 23:31:13,860 | INFO     |   → 699/913: ✅ 0 взято | 🗑️ 44 мусор
2026-06-02 23:31:13,860 | INFO     |   → 700/913: ✅ 63 взято | 🗑️ 521 мусор
2026-06-02 23:31:13,860 | INFO     |   → 701/913: ✅ 165 взято | 🗑️ 273 мусор
2026-06-02 23:31:13,860 | INFO     |   → 702/913: ✅ 0 взято | 🗑️ 0 мусор
2026-06-02 23:31:13,860 | INFO     |   → 703/913: ✅ 13 взято | 🗑️ 211 мусор
2026-06-02 23:31:13,860 | INFO     |   → 704/913: ✅ 3 взято | 🗑️ 56 мусор
2026-06-02 23:31:13,860 | INFO     |   → 705/913: ✅ 0 взято | 🗑️ 79 мусор
2026-06-02 23:31:13,860 | INFO     |   → 706/913: ✅ 13 взято | 🗑️ 32 мусор
2026-06-02 23:31:13,860 | INFO     |   → 707/913: ✅ 0 взято | 🗑️ 0 мусор
2026-06-02 23:31:13,860 | INFO     |   → 708/913: ✅ 2 взято | 🗑️ 9 мусор
2026-06-02 23:31:13,860 | INFO     |   → 709/913: ✅ 11 взято | 🗑️ 76 мусор
2026-06-02 23:31:13,860 | INFO     |   → 710/913: ✅ 0 взято | 🗑️ 168 мусор
2026-06-02 23:31:13,860 | INFO     |   → 711/913: ✅ 0 взято | 🗑️ 79 мусор
2026-06-02 23:31:13,860 | INFO     |   → 712/913: ✅ 0 взято | 🗑️ 0 мусор
2026-06-02 23:31:13,860 | INFO     |   → 713/913: ✅ 0 взято | 🗑️ 15 мусор
2026-06-02 23:31:13,860 | INFO     |   → 714/913 ❌ HTTP 404 — https://raw.githubusercontent.com/ronghuaxueleng/get_v2/main/pub/changfengoss.yaml
2026-06-02 23:31:13,860 | INFO     |   → 715/913: ✅ 0 взято | 🗑️ 0 мусор
2026-06-02 23:31:13,860 | INFO     |   → 716/913: ✅ 12 взято | 🗑️ 74 мусор
2026-06-02 23:31:13,860 | INFO     |   → 717/913: ✅ 0 взято | 🗑️ 74 мусор
2026-06-02 23:31:13,860 | INFO     |   → 718/913 ❌ HTTP 404 — https://raw.githubusercontent.com/rxsweet/CM_Vmess/refs/heads/main/test.txt
2026-06-02 23:31:13,860 | INFO     |   → 719/913 ❌ HTTP 404 — https://raw.githubusercontent.com/rxsweet/proxies/main/sub/free.yaml
2026-06-02 23:31:13,860 | INFO     |   → 720/913 ❌ HTTP 404 — https://raw.githubusercontent.com/rxsweet/proxies/main/sub/rx.yaml
2026-06-02 23:31:13,860 | INFO     |   → 721/913 ❌ HTTP 404 — https://raw.githubusercontent.com/rxsweet/proxies/main/sub/sources/dynamicAll.yaml
2026-06-02 23:31:13,860 | INFO     |   → 722/913 ❌ HTTP 404 — https://raw.githubusercontent.com/rxsweet/proxies/main/sub/sources/miningAll.yaml
2026-06-02 23:31:13,860 | INFO     |   → 723/913 ❌ HTTP 404 — https://raw.githubusercontent.com/rxsweet/proxies/main/sub/srx.yaml
2026-06-02 23:31:13,860 | INFO     |   → 724/913: ✅ 355 взято | 🗑️ 1398 мусор
2026-06-02 23:31:13,860 | INFO     |   → 725/913 ❌ HTTP 404 — https://raw.githubusercontent.com/sajad-sajadi/V2ray-Collector/raw/main/output/protocols/vmess.txt
2026-06-02 23:31:13,860 | INFO     |   → 726/913: ✅ 1475 взято | 🗑️ 1756 мусор
2026-06-02 23:31:13,860 | INFO     |   → 727/913 ❌ HTTP 404 — https://raw.githubusercontent.com/sakha1370/OpenRay/raw/refs/heads/main/output/all_valid_proxies.txt
2026-06-02 23:31:13,860 | INFO     |   → 728/913: ✅ 2 взято | 🗑️ 399 мусор
2026-06-02 23:31:13,860 | INFO     |   → 729/913: ✅ 0 взято | 🗑️ 399 мусор
2026-06-02 23:31:13,860 | INFO     |   → 730/913 ❌ HTTP 404 — https://raw.githubusercontent.com/samjoeyang/subscribe/main/fly
2026-06-02 23:31:13,860 | INFO     |   → 731/913: ✅ 0 взято | 🗑️ 0 мусор
2026-06-02 23:31:13,860 | INFO     |   → 732/913 ❌ HTTP 404 — https://raw.githubusercontent.com/satrom/V2SSR/master/SSR/Sub.txt
2026-06-02 23:31:13,860 | INFO     |   → 733/913 ❌ HTTP 404 — https://raw.githubusercontent.com/satrom/V2SSR/master/V2RAY/Sub.txt
2026-06-02 23:31:13,861 | INFO     |   → 734/913: ✅ 5061 взято | 🗑️ 100458 мусор
2026-06-02 23:31:13,861 | INFO     |   → 735/913: ✅ 0 взято | 🗑️ 0 мусор
2026-06-02 23:31:13,861 | INFO     |   → 736/913: ✅ 0 взято | 🗑️ 0 мусор
2026-06-02 23:31:13,861 | INFO     |   → 737/913: ✅ 3 взято | 🗑️ 49 мусор
2026-06-02 23:31:13,861 | INFO     |   → 738/913: ✅ 0 взято | 🗑️ 1548 мусор
2026-06-02 23:31:13,861 | INFO     |   → 739/913: ✅ 0 взято | 🗑️ 783 мусор
2026-06-02 23:31:13,861 | INFO     |   → 740/913: ✅ 0 взято | 🗑️ 81 мусор
2026-06-02 23:31:13,861 | INFO     |   → 741/913: ✅ 0 взято | 🗑️ 659 мусор
2026-06-02 23:31:13,861 | INFO     |   → 742/913: ✅ 0 взято | 🗑️ 25 мусор
2026-06-02 23:31:13,861 | INFO     |   → 743/913: ✅ 0 взято | 🗑️ 1548 мусор
2026-06-02 23:31:13,861 | INFO     |   → 744/913: ✅ 0 взято | 🗑️ 0 мусор
2026-06-02 23:31:13,861 | INFO     |   → 745/913: ✅ 0 взято | 🗑️ 0 мусор
2026-06-02 23:31:13,861 | INFO     |   → 746/913 ❌ HTTP 404 — https://raw.githubusercontent.com/shirkerboy/scp/main/sub
2026-06-02 23:31:13,861 | INFO     |   → 747/913 ❌ HTTP 404 — https://raw.githubusercontent.com/skywrt/v2ray-Collector/master/v2ray
2026-06-02 23:31:13,861 | INFO     |   → 748/913 ❌ HTTP 404 — https://raw.githubusercontent.com/snakem982/proxypool/main/nodelist.txt
2026-06-02 23:31:13,861 | INFO     |   → 749/913: ✅ 0 взято | 🗑️ 0 мусор
2026-06-02 23:31:13,861 | INFO     |   → 750/913: ✅ 0 взято | 🗑️ 3 мусор
2026-06-02 23:31:13,861 | INFO     |   → 751/913 ❌ HTTP 404 — https://raw.githubusercontent.com/snakem982/proxypool/main/source/v2ray.txt
2026-06-02 23:31:13,861 | INFO     |   → 752/913 ❌ HTTP 404 — https://raw.githubusercontent.com/soroushmirzaei/telegram-configs-collector/main/channels/protocols/hysteria
2026-06-02 23:31:13,861 | INFO     |   → 753/913 ❌ HTTP 404 — https://raw.githubusercontent.com/soroushmirzaei/telegram-configs-collector/main/channels/protocols/juicity
2026-06-02 23:31:13,861 | INFO     |   → 754/913 ❌ HTTP 404 — https://raw.githubusercontent.com/soroushmirzaei/telegram-configs-collector/main/channels/protocols/reality
2026-06-02 23:31:13,861 | INFO     |   → 755/913 ❌ HTTP 404 — https://raw.githubusercontent.com/soroushmirzaei/telegram-configs-collector/main/channels/protocols/shadowsocks
2026-06-02 23:31:13,861 | INFO     |   → 756/913 ❌ HTTP 404 — https://raw.githubusercontent.com/soroushmirzaei/telegram-configs-collector/main/channels/protocols/trojan
2026-06-02 23:31:13,861 | INFO     |   → 757/913 ❌ HTTP 404 — https://raw.githubusercontent.com/soroushmirzaei/telegram-configs-collector/main/channels/protocols/tuic
2026-06-02 23:31:13,861 | INFO     |   → 758/913 ❌ HTTP 404 — https://raw.githubusercontent.com/soroushmirzaei/telegram-configs-collector/main/channels/protocols/vless
2026-06-02 23:31:13,862 | INFO     |   → 759/913 ❌ HTTP 404 — https://raw.githubusercontent.com/soroushmirzaei/telegram-configs-collector/main/channels/protocols/vmess
2026-06-02 23:31:13,862 | INFO     |   → 760/913 ❌ HTTP 404 — https://raw.githubusercontent.com/soroushmirzaei/telegram-configs-collector/main/countries/jp/mixed
2026-06-02 23:31:13,862 | INFO     |   → 761/913 ❌ HTTP 404 — https://raw.githubusercontent.com/soroushmirzaei/telegram-configs-collector/main/protocols/hysteria
2026-06-02 23:31:13,862 | INFO     |   → 762/913 ❌ HTTP 404 — https://raw.githubusercontent.com/soroushmirzaei/telegram-configs-collector/main/protocols/juicity
2026-06-02 23:31:13,862 | INFO     |   → 763/913 ❌ HTTP 404 — https://raw.githubusercontent.com/soroushmirzaei/telegram-configs-collector/main/protocols/reality
2026-06-02 23:31:13,862 | INFO     |   → 764/913 ❌ HTTP 404 — https://raw.githubusercontent.com/soroushmirzaei/telegram-configs-collector/main/protocols/shadowsocks
2026-06-02 23:31:13,862 | INFO     |   → 765/913 ❌ HTTP 404 — https://raw.githubusercontent.com/soroushmirzaei/telegram-configs-collector/main/protocols/trojan
2026-06-02 23:31:13,862 | INFO     |   → 766/913 ❌ HTTP 404 — https://raw.githubusercontent.com/soroushmirzaei/telegram-configs-collector/main/protocols/tuic
2026-06-02 23:31:13,862 | INFO     |   → 767/913 ❌ HTTP 404 — https://raw.githubusercontent.com/soroushmirzaei/telegram-configs-collector/main/protocols/vless
2026-06-02 23:31:13,862 | INFO     |   → 768/913 ❌ HTTP 404 — https://raw.githubusercontent.com/soroushmirzaei/telegram-configs-collector/main/protocols/vmess
2026-06-02 23:31:13,862 | INFO     |   → 769/913 ❌ HTTP 404 — https://raw.githubusercontent.com/soroushmirzaei/telegram-configs-collector/main/splitted/subscribe
2026-06-02 23:31:13,862 | INFO     |   → 770/913 ❌ HTTP 404 — https://raw.githubusercontent.com/ssrsub/ssr/master/Clash.yml
2026-06-02 23:31:13,862 | INFO     |   → 771/913 ❌ HTTP 404 — https://raw.githubusercontent.com/ssrsub/ssr/master/V2Ray
2026-06-02 23:31:13,862 | INFO     |   → 772/913 ❌ HTTP 404 — https://raw.githubusercontent.com/ssrsub/ssr/master/ss-sub
2026-06-02 23:31:13,862 | INFO     |   → 773/913 ❌ HTTP 404 — https://raw.githubusercontent.com/ssrsub/ssr/master/ssrsub
2026-06-02 23:31:13,862 | INFO     |   → 774/913 ❌ HTTP 404 — https://raw.githubusercontent.com/ssrsub/ssr/master/trojan
2026-06-02 23:31:13,862 | INFO     |   → 775/913 ❌ HTTP 404 — https://raw.githubusercontent.com/ssrsub/ssr/master/vless.txt
2026-06-02 23:31:13,862 | INFO     |   → 776/913: ✅ 0 взято | 🗑️ 0 мусор
2026-06-02 23:31:13,862 | INFO     |   → 777/913: ✅ 2 взято | 🗑️ 12 мусор
2026-06-02 23:31:13,862 | INFO     |   → 778/913: ✅ 0 взято | 🗑️ 13 мусор
2026-06-02 23:31:13,862 | INFO     |   → 779/913: ✅ 0 взято | 🗑️ 13 мусор
2026-06-02 23:31:13,862 | INFO     |   → 780/913 ❌ HTTP 404 — https://raw.githubusercontent.com/tbbatbb/Proxy/master/dist/clash.config.yaml
2026-06-02 23:31:13,862 | INFO     |   → 781/913: ✅ 63 взято | 🗑️ 237 мусор
2026-06-02 23:31:13,862 | INFO     |   → 782/913: ✅ 49 взято | 🗑️ 251 мусор
2026-06-02 23:31:13,862 | INFO     |   → 783/913: ✅ 25 взято | 🗑️ 275 мусор
2026-06-02 23:31:13,862 | INFO     |   → 784/913: ✅ 26 взято | 🗑️ 274 мусор
2026-06-02 23:31:13,862 | INFO     |   → 785/913: ✅ 48 взято | 🗑️ 252 мусор
2026-06-02 23:31:13,862 | INFO     |   → 786/913: ✅ 32 взято | 🗑️ 268 мусор
2026-06-02 23:31:13,862 | INFO     |   → 787/913: ✅ 99 взято | 🗑️ 201 мусор
2026-06-02 23:31:13,862 | INFO     |   → 788/913: ✅ 159 взято | 🗑️ 141 мусор
2026-06-02 23:31:13,862 | INFO     |   → 789/913 ❌ HTTP 404 — https://raw.githubusercontent.com/thuhollow2/myconfig/main/config.yaml
2026-06-02 23:31:13,862 | INFO     |   → 790/913: ✅ 2 взято | 🗑️ 35 мусор
2026-06-02 23:31:13,862 | INFO     |   → 791/913: ✅ 0 взято | 🗑️ 0 мусор
2026-06-02 23:31:13,862 | INFO     |   → 792/913: ✅ 5 взято | 🗑️ 111 мусор
2026-06-02 23:31:13,862 | INFO     |   → 793/913: ✅ 0 взято | 🗑️ 0 мусор
2026-06-02 23:31:13,862 | INFO     |   → 794/913: ✅ 0 взято | 🗑️ 43 мусор
2026-06-02 23:31:13,862 | INFO     |   → 795/913 ❌ HTTP 404 — https://raw.githubusercontent.com/v2clash/Autoproxy/a81f840ab2364124133572ec94e4b81fb0d4e58d/sub/2401/240104.txt
2026-06-02 23:31:13,862 | INFO     |   → 796/913 ❌ HTTP 404 — https://raw.githubusercontent.com/v2clash/V2ray-Configs/31f493c584d0c7b56350f4a34d80c53ad82bcc18/Sub9.txt
2026-06-02 23:31:13,862 | INFO     |   → 797/913: ✅ 36 взято | 🗑️ 303 мусор
2026-06-02 23:31:13,863 | INFO     |   → 798/913: ✅ 0 взято | 🗑️ 0 мусор
2026-06-02 23:31:13,863 | INFO     |   → 799/913: ✅ 0 взято | 🗑️ 0 мусор
2026-06-02 23:31:13,863 | INFO     |   → 800/913: ✅ 0 взято | 🗑️ 0 мусор
2026-06-02 23:31:13,863 | INFO     |   → 801/913: ✅ 283 взято | 🗑️ 9640 мусор
2026-06-02 23:31:13,863 | INFO     |   → 802/913: ✅ 281 взято | 🗑️ 10086 мусор
2026-06-02 23:31:13,863 | INFO     |   → 803/913: ✅ 280 взято | 🗑️ 9675 мусор
2026-06-02 23:31:13,863 | INFO     |   → 804/913: ✅ 334 взято | 🗑️ 9823 мусор
2026-06-02 23:31:13,863 | INFO     |   → 805/913: ✅ 350 взято | 🗑️ 9639 мусор
2026-06-02 23:31:13,863 | INFO     |   → 806/913: ✅ 125 взято | 🗑️ 7919 мусор
2026-06-02 23:31:13,863 | INFO     |   → 807/913: ✅ 135 взято | 🗑️ 4836 мусор
2026-06-02 23:31:13,863 | INFO     |   → 808/913: ✅ 502 взято | 🗑️ 7659 мусор
2026-06-02 23:31:13,863 | INFO     |   → 809/913: ✅ 631 взято | 🗑️ 8081 мусор
2026-06-02 23:31:13,863 | INFO     |   → 810/913: ✅ 202 взято | 🗑️ 5131 мусор
2026-06-02 23:31:13,863 | INFO     |   → 811/913 ❌ HTTP 404 — https://raw.githubusercontent.com/vsevjik/OBSpiskov/main/wwh
2026-06-02 23:31:13,863 | INFO     |   → 812/913 ❌ HTTP 404 — https://raw.githubusercontent.com/vsevjik/OBSpiskov/main/wwhjk
2026-06-02 23:31:13,863 | INFO     |   → 813/913 ❌ HTTP 404 — https://raw.githubusercontent.com/vsevjik/OBSpiskov/main/wwhljjjkk
2026-06-02 23:31:13,863 | INFO     |   → 814/913 ❌ HTTP 404 — https://raw.githubusercontent.com/vveg26/chromego_merge/main/sub/merged_proxies.yaml
2026-06-02 23:31:13,863 | INFO     |   → 815/913 ❌ HTTP 404 — https://raw.githubusercontent.com/vveg26/get_proxy/main/dist/clash.config.yaml
2026-06-02 23:31:13,863 | INFO     |   → 816/913: ✅ 0 взято | 🗑️ 0 мусор
2026-06-02 23:31:13,863 | INFO     |   → 817/913: ✅ 0 взято | 🗑️ 10 мусор
2026-06-02 23:31:13,863 | INFO     |   → 818/913: ✅ 0 взято | 🗑️ 10 мусор
2026-06-02 23:31:13,863 | INFO     |   → 819/913: ✅ 0 взято | 🗑️ 4 мусор
2026-06-02 23:31:13,863 | INFO     |   → 820/913: ✅ 0 взято | 🗑️ 0 мусор
2026-06-02 23:31:13,863 | INFO     |   → 821/913: ✅ 0 взято | 🗑️ 4 мусор
2026-06-02 23:31:13,863 | INFO     |   → 822/913: ✅ 106 взято | 🗑️ 689 мусор
2026-06-02 23:31:13,863 | INFO     |   → 823/913: ✅ 48 взято | 🗑️ 841 мусор
2026-06-02 23:31:13,863 | INFO     |   → 824/913: ✅ 21 взято | 🗑️ 789 мусор
2026-06-02 23:31:13,863 | INFO     |   → 825/913: ✅ 24 взято | 🗑️ 774 мусор
2026-06-02 23:31:13,863 | INFO     |   → 826/913: ✅ 52 взято | 🗑️ 756 мусор
2026-06-02 23:31:13,863 | INFO     |   → 827/913: ✅ 191 взято | 🗑️ 745 мусор
2026-06-02 23:31:13,863 | INFO     |   → 828/913: ✅ 9 взято | 🗑️ 651 мусор
2026-06-02 23:31:13,863 | INFO     |   → 829/913: ✅ 185 взято | 🗑️ 388 мусор
2026-06-02 23:31:13,863 | INFO     |   → 830/913: ✅ 130 взято | 🗑️ 523 мусор
2026-06-02 23:31:13,863 | INFO     |   → 831/913: ✅ 67 взято | 🗑️ 533 мусор
2026-06-02 23:31:13,863 | INFO     |   → 832/913: ✅ 98 взято | 🗑️ 444 мусор
2026-06-02 23:31:13,863 | INFO     |   → 833/913: ✅ 102 взято | 🗑️ 670 мусор
2026-06-02 23:31:13,863 | INFO     |   → 834/913: ✅ 86 взято | 🗑️ 476 мусор
2026-06-02 23:31:13,863 | INFO     |   → 835/913: ✅ 95 взято | 🗑️ 657 мусор
2026-06-02 23:31:13,863 | INFO     |   → 836/913: ✅ 105 взято | 🗑️ 645 мусор
2026-06-02 23:31:13,863 | INFO     |   → 837/913: ✅ 115 взято | 🗑️ 985 мусор
2026-06-02 23:31:13,863 | INFO     |   → 838/913: ✅ 3 взято | 🗑️ 63 мусор
2026-06-02 23:31:13,863 | INFO     |   → 839/913: ✅ 3 взято | 🗑️ 62 мусор
2026-06-02 23:31:13,864 | INFO     |   → 840/913: ✅ 13 взято | 🗑️ 489 мусор
2026-06-02 23:31:13,864 | INFO     |   → 841/913: ✅ 0 взято | 🗑️ 0 мусор
2026-06-02 23:31:13,864 | INFO     |   → 842/913: ✅ 0 взято | 🗑️ 0 мусор
2026-06-02 23:31:13,864 | INFO     |   → 843/913: ✅ 0 взято | 🗑️ 0 мусор
2026-06-02 23:31:13,864 | INFO     |   → 844/913: ✅ 0 взято | 🗑️ 0 мусор
2026-06-02 23:31:13,864 | INFO     |   → 845/913: ✅ 0 взято | 🗑️ 0 мусор
2026-06-02 23:31:13,864 | INFO     |   → 846/913: ✅ 0 взято | 🗑️ 0 мусор
2026-06-02 23:31:13,864 | INFO     |   → 847/913: ✅ 0 взято | 🗑️ 52 мусор
2026-06-02 23:31:13,864 | INFO     |   → 848/913: ✅ 5 взято | 🗑️ 10 мусор
2026-06-02 23:31:13,864 | INFO     |   → 849/913: ✅ 1 взято | 🗑️ 124 мусор
2026-06-02 23:31:13,864 | INFO     |   → 850/913: ✅ 147 взято | 🗑️ 161 мусор
2026-06-02 23:31:13,864 | INFO     |   → 851/913: ✅ 0 взято | 🗑️ 9 мусор
2026-06-02 23:31:13,864 | INFO     |   → 852/913: ✅ 2 взято | 🗑️ 484 мусор
2026-06-02 23:31:13,864 | INFO     |   → 853/913: ✅ 0 взято | 🗑️ 464 мусор
2026-06-02 23:31:13,864 | INFO     |   → 854/913: ✅ 0 взято | 🗑️ 13 мусор
2026-06-02 23:31:13,864 | INFO     |   → 855/913: ✅ 0 взято | 🗑️ 0 мусор
2026-06-02 23:31:13,864 | INFO     |   → 856/913: ✅ 0 взято | 🗑️ 484 мусор
2026-06-02 23:31:13,864 | INFO     |   → 857/913 ❌ HTTP 404 — https://raw.githubusercontent.com/xiaozhu2007/xiaozhu2007/61a755a044dbaeea678bc2d1e20f21a21c6d7170/docs/fxxk.txt
2026-06-02 23:31:13,864 | INFO     |   → 858/913: ✅ 0 взято | 🗑️ 159 мусор
2026-06-02 23:31:13,864 | INFO     |   → 859/913: ✅ 0 взято | 🗑️ 22 мусор
2026-06-02 23:31:13,864 | INFO     |   → 860/913: ✅ 0 взято | 🗑️ 0 мусор
2026-06-02 23:31:13,864 | INFO     |   → 861/913 ❌ HTTP 404 — https://raw.githubusercontent.com/yebekhe/TVC/0f745f92bf381e505f1245abbc7c145b19b11503/config.txt
2026-06-02 23:31:13,864 | INFO     |   → 862/913 ❌ HTTP 404 — https://raw.githubusercontent.com/yebekhe/TVC/9fac69239c69327fb7a61f5a8d79d107133889e1/lite/config.txt
2026-06-02 23:31:13,864 | INFO     |   → 863/913 ❌ HTTP 404 — https://raw.githubusercontent.com/yebekhe/TelegramV2rayCollector/main/sub/normal/donated
2026-06-02 23:31:13,864 | INFO     |   → 864/913 ❌ HTTP 404 — https://raw.githubusercontent.com/yebekhe/TelegramV2rayCollector/main/sub/normal/hysteria2
2026-06-02 23:31:13,864 | INFO     |   → 865/913 ❌ HTTP 404 — https://raw.githubusercontent.com/yebekhe/TelegramV2rayCollector/main/sub/normal/mix
2026-06-02 23:31:13,864 | INFO     |   → 866/913 ❌ HTTP 404 — https://raw.githubusercontent.com/yebekhe/TelegramV2rayCollector/main/sub/normal/reality
2026-06-02 23:31:13,864 | INFO     |   → 867/913 ❌ HTTP 404 — https://raw.githubusercontent.com/yebekhe/TelegramV2rayCollector/main/sub/normal/shadowsocks
2026-06-02 23:31:13,864 | INFO     |   → 868/913 ❌ HTTP 404 — https://raw.githubusercontent.com/yebekhe/TelegramV2rayCollector/main/sub/normal/trojan
2026-06-02 23:31:13,864 | INFO     |   → 869/913 ❌ HTTP 404 — https://raw.githubusercontent.com/yebekhe/TelegramV2rayCollector/main/sub/normal/tuic
2026-06-02 23:31:13,864 | INFO     |   → 870/913 ❌ HTTP 404 — https://raw.githubusercontent.com/yebekhe/TelegramV2rayCollector/main/sub/normal/vless
2026-06-02 23:31:13,864 | INFO     |   → 871/913 ❌ HTTP 404 — https://raw.githubusercontent.com/yebekhe/TelegramV2rayCollector/main/sub/normal/vmess
2026-06-02 23:31:13,864 | INFO     |   → 872/913 ❌ HTTP 404 — https://raw.githubusercontent.com/yebekhe/V2Hub/main/Split/Normal/shadowsocks
2026-06-02 23:31:13,864 | INFO     |   → 873/913 ❌ HTTP 404 — https://raw.githubusercontent.com/yebekhe/V2Hub/main/merged
2026-06-02 23:31:13,864 | INFO     |   → 874/913: ✅ 0 взято | 🗑️ 30 мусор
2026-06-02 23:31:13,864 | INFO     |   → 875/913: ✅ 972 взято | 🗑️ 8303 мусор
2026-06-02 23:31:13,864 | INFO     |   → 876/913: ✅ 0 взято | 🗑️ 8303 мусор
2026-06-02 23:31:13,864 | INFO     |   → 877/913: ✅ 8 взято | 🗑️ 358 мусор
2026-06-02 23:31:13,864 | INFO     |   → 878/913: ✅ 14 взято | 🗑️ 329 мусор
2026-06-02 23:31:13,864 | INFO     |   → 879/913: ✅ 235 взято | 🗑️ 325 мусор
2026-06-02 23:31:13,865 | INFO     |   → 880/913: ✅ 106 взято | 🗑️ 1473 мусор
2026-06-02 23:31:13,865 | INFO     |   → 881/913: ✅ 1 взято | 🗑️ 394 мусор
2026-06-02 23:31:13,865 | INFO     |   → 882/913 ❌ HTTP 404 — https://raw.githubusercontent.com/yyyr-otz/tele-providers-collector/019cb3e07ee52fddbc7caa54fc670c6b9bae6539/sub/proxies.txt
2026-06-02 23:31:13,865 | INFO     |   → 883/913 ❌ HTTP 404 — https://raw.githubusercontent.com/yyyr-otz/tele-providers-collector/b7a74ee98bcf02c5a507d688a1bed3aa9f7f4ed1/script/raw/protocols/mixed.txt
2026-06-02 23:31:13,865 | INFO     |   → 884/913: ✅ 0 взято | 🗑️ 0 мусор
2026-06-02 23:31:13,865 | INFO     |   → 885/913: ✅ 0 взято | 🗑️ 0 мусор
2026-06-02 23:31:13,865 | INFO     |   → 886/913: ✅ 0 взято | 🗑️ 18 мусор
2026-06-02 23:31:13,865 | INFO     |   → 887/913: ✅ 342 взято | 🗑️ 30 мусор
2026-06-02 23:31:13,865 | INFO     |   → 888/913: ✅ 30 взято | 🗑️ 1029 мусор
2026-06-02 23:31:13,865 | INFO     |   → 889/913: ✅ 0 взято | 🗑️ 5 мусор
2026-06-02 23:31:13,865 | INFO     |   → 890/913: ✅ 0 взято | 🗑️ 0 мусор
2026-06-02 23:31:13,865 | INFO     |   → 891/913 ⚠️ Ошибка: ('Connection aborted.', RemoteDisconnected('Remote end closed connection without response')) — https://sub.pmsub.me/clash.yaml
2026-06-02 23:31:13,865 | INFO     |   → 892/913: ✅ 0 взято | 🗑️ 0 мусор
2026-06-02 23:31:13,865 | INFO     |   → 893/913: ✅ 0 взято | 🗑️ 0 мусор
2026-06-02 23:31:13,865 | INFO     |   → 894/913: ✅ 0 взято | 🗑️ 0 мусор
2026-06-02 23:31:13,865 | INFO     |   → 895/913: ✅ 0 взято | 🗑️ 0 мусор
2026-06-02 23:31:13,865 | INFO     |   → 896/913: ✅ 0 взято | 🗑️ 0 мусор
2026-06-02 23:31:13,865 | INFO     |   → 897/913: ✅ 0 взято | 🗑️ 0 мусор
2026-06-02 23:31:13,865 | INFO     |   → 898/913: ✅ 0 взято | 🗑️ 0 мусор
2026-06-02 23:31:13,865 | INFO     |   → 899/913: ✅ 0 взято | 🗑️ 1 мусор
2026-06-02 23:31:13,865 | INFO     |   → 900/913: ✅ 7 взято | 🗑️ 12 мусор
2026-06-02 23:31:13,865 | INFO     |   → 901/913: ✅ 0 взято | 🗑️ 0 мусор
2026-06-02 23:31:13,865 | INFO     |   → 902/913: ✅ 0 взято | 🗑️ 7 мусор
2026-06-02 23:31:13,866 | INFO     |   → 903/913: ✅ 0 взято | 🗑️ 0 мусор
2026-06-02 23:31:13,866 | INFO     |   → 904/913: ✅ 5 взято | 🗑️ 8 мусор
2026-06-02 23:31:13,866 | INFO     |   → 905/913: ✅ 0 взято | 🗑️ 0 мусор
2026-06-02 23:31:13,866 | INFO     |   → 906/913: ✅ 9 взято | 🗑️ 12 мусор
2026-06-02 23:31:13,866 | INFO     |   → 907/913: ✅ 0 взято | 🗑️ 0 мусор
2026-06-02 23:31:13,866 | INFO     |   → 908/913: ✅ 3 взято | 🗑️ 12 мусор
2026-06-02 23:31:13,866 | INFO     |   → 909/913: ✅ 0 взято | 🗑️ 0 мусор
2026-06-02 23:31:13,866 | INFO     |   → 910/913: ✅ 8 взято | 🗑️ 12 мусор
2026-06-02 23:31:13,866 | INFO     |   → 911/913: ✅ 0 взято | 🗑️ 0 мусор
2026-06-02 23:31:13,866 | INFO     |   → 912/913 ⚠️ Ошибка: HTTPSConnectionPool(host='v2rayshare.githubrowcontent.com', port=443): Max retries exceeded with url: /%7BYYYY%7D/%7BMM%7D/%7BYYYY%7D%7BMM%7D%7BDD%7D.txt (Caused by NameResolutionError("HTTPSConnection(host='v2rayshare.githubrowcontent.com', port=443): Failed to resolve 'v2rayshare.githubrowcontent.com' ([Errno -2] Name or service not known)")) — https://v2rayshare.githubrowcontent.com/{YYYY}/{MM}/{YYYY}{MM}{DD}.txt
2026-06-02 23:31:13,866 | INFO     |   → 913/913: ✅ 0 взято | 🗑️ 29 мусор
2026-06-02 23:31:13,866 | INFO     |   → 📡 С sstap.org получено 0 ключей
2026-06-02 23:31:13,866 | INFO     |   → 📡 С sstap.org не добавлено ни одного ключа (все 0 отклонены фильтром)
2026-06-02 23:31:13,866 | INFO     |   → ✅ ГОТОВО!
2026-06-02 23:31:13,866 | INFO     |   →    📥 Всего ключей после фильтра: 73344
2026-06-02 23:31:13,866 | INFO     |   →    🔗 Уникальных IP:PORT:SCHEME: 23564
2026-06-02 23:31:13,866 | INFO     |   →    🗑️ Выброшено мусора: 1098965
2026-06-02 23:31:13,866 | INFO     |   → 📊 По протоколам:
2026-06-02 23:31:13,867 | INFO     |   →    vless: 9791
2026-06-02 23:31:13,867 | INFO     |   →    vmess: 4435
2026-06-02 23:31:13,867 | INFO     |   →    trojan: 3909
2026-06-02 23:31:13,867 | INFO     |   →    ss: 5231
2026-06-02 23:31:13,867 | INFO     |   →    hysteria: 17
2026-06-02 23:31:13,867 | INFO     |   →    hysteria2: 66
2026-06-02 23:31:13,867 | INFO     |   →    hy2: 61
2026-06-02 23:31:13,867 | INFO     |   →    tuic: 54
2026-06-02 23:31:13,867 | INFO     | ✅ mirror.py завершён успешно
2026-06-02 23:31:13,867 | INFO     | 
2026-06-02 23:31:13,867 | INFO     | 
2026-06-02 23:31:13,867 | INFO     | ──────────────────────────────────────────────────────────────────────
2026-06-02 23:31:13,867 | INFO     | 📌 ЭТАП: Генерация 50 уникальных CF-VLESS
2026-06-02 23:31:13,867 | INFO     | ──────────────────────────────────────────────────────────────────────
2026-06-02 23:31:13,867 | INFO     | 🚀 Запуск generate_cf_vless.py (50 новых CF-VLESS)...
2026-06-02 23:31:14,050 | INFO     |   → === Генератор свежих VLESS-конфигов на IP Cloudflare ===
2026-06-02 23:31:14,050 | INFO     |   → ✅ Сгенерировано и сохранено 50 VLESS-конфигов.
2026-06-02 23:31:14,050 | INFO     |   → 📂 Файл: /home/runner/work/vpn-vless-configs-russia/vpn-vless-configs-russia/data/githubmirror/new/cf_fresh.txt
2026-06-02 23:31:14,050 | INFO     | ✅ generate_cf_vless.py завершён успешно
2026-06-02 23:31:14,050 | INFO     | 
2026-06-02 23:31:14,050 | INFO     | 
2026-06-02 23:31:14,050 | INFO     | ──────────────────────────────────────────────────────────────────────
2026-06-02 23:31:14,050 | INFO     | 📌 ЭТАП: Слияние CF с основным списком
2026-06-02 23:31:14,050 | INFO     | ──────────────────────────────────────────────────────────────────────
2026-06-02 23:31:14,169 | INFO     | 🔄 Добавлено 49 новых CF-VLESS в /home/runner/work/vpn-vless-configs-russia/vpn-vless-configs-russia/data/githubmirror/clean/vless.txt
2026-06-02 23:31:14,169 | INFO     | 📊 Всего в clean/vless.txt теперь: 9840
2026-06-02 23:31:14,171 | INFO     | 
2026-06-02 23:31:14,171 | INFO     | 
2026-06-02 23:31:14,171 | INFO     | ──────────────────────────────────────────────────────────────────────
2026-06-02 23:31:14,171 | INFO     | 📌 ЭТАП: Фильтрация по реальному SNI
2026-06-02 23:31:14,171 | INFO     | ──────────────────────────────────────────────────────────────────────
2026-06-02 23:31:14,171 | INFO     | 🚀 Запуск filter_ru_sni.py (Фильтр по реальному SNI (CDN+RU))...
2026-06-02 23:31:14,755 | INFO     |   → hy2.txt: 61 → 19 (SNI-filtered)
2026-06-02 23:31:14,755 | INFO     |   →   hysteria.txt: 17 → 0 (SNI-filtered)
2026-06-02 23:31:14,755 | INFO     |   →   hysteria2.txt: 66 → 4 (SNI-filtered)
2026-06-02 23:31:14,755 | INFO     |   →   ss.txt: 5231 → 360 (SNI-filtered)
2026-06-02 23:31:14,755 | INFO     |   →   trojan.txt: 3909 → 15 (SNI-filtered)
2026-06-02 23:31:14,755 | INFO     |   →   tuic.txt: 54 → 0 (SNI-filtered)
2026-06-02 23:31:14,755 | INFO     |   →   vless.txt: 9840 → 1689 (SNI-filtered)
2026-06-02 23:31:14,755 | INFO     |   →   vmess.txt: 4435 → 53 (SNI-filtered)
2026-06-02 23:31:14,755 | INFO     |   → ==================================================
2026-06-02 23:31:14,755 | INFO     |   →   Всего входных:  23613
2026-06-02 23:31:14,755 | INFO     |   →   Прошли фильтр:  2140
2026-06-02 23:31:14,755 | INFO     |   →   Отброшено:      21473
2026-06-02 23:31:14,755 | INFO     |   → ==================================================
2026-06-02 23:31:14,755 | INFO     |   → Готово → /home/runner/work/vpn-vless-configs-russia/vpn-vless-configs-russia/data/githubmirror/ru-sni
2026-06-02 23:31:14,755 | INFO     | ✅ filter_ru_sni.py завершён успешно
2026-06-02 23:31:14,755 | INFO     | 
2026-06-02 23:31:14,755 | INFO     | 
2026-06-02 23:31:14,755 | INFO     | ──────────────────────────────────────────────────────────────────────
2026-06-02 23:31:14,755 | INFO     | 📌 ЭТАП: Экспериментальный RU-SNI фильтр
2026-06-02 23:31:14,755 | INFO     | ──────────────────────────────────────────────────────────────────────
2026-06-02 23:31:14,755 | INFO     | 🚀 Запуск filter_ru_sni_local.py (Экспериментальный фильтр по RU-SNI)...
2026-06-02 23:31:15,133 | INFO     |   → hy2.txt: 61 → 0 (RU-SNI)
2026-06-02 23:31:15,133 | INFO     |   → hysteria.txt: 17 → 0 (RU-SNI)
2026-06-02 23:31:15,133 | INFO     |   → hysteria2.txt: 66 → 0 (RU-SNI)
2026-06-02 23:31:15,133 | INFO     |   → ss.txt: 5231 → 93 (RU-SNI)
2026-06-02 23:31:15,133 | INFO     |   → trojan.txt: 3909 → 0 (RU-SNI)
2026-06-02 23:31:15,133 | INFO     |   → tuic.txt: 54 → 0 (RU-SNI)
2026-06-02 23:31:15,133 | INFO     |   → vless.txt: 9840 → 735 (RU-SNI)
2026-06-02 23:31:15,134 | INFO     |   → vmess.txt: 4435 → 0 (RU-SNI)
2026-06-02 23:31:15,134 | INFO     |   → ==================================================
2026-06-02 23:31:15,134 | INFO     |   → Всего входных:  23613
2026-06-02 23:31:15,134 | INFO     |   → Прошли RU-SNI:  828
2026-06-02 23:31:15,134 | INFO     |   → Отброшено:      22785
2026-06-02 23:31:15,134 | INFO     |   → ==================================================
2026-06-02 23:31:15,134 | INFO     |   → Готово → /home/runner/work/vpn-vless-configs-russia/vpn-vless-configs-russia/data/githubmirror/ru-sni-local
2026-06-02 23:31:15,134 | INFO     | ✅ filter_ru_sni_local.py завершён успешно
2026-06-02 23:31:15,134 | INFO     | 
2026-06-02 23:31:15,134 | INFO     | 
2026-06-02 23:31:15,134 | INFO     | ──────────────────────────────────────────────────────────────────────
2026-06-02 23:31:15,134 | INFO     | 📌 ЭТАП: Сбор статистики
2026-06-02 23:31:15,134 | INFO     | ──────────────────────────────────────────────────────────────────────
2026-06-02 23:31:15,134 | INFO     | 📊 Сбор статистики...
2026-06-02 23:31:15,134 | INFO     |   📁 githubmirror/clean:
2026-06-02 23:31:15,134 | INFO     |     • hy2         :    61 конфигов
2026-06-02 23:31:15,134 | INFO     |     • hysteria    :    17 конфигов
2026-06-02 23:31:15,135 | INFO     |     • hysteria2   :    66 конфигов
2026-06-02 23:31:15,138 | INFO     |     • ss          :  5231 конфигов
2026-06-02 23:31:15,141 | INFO     |     • trojan      :  3909 конфигов
2026-06-02 23:31:15,141 | INFO     |     • tuic        :    54 конфигов
2026-06-02 23:31:15,149 | INFO     |     • vless       :  9840 конфигов
2026-06-02 23:31:15,152 | INFO     |     • vmess       :  4435 конфигов
2026-06-02 23:31:15,152 | INFO     |   📁 githubmirror/ru-sni:
2026-06-02 23:31:15,153 | INFO     |     • hy2         :    19 конфигов ( 31.1% от clean)
2026-06-02 23:31:15,153 | INFO     |     • hysteria    :     0 конфигов (  0.0% от clean)
2026-06-02 23:31:15,153 | INFO     |     • hysteria2   :     4 конфигов (  6.1% от clean)
2026-06-02 23:31:15,153 | INFO     |     • ss          :   360 конфигов (  6.9% от clean)
2026-06-02 23:31:15,154 | INFO     |     • trojan      :    15 конфигов (  0.4% от clean)
2026-06-02 23:31:15,154 | INFO     |     • tuic        :     0 конфигов (  0.0% от clean)
2026-06-02 23:31:15,156 | INFO     |     • vless       :  1689 конфигов ( 17.2% от clean)
2026-06-02 23:31:15,156 | INFO     |     • vmess       :    53 конфигов (  1.2% от clean)
2026-06-02 23:31:15,156 | INFO     |   ✨ Новых CF-VLESS в этом запуске: 50
2026-06-02 23:31:15,156 | INFO     | 
2026-06-02 23:31:15,156 | INFO     |   ──────────────────────────────────────────────────
2026-06-02 23:31:15,156 | INFO     |   📈 ИТОГО:
2026-06-02 23:31:15,156 | INFO     |     Clean (после geo-фильтра):    23613
2026-06-02 23:31:15,156 | INFO     |     RU-SNI (после SNI-фильтра):    2140
2026-06-02 23:31:15,156 | INFO     |     Прошло фильтр:                  9.1%
2026-06-02 23:31:15,156 | INFO     |   ──────────────────────────────────────────────────
2026-06-02 23:31:15,157 | INFO     | ✅ Статистика сохранена: /home/runner/work/vpn-vless-configs-russia/vpn-vless-configs-russia/data/stats.json
2026-06-02 23:31:15,157 | INFO     | 
2026-06-02 23:31:15,157 | INFO     | ======================================================================
2026-06-02 23:31:15,157 | INFO     | 📊 ИТОГОВЫЙ ОТЧЁТ
2026-06-02 23:31:15,157 | INFO     | ======================================================================
2026-06-02 23:31:15,157 | INFO     |   ✅ OK         | Загрузка и geo-фильтрация
2026-06-02 23:31:15,157 | INFO     |   ✅ OK         | Генерация 50 уникальных CF-VLESS
2026-06-02 23:31:15,157 | INFO     |   ✅ OK         | Слияние CF с основным списком
2026-06-02 23:31:15,157 | INFO     |   ✅ OK         | Фильтрация по реальному SNI
2026-06-02 23:31:15,157 | INFO     |   ✅ OK         | Экспериментальный RU-SNI фильтр
2026-06-02 23:31:15,157 | INFO     |   ✅ OK         | Сбор статистики
2026-06-02 23:31:15,157 | INFO     | ──────────────────────────────────────────────────────────────────────
2026-06-02 23:31:15,157 | INFO     | ✅ ВСЕ ЭТАПЫ УСПЕШНЫ (6/6)
2026-06-02 23:31:15,157 | INFO     | ⏰ Время завершения: 2026-06-02 23:31:15
2026-06-02 23:31:15,157 | INFO     | ======================================================================
