2026-06-01 02:35:56,215 | INFO     | ======================================================================
2026-06-01 02:35:56,215 | INFO     | 🔍 VPN KEY CHECKER - Начало проверки
2026-06-01 02:35:56,215 | INFO     | ⏰ Время старта: 2026-06-01 02:35:56
2026-06-01 02:35:56,215 | INFO     | 📂 Рабочая директория: /home/runner/work/vpn-vless-configs-russia/vpn-vless-configs-russia
2026-06-01 02:35:56,215 | INFO     | ======================================================================
2026-06-01 02:35:56,216 | INFO     | 
2026-06-01 02:35:56,216 | INFO     | 🔍 Проверка наличия скриптов...
2026-06-01 02:35:56,216 | INFO     |   ✅ mirror.py
2026-06-01 02:35:56,216 | INFO     |   ✅ generate_cf_vless.py
2026-06-01 02:35:56,216 | INFO     |   ✅ filter_ru_sni.py
2026-06-01 02:35:56,216 | INFO     |   ✅ filter_ru_sni_local.py
2026-06-01 02:35:56,216 | INFO     | 
2026-06-01 02:35:56,216 | INFO     | ──────────────────────────────────────────────────────────────────────
2026-06-01 02:35:56,216 | INFO     | 📌 ЭТАП: Загрузка и geo-фильтрация
2026-06-01 02:35:56,216 | INFO     | ──────────────────────────────────────────────────────────────────────
2026-06-01 02:35:56,216 | INFO     | 🚀 Запуск mirror.py (Загрузка и фильтрация по РФ/СНГ/Европа)...
2026-06-01 02:38:27,367 | INFO     |   → DEBUG: mirror.py started
2026-06-01 02:38:27,367 | INFO     |   → DEBUG: BASE_PATH = /home/runner/work/vpn-vless-configs-russia/vpn-vless-configs-russia
2026-06-01 02:38:27,367 | INFO     |   → DEBUG: CONFIG_SOURCES_FILE = /home/runner/work/vpn-vless-configs-russia/vpn-vless-configs-russia/data/config_sources.json
2026-06-01 02:38:27,367 | INFO     |   → 📂 Загружено 891 источников из /home/runner/work/vpn-vless-configs-russia/vpn-vless-configs-russia/data/config_sources.json
2026-06-01 02:38:27,367 | INFO     |   → 🚀 Старт: всего источников: 891
2026-06-01 02:38:27,367 | INFO     |   → 1/891: ✅ 0 взято | 🗑️ 0 мусор
2026-06-01 02:38:27,367 | INFO     |   → 2/891: ✅ 13 взято | 🗑️ 242 мусор
2026-06-01 02:38:27,367 | INFO     |   → 3/891 ⚠️ Ошибка: HTTPSConnectionPool(host='a.nodeshare.xyz', port=443): Max retries exceeded with url: /uploads/%7BYYYY%7D/%7BM%7D/%7BYYYY%7D%7BMM%7D%7BDD%7D.txt (Caused by SSLError(SSLError(1, '[SSL: TLSV1_UNRECOGNIZED_NAME] tlsv1 unrecognized name (_ssl.c:1016)'))) — https://a.nodeshare.xyz/uploads/{YYYY}/{M}/{YYYY}{MM}{DD}.txt
2026-06-01 02:38:27,367 | INFO     |   → 4/891: ✅ 0 взято | 🗑️ 0 мусор
2026-06-01 02:38:27,367 | INFO     |   → 5/891 ❌ HTTP 404 — https://bitbucket.org/huwo1/proxy_nodes/raw/f31ca9ec67b84071515729ff45b011b6b09c10f2/clash.yaml
2026-06-01 02:38:27,367 | INFO     |   → 6/891 ❌ HTTP 404 — https://cdn.jsdelivr.net/gh/cry0ice/genode@main/public/all.txt
2026-06-01 02:38:27,367 | INFO     |   → 7/891 ❌ HTTP 404 — https://cdn.jsdelivr.net/gh/cry0ice/genode@main/public/ss.txt
2026-06-01 02:38:27,367 | INFO     |   → 8/891 ❌ HTTP 404 — https://cdn.jsdelivr.net/gh/cry0ice/genode@main/public/ssr.txt
2026-06-01 02:38:27,367 | INFO     |   → 9/891 ❌ HTTP 404 — https://cdn.jsdelivr.net/gh/cry0ice/genode@main/public/trojan.txt
2026-06-01 02:38:27,367 | INFO     |   → 10/891 ❌ HTTP 404 — https://cdn.jsdelivr.net/gh/cry0ice/genode@main/public/vless.txt
2026-06-01 02:38:27,367 | INFO     |   → 11/891 ❌ HTTP 404 — https://cdn.jsdelivr.net/gh/cry0ice/genode@main/public/vmess.txt
2026-06-01 02:38:27,368 | INFO     |   → 12/891: ✅ 0 взято | 🗑️ 0 мусор
2026-06-01 02:38:27,368 | INFO     |   → 13/891: ✅ 0 взято | 🗑️ 0 мусор
2026-06-01 02:38:27,368 | INFO     |   → 14/891: ✅ 0 взято | 🗑️ 0 мусор
2026-06-01 02:38:27,368 | INFO     |   → 15/891: ✅ 0 взято | 🗑️ 0 мусор
2026-06-01 02:38:27,368 | INFO     |   → 16/891: ✅ 0 взято | 🗑️ 0 мусор
2026-06-01 02:38:27,368 | INFO     |   → 17/891: ✅ 0 взято | 🗑️ 0 мусор
2026-06-01 02:38:27,368 | INFO     |   → 18/891 ❌ HTTP 404 — https://free.datiya.com/uploads/{YYYY}{MM}{DD}-v2ray.txt
2026-06-01 02:38:27,368 | INFO     |   → 19/891 ❌ HTTP 404 — https://freessrnode.github.io/uploads/2024/08/0-20240822.txt
2026-06-01 02:38:27,368 | INFO     |   → 20/891 ❌ HTTP 404 — https://freessrnode.github.io/uploads/2024/08/1-20240822.txt
2026-06-01 02:38:27,368 | INFO     |   → 21/891 ❌ HTTP 404 — https://freessrnode.github.io/uploads/2024/08/2-20240822.txt
2026-06-01 02:38:27,368 | INFO     |   → 22/891 ❌ HTTP 404 — https://freessrnode.github.io/uploads/2024/08/3-20240822.txt
2026-06-01 02:38:27,368 | INFO     |   → 23/891 ❌ HTTP 404 — https://freessrnode.github.io/uploads/2024/08/4-20240822.txt
2026-06-01 02:38:27,368 | INFO     |   → 24/891 ⚠️ Ошибка: HTTPSConnectionPool(host='freevpnspy.githubrowcontent.com', port=443): Max retries exceeded with url: /2024/08/20240802_novless.yaml (Caused by NameResolutionError("HTTPSConnection(host='freevpnspy.githubrowcontent.com', port=443): Failed to resolve 'freevpnspy.githubrowcontent.com' ([Errno -2] Name or service not known)")) — https://freevpnspy.githubrowcontent.com/2024/08/20240802_novless.yaml
2026-06-01 02:38:27,368 | INFO     |   → 25/891 ⚠️ Ошибка: HTTPSConnectionPool(host='freevpnspy.githubrowcontent.com', port=443): Max retries exceeded with url: /2024/08/20240802_vless.yaml (Caused by NameResolutionError("HTTPSConnection(host='freevpnspy.githubrowcontent.com', port=443): Failed to resolve 'freevpnspy.githubrowcontent.com' ([Errno -2] Name or service not known)")) — https://freevpnspy.githubrowcontent.com/2024/08/20240802_vless.yaml
2026-06-01 02:38:27,368 | INFO     |   → 26/891: ✅ 0 взято | 🗑️ 0 мусор
2026-06-01 02:38:27,368 | INFO     |   → 27/891: ✅ 11 взято | 🗑️ 105 мусор
2026-06-01 02:38:27,368 | INFO     |   → 28/891 ❌ HTTP 404 — https://github.com/Epodonios/bulk-xray-v2ray-vless-vmess-...-configs/raw/main/sub/Albania/config.txt
2026-06-01 02:38:27,368 | INFO     |   → 29/891 ❌ HTTP 404 — https://github.com/Epodonios/bulk-xray-v2ray-vless-vmess-...-configs/raw/main/sub/Cura%C3%A7ao/config.txt
2026-06-01 02:38:27,368 | INFO     |   → 30/891 ❌ HTTP 404 — https://github.com/Epodonios/bulk-xray-v2ray-vless-vmess-...-configs/raw/main/sub/Finland/config.txt
2026-06-01 02:38:27,368 | INFO     |   → 31/891 ❌ HTTP 404 — https://github.com/Epodonios/bulk-xray-v2ray-vless-vmess-...-configs/raw/main/sub/Iran/config.txt
2026-06-01 02:38:27,368 | INFO     |   → 32/891 ❌ HTTP 404 — https://github.com/Epodonios/bulk-xray-v2ray-vless-vmess-...-configs/raw/main/sub/Netherlands/config.txt
2026-06-01 02:38:27,368 | INFO     |   → 33/891 ❌ HTTP 404 — https://github.com/Epodonios/bulk-xray-v2ray-vless-vmess-...-configs/raw/main/sub/Norway/config.txt
2026-06-01 02:38:27,368 | INFO     |   → 34/891 ❌ HTTP 404 — https://github.com/Epodonios/bulk-xray-v2ray-vless-vmess-...-configs/raw/main/sub/Russia/config.txt
2026-06-01 02:38:27,368 | INFO     |   → 35/891: ✅ 13 взято | 🗑️ 70 мусор
2026-06-01 02:38:27,368 | INFO     |   → 36/891: ✅ 0 взято | 🗑️ 4 мусор
2026-06-01 02:38:27,368 | INFO     |   → 37/891: ✅ 0 взято | 🗑️ 7 мусор
2026-06-01 02:38:27,369 | INFO     |   → 38/891: ✅ 0 взято | 🗑️ 51 мусор
2026-06-01 02:38:27,369 | INFO     |   → 39/891: ✅ 0 взято | 🗑️ 8 мусор
2026-06-01 02:38:27,369 | INFO     |   → 40/891: ✅ 0 взято | 🗑️ 0 мусор
2026-06-01 02:38:27,369 | INFO     |   → 41/891: ✅ 17 взято | 🗑️ 119 мусор
2026-06-01 02:38:27,369 | INFO     |   → 42/891 ❌ HTTP 404 — https://github.com/MrMohebi/xray-proxy-grabber-telegram/raw/master/collected-proxies/clash-meta/all.yaml
2026-06-01 02:38:27,369 | INFO     |   → 43/891 ❌ HTTP 404 — https://github.com/MrMohebi/xray-proxy-grabber-telegram/raw/master/collected-proxies/row-url/all.txt
2026-06-01 02:38:27,369 | INFO     |   → 44/891: ✅ 0 взято | 🗑️ 0 мусор
2026-06-01 02:38:27,369 | INFO     |   → 45/891: ✅ 0 взято | 🗑️ 113 мусор
2026-06-01 02:38:27,369 | INFO     |   → 46/891: ✅ 0 взято | 🗑️ 119 мусор
2026-06-01 02:38:27,369 | INFO     |   → 47/891: ✅ 0 взято | 🗑️ 0 мусор
2026-06-01 02:38:27,369 | INFO     |   → 48/891: ✅ 0 взято | 🗑️ 0 мусор
2026-06-01 02:38:27,369 | INFO     |   → 49/891: ✅ 0 взято | 🗑️ 0 мусор
2026-06-01 02:38:27,369 | INFO     |   → 50/891: ✅ 0 взято | 🗑️ 0 мусор
2026-06-01 02:38:27,369 | INFO     |   → 51/891: ✅ 0 взято | 🗑️ 0 мусор
2026-06-01 02:38:27,369 | INFO     |   → 52/891: ✅ 0 взято | 🗑️ 0 мусор
2026-06-01 02:38:27,369 | INFO     |   → 53/891: ✅ 0 взято | 🗑️ 0 мусор
2026-06-01 02:38:27,369 | INFO     |   → 54/891 ❌ HTTP 404 — https://github.com/mermeroo/V2RAY-FREE/raw/main/All_Configs_base64_Sub.txt
2026-06-01 02:38:27,369 | INFO     |   → 55/891 ❌ HTTP 404 — https://github.com/mermeroo/V2RAY-FREE/raw/main/Base64/Sub1_base64.txt
2026-06-01 02:38:27,369 | INFO     |   → 56/891 ❌ HTTP 404 — https://github.com/mermeroo/V2RAY-FREE/raw/main/Base64/Sub2_base64.txt
2026-06-01 02:38:27,369 | INFO     |   → 57/891 ❌ HTTP 404 — https://github.com/mermeroo/V2RAY-FREE/raw/main/Base64/Sub3_base64.txt
2026-06-01 02:38:27,369 | INFO     |   → 58/891 ❌ HTTP 404 — https://github.com/mermeroo/V2RAY-FREE/raw/main/Base64/Sub4_base64.txt
2026-06-01 02:38:27,369 | INFO     |   → 59/891 ❌ HTTP 404 — https://github.com/mermeroo/V2RAY-FREE/raw/main/Base64/Sub5_base64.txt
2026-06-01 02:38:27,369 | INFO     |   → 60/891 ❌ HTTP 404 — https://github.com/mermeroo/telegram-configs-collector/raw/main/protocols/hysteria
2026-06-01 02:38:27,369 | INFO     |   → 61/891 ❌ HTTP 404 — https://github.com/mermeroo/telegram-configs-collector/raw/main/protocols/juicity
2026-06-01 02:38:27,369 | INFO     |   → 62/891 ❌ HTTP 404 — https://github.com/mermeroo/telegram-configs-collector/raw/main/protocols/tuic
2026-06-01 02:38:27,369 | INFO     |   → 63/891: ✅ 5 взято | 🗑️ 16 мусор
2026-06-01 02:38:27,369 | INFO     |   → 64/891: ✅ 0 взято | 🗑️ 0 мусор
2026-06-01 02:38:27,369 | INFO     |   → 65/891: ✅ 0 взято | 🗑️ 0 мусор
2026-06-01 02:38:27,369 | INFO     |   → 66/891 ❌ HTTP 403 — https://gitlab.com/colloq168/nodefiltrate/-/raw/main/filtrate?ref_type=heads
2026-06-01 02:38:27,369 | INFO     |   → 67/891: ✅ 0 взято | 🗑️ 0 мусор
2026-06-01 02:38:27,369 | INFO     |   → 68/891: ✅ 0 взято | 🗑️ 103 мусор
2026-06-01 02:38:27,369 | INFO     |   → 69/891: ✅ 0 взято | 🗑️ 0 мусор
2026-06-01 02:38:27,369 | INFO     |   → 70/891 ⚠️ Ошибка: HTTPSConnectionPool(host='ivuxy.tech', port=443): Max retries exceeded with url: /v.txt (Caused by NameResolutionError("HTTPSConnection(host='ivuxy.tech', port=443): Failed to resolve 'ivuxy.tech' ([Errno -2] Name or service not known)")) — https://ivuxy.tech/v.txt
2026-06-01 02:38:27,369 | INFO     |   → 71/891 ⚠️ Ошибка: HTTPSConnectionPool(host='mirror.ghproxy.com', port=443): Max retries exceeded with url: /https://raw.githubusercontent.com/Barabama/FreeNodes/master/nodes/blues.txt (Caused by NameResolutionError("HTTPSConnection(host='mirror.ghproxy.com', port=443): Failed to resolve 'mirror.ghproxy.com' ([Errno -2] Name or service not known)")) — https://mirror.ghproxy.com/https://raw.githubusercontent.com/Barabama/FreeNodes/master/nodes/blues.txt
2026-06-01 02:38:27,369 | INFO     |   → 72/891 ⚠️ Ошибка: HTTPSConnectionPool(host='mirror.ghproxy.com', port=443): Max retries exceeded with url: /https://raw.githubusercontent.com/Barabama/FreeNodes/master/nodes/halekj.txt (Caused by NameResolutionError("HTTPSConnection(host='mirror.ghproxy.com', port=443): Failed to resolve 'mirror.ghproxy.com' ([Errno -2] Name or service not known)")) — https://mirror.ghproxy.com/https://raw.githubusercontent.com/Barabama/FreeNodes/master/nodes/halekj.txt
2026-06-01 02:38:27,369 | INFO     |   → 73/891 ⚠️ Ошибка: HTTPSConnectionPool(host='mirror.ghproxy.com', port=443): Max retries exceeded with url: /https://raw.githubusercontent.com/Barabama/FreeNodes/master/nodes/kkzui.txt (Caused by NameResolutionError("HTTPSConnection(host='mirror.ghproxy.com', port=443): Failed to resolve 'mirror.ghproxy.com' ([Errno -2] Name or service not known)")) — https://mirror.ghproxy.com/https://raw.githubusercontent.com/Barabama/FreeNodes/master/nodes/kkzui.txt
2026-06-01 02:38:27,369 | INFO     |   → 74/891 ⚠️ Ошибка: HTTPSConnectionPool(host='mirror.ghproxy.com', port=443): Max retries exceeded with url: /https://raw.githubusercontent.com/Barabama/FreeNodes/master/nodes/merged.txt (Caused by NameResolutionError("HTTPSConnection(host='mirror.ghproxy.com', port=443): Failed to resolve 'mirror.ghproxy.com' ([Errno -2] Name or service not known)")) — https://mirror.ghproxy.com/https://raw.githubusercontent.com/Barabama/FreeNodes/master/nodes/merged.txt
2026-06-01 02:38:27,369 | INFO     |   → 75/891 ⚠️ Ошибка: HTTPSConnectionPool(host='mirror.ghproxy.com', port=443): Max retries exceeded with url: /https://raw.githubusercontent.com/Barabama/FreeNodes/master/nodes/nodefree.txt (Caused by NameResolutionError("HTTPSConnection(host='mirror.ghproxy.com', port=443): Failed to resolve 'mirror.ghproxy.com' ([Errno -2] Name or service not known)")) — https://mirror.ghproxy.com/https://raw.githubusercontent.com/Barabama/FreeNodes/master/nodes/nodefree.txt
2026-06-01 02:38:27,370 | INFO     |   → 76/891 ⚠️ Ошибка: HTTPSConnectionPool(host='mirror.ghproxy.com', port=443): Max retries exceeded with url: /https://raw.githubusercontent.com/Barabama/FreeNodes/master/nodes/openrunner.txt (Caused by NameResolutionError("HTTPSConnection(host='mirror.ghproxy.com', port=443): Failed to resolve 'mirror.ghproxy.com' ([Errno -2] Name or service not known)")) — https://mirror.ghproxy.com/https://raw.githubusercontent.com/Barabama/FreeNodes/master/nodes/openrunner.txt
2026-06-01 02:38:27,370 | INFO     |   → 77/891 ⚠️ Ошибка: HTTPSConnectionPool(host='mirror.ghproxy.com', port=443): Max retries exceeded with url: /https://raw.githubusercontent.com/Barabama/FreeNodes/master/nodes/v2rayshare.txt (Caused by NameResolutionError("HTTPSConnection(host='mirror.ghproxy.com', port=443): Failed to resolve 'mirror.ghproxy.com' ([Errno -2] Name or service not known)")) — https://mirror.ghproxy.com/https://raw.githubusercontent.com/Barabama/FreeNodes/master/nodes/v2rayshare.txt
2026-06-01 02:38:27,370 | INFO     |   → 78/891 ⚠️ Ошибка: HTTPSConnectionPool(host='mirror.ghproxy.com', port=443): Max retries exceeded with url: /https://raw.githubusercontent.com/Barabama/FreeNodes/master/nodes/wenode.txt (Caused by NameResolutionError("HTTPSConnection(host='mirror.ghproxy.com', port=443): Failed to resolve 'mirror.ghproxy.com' ([Errno -2] Name or service not known)")) — https://mirror.ghproxy.com/https://raw.githubusercontent.com/Barabama/FreeNodes/master/nodes/wenode.txt
2026-06-01 02:38:27,370 | INFO     |   → 79/891 ⚠️ Ошибка: HTTPSConnectionPool(host='mirror.ghproxy.com', port=443): Max retries exceeded with url: /https://raw.githubusercontent.com/Barabama/FreeNodes/master/nodes/yudou66.txt (Caused by NameResolutionError("HTTPSConnection(host='mirror.ghproxy.com', port=443): Failed to resolve 'mirror.ghproxy.com' ([Errno -2] Name or service not known)")) — https://mirror.ghproxy.com/https://raw.githubusercontent.com/Barabama/FreeNodes/master/nodes/yudou66.txt
2026-06-01 02:38:27,370 | INFO     |   → 80/891 ❌ HTTP 404 — https://node.freeclashnode.com/uploads/{YYYY}/{MM}/0-{YYYY}{MM}{DD}.txt
2026-06-01 02:38:27,370 | INFO     |   → 81/891 ❌ HTTP 404 — https://node.freeclashnode.com/uploads/{YYYY}/{MM}/1-{YYYY}{MM}{DD}.txt
2026-06-01 02:38:27,370 | INFO     |   → 82/891 ❌ HTTP 404 — https://node.freeclashnode.com/uploads/{YYYY}/{MM}/2-{YYYY}{MM}{DD}.txt
2026-06-01 02:38:27,370 | INFO     |   → 83/891 ❌ HTTP 404 — https://node.freeclashnode.com/uploads/{YYYY}/{MM}/3-{YYYY}{MM}{DD}.txt
2026-06-01 02:38:27,370 | INFO     |   → 84/891 ❌ HTTP 404 — https://node.freeclashnode.com/uploads/{YYYY}/{MM}/4-{YYYY}{MM}{DD}.txt
2026-06-01 02:38:27,370 | INFO     |   → 85/891: ✅ 6 взято | 🗑️ 24 мусор
2026-06-01 02:38:27,370 | INFO     |   → 86/891 ⚠️ Ошибка: HTTPSConnectionPool(host='nodefree.githubrowcontent.com', port=443): Max retries exceeded with url: /%7BYYYY%7D/%7BMM%7D/%7BYYYY%7D%7BMM%7D%7BDD%7D.txt (Caused by NameResolutionError("HTTPSConnection(host='nodefree.githubrowcontent.com', port=443): Failed to resolve 'nodefree.githubrowcontent.com' ([Errno -2] Name or service not known)")) — https://nodefree.githubrowcontent.com/{YYYY}/{MM}/{YYYY}{MM}{DD}.txt
2026-06-01 02:38:27,370 | INFO     |   → 87/891 ⚠️ Ошибка: HTTPSConnectionPool(host='nodefree.githubrowcontent.com', port=443): Max retries exceeded with url: /2024/07/20240705.yaml (Caused by NameResolutionError("HTTPSConnection(host='nodefree.githubrowcontent.com', port=443): Failed to resolve 'nodefree.githubrowcontent.com' ([Errno -2] Name or service not known)")) — https://nodefree.org/dy/2023/08/20230806.yaml
2026-06-01 02:38:27,370 | INFO     |   → 88/891 ⚠️ Ошибка: HTTPSConnectionPool(host='nodefree.githubrowcontent.com', port=443): Max retries exceeded with url: /2024/07/20240705.txt (Caused by NameResolutionError("HTTPSConnection(host='nodefree.githubrowcontent.com', port=443): Failed to resolve 'nodefree.githubrowcontent.com' ([Errno -2] Name or service not known)")) — https://nodefree.org/dy/2023/12/20231221.txt
2026-06-01 02:38:27,370 | INFO     |   → 89/891: ✅ 0 взято | 🗑️ 24 мусор
2026-06-01 02:38:27,370 | INFO     |   → 90/891: ✅ 0 взято | 🗑️ 0 мусор
2026-06-01 02:38:27,370 | INFO     |   → 91/891: ✅ 0 взято | 🗑️ 0 мусор
2026-06-01 02:38:27,370 | INFO     |   → 92/891: ✅ 0 взято | 🗑️ 0 мусор
2026-06-01 02:38:27,370 | INFO     |   → 93/891: ✅ 0 взято | 🗑️ 0 мусор
2026-06-01 02:38:27,370 | INFO     |   → 94/891: ✅ 0 взято | 🗑️ 0 мусор
2026-06-01 02:38:27,370 | INFO     |   → 95/891: ✅ 0 взято | 🗑️ 0 мусор
2026-06-01 02:38:27,370 | INFO     |   → 96/891: ✅ 0 взято | 🗑️ 0 мусор
2026-06-01 02:38:27,370 | INFO     |   → 97/891: ✅ 0 взято | 🗑️ 0 мусор
2026-06-01 02:38:27,370 | INFO     |   → 98/891: ✅ 0 взято | 🗑️ 0 мусор
2026-06-01 02:38:27,370 | INFO     |   → 99/891: ✅ 0 взято | 🗑️ 0 мусор
2026-06-01 02:38:27,370 | INFO     |   → 100/891: ✅ 0 взято | 🗑️ 0 мусор
2026-06-01 02:38:27,370 | INFO     |   → 101/891: ✅ 0 взято | 🗑️ 0 мусор
2026-06-01 02:38:27,370 | INFO     |   → 102/891 ❌ HTTP 404 — https://raw.githubusercontent.com/10ium/MihomoSaz/main/Sublist/shatakvpn.yaml4_Sub.txt
2026-06-01 02:38:27,370 | INFO     |   → 103/891: ✅ 0 взято | 🗑️ 0 мусор
2026-06-01 02:38:27,370 | INFO     |   → 104/891: ✅ 0 взято | 🗑️ 0 мусор
2026-06-01 02:38:27,370 | INFO     |   → 105/891: ✅ 1272 взято | 🗑️ 3154 мусор
2026-06-01 02:38:27,370 | INFO     |   → 106/891: ✅ 4 взято | 🗑️ 475 мусор
2026-06-01 02:38:27,370 | INFO     |   → 107/891: ✅ 951 взято | 🗑️ 2245 мусор
2026-06-01 02:38:27,370 | INFO     |   → 108/891: ✅ 167 взято | 🗑️ 672 мусор
2026-06-01 02:38:27,370 | INFO     |   → 109/891: ✅ 0 взято | 🗑️ 0 мусор
2026-06-01 02:38:27,370 | INFO     |   → 110/891: ✅ 0 взято | 🗑️ 0 мусор
2026-06-01 02:38:27,370 | INFO     |   → 111/891: ✅ 11 взято | 🗑️ 399 мусор
2026-06-01 02:38:27,370 | INFO     |   → 112/891: ✅ 592 взято | 🗑️ 629 мусор
2026-06-01 02:38:27,370 | INFO     |   → 113/891: ✅ 32 взято | 🗑️ 5 мусор
2026-06-01 02:38:27,370 | INFO     |   → 114/891: ✅ 0 взято | 🗑️ 0 мусор
2026-06-01 02:38:27,370 | INFO     |   → 115/891 ❌ HTTP 404 — https://raw.githubusercontent.com/9Fork/openit/main/Clash.yaml
2026-06-01 02:38:27,370 | INFO     |   → 116/891: ✅ 55 взято | 🗑️ 74 мусор
2026-06-01 02:38:27,370 | INFO     |   → 117/891: ✅ 0 взято | 🗑️ 74 мусор
2026-06-01 02:38:27,370 | INFO     |   → 118/891: ✅ 63 взято | 🗑️ 237 мусор
2026-06-01 02:38:27,371 | INFO     |   → 119/891: ✅ 45 взято | 🗑️ 255 мусор
2026-06-01 02:38:27,371 | INFO     |   → 120/891: ✅ 20 взято | 🗑️ 101 мусор
2026-06-01 02:38:27,371 | INFO     |   → 121/891: ✅ 21 взято | 🗑️ 54 мусор
2026-06-01 02:38:27,371 | INFO     |   → 122/891: ✅ 32 взято | 🗑️ 268 мусор
2026-06-01 02:38:27,371 | INFO     |   → 123/891: ✅ 99 взято | 🗑️ 201 мусор
2026-06-01 02:38:27,371 | INFO     |   → 124/891: ✅ 229 взято | 🗑️ 71 мусор
2026-06-01 02:38:27,371 | INFO     |   → 125/891: ✅ 9 взято | 🗑️ 356 мусор
2026-06-01 02:38:27,371 | INFO     |   → 126/891: ✅ 19 взято | 🗑️ 81 мусор
2026-06-01 02:38:27,371 | INFO     |   → 127/891: ✅ 11 взято | 🗑️ 87 мусор
2026-06-01 02:38:27,371 | INFO     |   → 128/891: ✅ 27 взято | 🗑️ 73 мусор
2026-06-01 02:38:27,371 | INFO     |   → 129/891: ✅ 13 взято | 🗑️ 75 мусор
2026-06-01 02:38:27,371 | INFO     |   → 130/891: ✅ 10 взято | 🗑️ 83 мусор
2026-06-01 02:38:27,371 | INFO     |   → 131/891: ✅ 12 взято | 🗑️ 86 мусор
2026-06-01 02:38:27,371 | INFO     |   → 132/891: ✅ 11 взято | 🗑️ 87 мусор
2026-06-01 02:38:27,371 | INFO     |   → 133/891: ✅ 11 взято | 🗑️ 80 мусор
2026-06-01 02:38:27,371 | INFO     |   → 134/891: ✅ 9 взято | 🗑️ 82 мусор
2026-06-01 02:38:27,371 | INFO     |   → 135/891: ✅ 69 взято | 🗑️ 3 мусор
2026-06-01 02:38:27,371 | INFO     |   → 136/891: ✅ 3 взято | 🗑️ 75 мусор
2026-06-01 02:38:27,371 | INFO     |   → 137/891: ✅ 4 взято | 🗑️ 69 мусор
2026-06-01 02:38:27,371 | INFO     |   → 138/891: ✅ 4 взято | 🗑️ 80 мусор
2026-06-01 02:38:27,371 | INFO     |   → 139/891: ✅ 6 взято | 🗑️ 81 мусор
2026-06-01 02:38:27,371 | INFO     |   → 140/891: ✅ 5 взято | 🗑️ 79 мусор
2026-06-01 02:38:27,372 | INFO     |   → 141/891: ✅ 11 взято | 🗑️ 78 мусор
2026-06-01 02:38:27,372 | INFO     |   → 142/891: ✅ 3 взято | 🗑️ 83 мусор
2026-06-01 02:38:27,372 | INFO     |   → 143/891: ✅ 14 взято | 🗑️ 76 мусор
2026-06-01 02:38:27,372 | INFO     |   → 144/891: ✅ 12 взято | 🗑️ 78 мусор
2026-06-01 02:38:27,372 | INFO     |   → 145/891: ✅ 26 взято | 🗑️ 218 мусор
2026-06-01 02:38:27,372 | INFO     |   → 146/891: ✅ 44 взято | 🗑️ 141 мусор
2026-06-01 02:38:27,372 | INFO     |   → 147/891: ✅ 10 взято | 🗑️ 71 мусор
2026-06-01 02:38:27,372 | INFO     |   → 148/891: ✅ 2 взято | 🗑️ 88 мусор
2026-06-01 02:38:27,372 | INFO     |   → 149/891: ✅ 0 взято | 🗑️ 3 мусор
2026-06-01 02:38:27,372 | INFO     |   → 150/891: ✅ 14 взято | 🗑️ 4 мусор
2026-06-01 02:38:27,372 | INFO     |   → 151/891: ✅ 655 взято | 🗑️ 2395 мусор
2026-06-01 02:38:27,372 | INFO     |   → 152/891 ❌ HTTP 404 — https://raw.githubusercontent.com/Alvin9999/pac2/master/clash/1/config.yaml
2026-06-01 02:38:27,372 | INFO     |   → 153/891 ❌ HTTP 404 — https://raw.githubusercontent.com/AmirHDevo/temp2/7f15e7ddb311a6f8c5ab338bd1af0e1f2136a84b/configs.txt
2026-06-01 02:38:27,372 | INFO     |   → 154/891: ✅ 202 взято | 🗑️ 2163 мусор
2026-06-01 02:38:27,372 | INFO     |   → 155/891: ✅ 34 взято | 🗑️ 175 мусор
2026-06-01 02:38:27,372 | INFO     |   → 156/891: ✅ 3871 взято | 🗑️ 55868 мусор
2026-06-01 02:38:27,372 | INFO     |   → 157/891: ✅ 5 взято | 🗑️ 47 мусор
2026-06-01 02:38:27,372 | INFO     |   → 158/891: ✅ 1 взято | 🗑️ 75 мусор
2026-06-01 02:38:27,372 | INFO     |   → 159/891: ✅ 21 взято | 🗑️ 107 мусор
2026-06-01 02:38:27,372 | INFO     |   → 160/891: ✅ 78 взято | 🗑️ 347 мусор
2026-06-01 02:38:27,372 | INFO     |   → 161/891: ✅ 0 взято | 🗑️ 1373 мусор
2026-06-01 02:38:27,372 | INFO     |   → 162/891: ✅ 64 взято | 🗑️ 643 мусор
2026-06-01 02:38:27,372 | INFO     |   → 163/891: ✅ 339 взято | 🗑️ 1542 мусор
2026-06-01 02:38:27,372 | INFO     |   → 164/891: ✅ 0 взято | 🗑️ 6 мусор
2026-06-01 02:38:27,372 | INFO     |   → 165/891: ✅ 0 взято | 🗑️ 0 мусор
2026-06-01 02:38:27,373 | INFO     |   → 166/891: ✅ 1 взято | 🗑️ 235 мусор
2026-06-01 02:38:27,373 | INFO     |   → 167/891: ✅ 49 взято | 🗑️ 86 мусор
2026-06-01 02:38:27,373 | INFO     |   → 168/891: ✅ 0 взято | 🗑️ 16 мусор
2026-06-01 02:38:27,373 | INFO     |   → 169/891: ✅ 6 взято | 🗑️ 17 мусор
2026-06-01 02:38:27,373 | INFO     |   → 170/891: ✅ 1 взято | 🗑️ 12 мусор
2026-06-01 02:38:27,373 | INFO     |   → 171/891: ✅ 0 взято | 🗑️ 17 мусор
2026-06-01 02:38:27,373 | INFO     |   → 172/891: ✅ 0 взято | 🗑️ 17 мусор
2026-06-01 02:38:27,373 | INFO     |   → 173/891: ✅ 23 взято | 🗑️ 516 мусор
2026-06-01 02:38:27,373 | INFO     |   → 174/891: ✅ 1 взято | 🗑️ 324 мусор
2026-06-01 02:38:27,373 | INFO     |   → 175/891: ✅ 1 взято | 🗑️ 192 мусор
2026-06-01 02:38:27,373 | INFO     |   → 176/891: ✅ 5 взято | 🗑️ 158 мусор
2026-06-01 02:38:27,373 | INFO     |   → 177/891: ✅ 0 взято | 🗑️ 16 мусор
2026-06-01 02:38:27,373 | INFO     |   → 178/891: ✅ 0 взято | 🗑️ 0 мусор
2026-06-01 02:38:27,373 | INFO     |   → 179/891: ✅ 0 взято | 🗑️ 14 мусор
2026-06-01 02:38:27,373 | INFO     |   → 180/891: ✅ 0 взято | 🗑️ 0 мусор
2026-06-01 02:38:27,373 | INFO     |   → 181/891: ✅ 0 взято | 🗑️ 17 мусор
2026-06-01 02:38:27,373 | INFO     |   → 182/891: ✅ 0 взято | 🗑️ 0 мусор
2026-06-01 02:38:27,373 | INFO     |   → 183/891: ✅ 0 взято | 🗑️ 12 мусор
2026-06-01 02:38:27,373 | INFO     |   → 184/891: ✅ 0 взято | 🗑️ 0 мусор
2026-06-01 02:38:27,373 | INFO     |   → 185/891: ✅ 0 взято | 🗑️ 17 мусор
2026-06-01 02:38:27,373 | INFO     |   → 186/891: ✅ 0 взято | 🗑️ 0 мусор
2026-06-01 02:38:27,373 | INFO     |   → 187/891: ✅ 0 взято | 🗑️ 17 мусор
2026-06-01 02:38:27,373 | INFO     |   → 188/891: ✅ 0 взято | 🗑️ 0 мусор
2026-06-01 02:38:27,373 | INFO     |   → 189/891: ✅ 2 взято | 🗑️ 161 мусор
2026-06-01 02:38:27,373 | INFO     |   → 190/891: ✅ 0 взято | 🗑️ 0 мусор
2026-06-01 02:38:27,373 | INFO     |   → 191/891: ✅ 26 взято | 🗑️ 331 мусор
2026-06-01 02:38:27,374 | INFO     |   → 192/891: ✅ 46 взято | 🗑️ 4 мусор
2026-06-01 02:38:27,374 | INFO     |   → 193/891: ✅ 5 взято | 🗑️ 76 мусор
2026-06-01 02:38:27,374 | INFO     |   → 194/891: ✅ 80 взято | 🗑️ 1110 мусор
2026-06-01 02:38:27,374 | INFO     |   → 195/891: ✅ 21 взято | 🗑️ 1427 мусор
2026-06-01 02:38:27,374 | INFO     |   → 196/891 ❌ HTTP 404 — https://raw.githubusercontent.com/Egkaz/Proxy-list-20k-server/main/stable.txt
2026-06-01 02:38:27,374 | INFO     |   → 197/891: ✅ 5 взято | 🗑️ 13 мусор
2026-06-01 02:38:27,374 | INFO     |   → 198/891 ❌ HTTP 404 — https://raw.githubusercontent.com/Epodonios/bulk-xray-v2ray-vless-vmess-...-configs/main/sub/Austria/config.txt
2026-06-01 02:38:27,374 | INFO     |   → 199/891 ❌ HTTP 404 — https://raw.githubusercontent.com/Epodonios/bulk-xray-v2ray-vless-vmess-...-configs/main/sub/Canada/config.txt
2026-06-01 02:38:27,374 | INFO     |   → 200/891 ❌ HTTP 404 — https://raw.githubusercontent.com/Epodonios/bulk-xray-v2ray-vless-vmess-...-configs/main/sub/Costa%20Rica/config.txt
2026-06-01 02:38:27,374 | INFO     |   → 201/891 ❌ HTTP 404 — https://raw.githubusercontent.com/Epodonios/bulk-xray-v2ray-vless-vmess-...-configs/main/sub/France/config.txt
2026-06-01 02:38:27,374 | INFO     |   → 202/891 ❌ HTTP 404 — https://raw.githubusercontent.com/Epodonios/bulk-xray-v2ray-vless-vmess-...-configs/main/sub/Germany/config.txt
2026-06-01 02:38:27,374 | INFO     |   → 203/891 ❌ HTTP 404 — https://raw.githubusercontent.com/Epodonios/bulk-xray-v2ray-vless-vmess-...-configs/main/sub/Indonesia/config.txt
2026-06-01 02:38:27,374 | INFO     |   → 204/891 ❌ HTTP 404 — https://raw.githubusercontent.com/Epodonios/bulk-xray-v2ray-vless-vmess-...-configs/main/sub/Ireland/config.txt
2026-06-01 02:38:27,374 | INFO     |   → 205/891 ❌ HTTP 404 — https://raw.githubusercontent.com/Epodonios/bulk-xray-v2ray-vless-vmess-...-configs/main/sub/Republic%20of%20Lithuania/config.txt
2026-06-01 02:38:27,374 | INFO     |   → 206/891 ❌ HTTP 404 — https://raw.githubusercontent.com/Epodonios/bulk-xray-v2ray-vless-vmess-...-configs/main/sub/South%20Africa/config.txt
2026-06-01 02:38:27,374 | INFO     |   → 207/891 ❌ HTTP 404 — https://raw.githubusercontent.com/Epodonios/bulk-xray-v2ray-vless-vmess-...-configs/main/sub/Sweden/config.txt
2026-06-01 02:38:27,374 | INFO     |   → 208/891 ❌ HTTP 404 — https://raw.githubusercontent.com/Epodonios/bulk-xray-v2ray-vless-vmess-...-configs/main/sub/Turkey/config.txt
2026-06-01 02:38:27,374 | INFO     |   → 209/891 ❌ HTTP 404 — https://raw.githubusercontent.com/Epodonios/bulk-xray-v2ray-vless-vmess-...-configs/main/sub/United%20Arab%20Emirates/config.txt
2026-06-01 02:38:27,374 | INFO     |   → 210/891 ❌ HTTP 404 — https://raw.githubusercontent.com/Epodonios/bulk-xray-v2ray-vless-vmess-...-configs/main/sub/United%20Kingdom/config.txt
2026-06-01 02:38:27,374 | INFO     |   → 211/891 ❌ HTTP 404 — https://raw.githubusercontent.com/Epodonios/bulk-xray-v2ray-vless-vmess-...-configs/main/sub/United%20States/config.txt
2026-06-01 02:38:27,374 | INFO     |   → 212/891 ❌ HTTP 404 — https://raw.githubusercontent.com/Epodonios/v2ray-configs/main/Splitted-By-Protocol/mix.txt
2026-06-01 02:38:27,374 | INFO     |   → 213/891: ✅ 87 взято | 🗑️ 376 мусор
2026-06-01 02:38:27,374 | INFO     |   → 214/891: ✅ 0 взято | 🗑️ 0 мусор
2026-06-01 02:38:27,374 | INFO     |   → 215/891: ✅ 82 взято | 🗑️ 332 мусор
2026-06-01 02:38:27,374 | INFO     |   → 216/891: ✅ 357 взято | 🗑️ 2344 мусор
2026-06-01 02:38:27,374 | INFO     |   → 217/891: ✅ 49 взято | 🗑️ 543 мусор
2026-06-01 02:38:27,375 | INFO     |   → 218/891 ❌ HTTP 404 — https://raw.githubusercontent.com/Epodonios/v2ray-configs/raw/main/Splitted-By-Protocol/trojan.txt
2026-06-01 02:38:27,375 | INFO     |   → 219/891 ❌ HTTP 404 — https://raw.githubusercontent.com/Epodonios/v2ray-configs/raw/main/Splitted-By-Protocol/vmess.txt
2026-06-01 02:38:27,375 | INFO     |   → 220/891: ✅ 81 взято | 🗑️ 3677 мусор
2026-06-01 02:38:27,375 | INFO     |   → 221/891: ✅ 0 взято | 🗑️ 376 мусор
2026-06-01 02:38:27,375 | INFO     |   → 222/891: ✅ 0 взято | 🗑️ 0 мусор
2026-06-01 02:38:27,375 | INFO     |   → 223/891: ✅ 0 взято | 🗑️ 332 мусор
2026-06-01 02:38:27,375 | INFO     |   → 224/891: ✅ 0 взято | 🗑️ 2344 мусор
2026-06-01 02:38:27,375 | INFO     |   → 225/891: ✅ 0 взято | 🗑️ 543 мусор
2026-06-01 02:38:27,375 | INFO     |   → 226/891: ✅ 549 взято | 🗑️ 478 мусор
2026-06-01 02:38:27,375 | INFO     |   → 227/891: ✅ 0 взято | 🗑️ 98 мусор
2026-06-01 02:38:27,375 | INFO     |   → 228/891: ✅ 0 взято | 🗑️ 153 мусор
2026-06-01 02:38:27,375 | INFO     |   → 229/891: ✅ 296 взято | 🗑️ 152 мусор
2026-06-01 02:38:27,375 | INFO     |   → 230/891: ✅ 109 взято | 🗑️ 7 мусор
2026-06-01 02:38:27,375 | INFO     |   → 231/891: ✅ 9 взято | 🗑️ 384 мусор
2026-06-01 02:38:27,375 | INFO     |   → 232/891 ❌ HTTP 404 — https://raw.githubusercontent.com/Fido6/FreeNodes/57221e59caddde55ffdda21d491ae952cd608049/nodes/halekj.txt
2026-06-01 02:38:27,375 | INFO     |   → 233/891 ❌ HTTP 404 — https://raw.githubusercontent.com/Fido6/FreeNodes/57221e59caddde55ffdda21d491ae952cd608049/nodes/kkzui.txt
2026-06-01 02:38:27,375 | INFO     |   → 234/891 ❌ HTTP 404 — https://raw.githubusercontent.com/Fido6/FreeNodes/57221e59caddde55ffdda21d491ae952cd608049/nodes/wenode.txt
2026-06-01 02:38:27,375 | INFO     |   → 235/891: ✅ 54 взято | 🗑️ 404 мусор
2026-06-01 02:38:27,375 | INFO     |   → 236/891: ✅ 0 взято | 🗑️ 13 мусор
2026-06-01 02:38:27,375 | INFO     |   → 237/891: ✅ 126 взято | 🗑️ 1085 мусор
2026-06-01 02:38:27,375 | INFO     |   → 238/891: ✅ 138 взято | 🗑️ 531 мусор
2026-06-01 02:38:27,375 | INFO     |   → 239/891: ✅ 499 взято | 🗑️ 3453 мусор
2026-06-01 02:38:27,375 | INFO     |   → 240/891: ✅ 20 взято | 🗑️ 925 мусор
2026-06-01 02:38:27,375 | INFO     |   → 241/891: ✅ 0 взято | 🗑️ 0 мусор
2026-06-01 02:38:27,375 | INFO     |   → 242/891: ✅ 0 взято | 🗑️ 0 мусор
2026-06-01 02:38:27,376 | INFO     |   → 243/891: ✅ 14 взято | 🗑️ 250 мусор
2026-06-01 02:38:27,376 | INFO     |   → 244/891: ✅ 0 взято | 🗑️ 9 мусор
2026-06-01 02:38:27,376 | INFO     |   → 245/891: ✅ 15 взято | 🗑️ 0 мусор
2026-06-01 02:38:27,376 | INFO     |   → 246/891: ✅ 0 взято | 🗑️ 609 мусор
2026-06-01 02:38:27,376 | INFO     |   → 247/891: ✅ 18 взято | 🗑️ 63 мусор
2026-06-01 02:38:27,376 | INFO     |   → 248/891: ✅ 1 взято | 🗑️ 17 мусор
2026-06-01 02:38:27,376 | INFO     |   → 249/891: ✅ 4 взято | 🗑️ 11 мусор
2026-06-01 02:38:27,376 | INFO     |   → 250/891: ✅ 0 взято | 🗑️ 0 мусор
2026-06-01 02:38:27,376 | INFO     |   → 251/891: ✅ 0 взято | 🗑️ 137 мусор
2026-06-01 02:38:27,376 | INFO     |   → 252/891: ✅ 0 взято | 🗑️ 32 мусор
2026-06-01 02:38:27,376 | INFO     |   → 253/891: ✅ 2 взято | 🗑️ 19 мусор
2026-06-01 02:38:27,376 | INFO     |   → 254/891: ✅ 0 взято | 🗑️ 43 мусор
2026-06-01 02:38:27,376 | INFO     |   → 255/891: ✅ 0 взято | 🗑️ 43 мусор
2026-06-01 02:38:27,376 | INFO     |   → 256/891: ✅ 0 взято | 🗑️ 1 мусор
2026-06-01 02:38:27,376 | INFO     |   → 257/891: ✅ 0 взято | 🗑️ 1 мусор
2026-06-01 02:38:27,376 | INFO     |   → 258/891: ✅ 0 взято | 🗑️ 28 мусор
2026-06-01 02:38:27,376 | INFO     |   → 259/891: ✅ 14 взято | 🗑️ 282 мусор
2026-06-01 02:38:27,376 | INFO     |   → 260/891: ✅ 0 взято | 🗑️ 94 мусор
2026-06-01 02:38:27,376 | INFO     |   → 261/891: ✅ 0 взято | 🗑️ 0 мусор
2026-06-01 02:38:27,376 | INFO     |   → 262/891: ✅ 0 взято | 🗑️ 0 мусор
2026-06-01 02:38:27,376 | INFO     |   → 263/891: ✅ 324 взято | 🗑️ 116 мусор
2026-06-01 02:38:27,376 | INFO     |   → 264/891: ✅ 173 взято | 🗑️ 284 мусор
2026-06-01 02:38:27,376 | INFO     |   → 265/891: ✅ 43 взято | 🗑️ 727 мусор
2026-06-01 02:38:27,376 | INFO     |   → 266/891: ✅ 5939 взято | 🗑️ 46237 мусор
2026-06-01 02:38:27,376 | INFO     |   → 267/891: ✅ 0 взято | 🗑️ 35 мусор
2026-06-01 02:38:27,376 | INFO     |   → 268/891: ✅ 0 взято | 🗑️ 9698 мусор
2026-06-01 02:38:27,377 | INFO     |   → 269/891: ✅ 0 взято | 🗑️ 31035 мусор
2026-06-01 02:38:27,377 | INFO     |   → 270/891: ✅ 0 взято | 🗑️ 5 мусор
2026-06-01 02:38:27,377 | INFO     |   → 271/891: ✅ 0 взято | 🗑️ 4 мусор
2026-06-01 02:38:27,377 | INFO     |   → 272/891: ✅ 0 взято | 🗑️ 51 мусор
2026-06-01 02:38:27,377 | INFO     |   → 273/891: ✅ 0 взято | 🗑️ 8 мусор
2026-06-01 02:38:27,377 | INFO     |   → 274/891 ❌ HTTP 404 — https://raw.githubusercontent.com/Kwinshadow/TelegramV2rayCollector/raw/refs/heads/main/sublinks/mix.txt
2026-06-01 02:38:27,377 | INFO     |   → 275/891: ✅ 9 взято | 🗑️ 709 мусор
2026-06-01 02:38:27,377 | INFO     |   → 276/891 ❌ HTTP 404 — https://raw.githubusercontent.com/LalatinaHub/Mineral/raw/refs/heads/master/result/nodes
2026-06-01 02:38:27,377 | INFO     |   → 277/891: ✅ 1 взято | 🗑️ 124 мусор
2026-06-01 02:38:27,377 | INFO     |   → 278/891 ❌ HTTP 404 — https://raw.githubusercontent.com/Leon406/SubCrawler/main/sub/share/all3
2026-06-01 02:38:27,377 | INFO     |   → 279/891 ❌ HTTP 404 — https://raw.githubusercontent.com/Leon406/SubCrawler/main/sub/share/all4
2026-06-01 02:38:27,377 | INFO     |   → 280/891: ✅ 4 взято | 🗑️ 335 мусор
2026-06-01 02:38:27,377 | INFO     |   → 281/891: ✅ 380 взято | 🗑️ 19450 мусор
2026-06-01 02:38:27,377 | INFO     |   → 282/891: ✅ 0 взято | 🗑️ 33 мусор
2026-06-01 02:38:27,377 | INFO     |   → 283/891: ✅ 0 взято | 🗑️ 6 мусор
2026-06-01 02:38:27,377 | INFO     |   → 284/891: ✅ 3 взято | 🗑️ 1 мусор
2026-06-01 02:38:27,377 | INFO     |   → 285/891: ✅ 0 взято | 🗑️ 147 мусор
2026-06-01 02:38:27,377 | INFO     |   → 286/891 ❌ HTTP 404 — https://raw.githubusercontent.com/M-Mashreghi/free-config-collector/main/Splitted-By-Protocol/ssr.txt
2026-06-01 02:38:27,377 | INFO     |   → 287/891: ✅ 139 взято | 🗑️ 114 мусор
2026-06-01 02:38:27,377 | INFO     |   → 288/891: ✅ 126 взято | 🗑️ 137 мусор
2026-06-01 02:38:27,377 | INFO     |   → 289/891: ✅ 0 взято | 🗑️ 12 мусор
2026-06-01 02:38:27,377 | INFO     |   → 290/891: ✅ 0 взято | 🗑️ 1 мусор
2026-06-01 02:38:27,377 | INFO     |   → 291/891: ✅ 11 взято | 🗑️ 285 мусор
2026-06-01 02:38:27,377 | INFO     |   → 292/891: ✅ 0 взято | 🗑️ 285 мусор
2026-06-01 02:38:27,377 | INFO     |   → 293/891: ✅ 0 взято | 🗑️ 204 мусор
2026-06-01 02:38:27,377 | INFO     |   → 294/891 ❌ HTTP 404 — https://raw.githubusercontent.com/MatinGhanbari/v2ray-configs/main/subscriptions/filtered/subs/hy2.txt
2026-06-01 02:38:27,378 | INFO     |   → 295/891: ✅ 30 взято | 🗑️ 1529 мусор
2026-06-01 02:38:27,378 | INFO     |   → 296/891 ❌ HTTP 404 — https://raw.githubusercontent.com/MatinGhanbari/v2ray-configs/main/subscriptions/filtered/subs/ssr.txt
2026-06-01 02:38:27,378 | INFO     |   → 297/891: ✅ 67 взято | 🗑️ 525 мусор
2026-06-01 02:38:27,378 | INFO     |   → 298/891 ❌ HTTP 404 — https://raw.githubusercontent.com/MatinGhanbari/v2ray-configs/main/subscriptions/filtered/subs/tuic.txt
2026-06-01 02:38:27,378 | INFO     |   → 299/891: ✅ 3 взято | 🗑️ 67 мусор
2026-06-01 02:38:27,378 | INFO     |   → 300/891: ✅ 259 взято | 🗑️ 1437 мусор
2026-06-01 02:38:27,378 | INFO     |   → 301/891: ✅ 145 взято | 🗑️ 3565 мусор
2026-06-01 02:38:27,378 | INFO     |   → 302/891: ✅ 24 взято | 🗑️ 170 мусор
2026-06-01 02:38:27,378 | INFO     |   → 303/891: ✅ 0 взято | 🗑️ 2 мусор
2026-06-01 02:38:27,378 | INFO     |   → 304/891: ✅ 86 взято | 🗑️ 1004 мусор
2026-06-01 02:38:27,378 | INFO     |   → 305/891: ✅ 0 взято | 🗑️ 513 мусор
2026-06-01 02:38:27,378 | INFO     |   → 306/891: ✅ 0 взято | 🗑️ 513 мусор
2026-06-01 02:38:27,378 | INFO     |   → 307/891: ✅ 0 взято | 🗑️ 33 мусор
2026-06-01 02:38:27,378 | INFO     |   → 308/891: ✅ 0 взято | 🗑️ 2 мусор
2026-06-01 02:38:27,378 | INFO     |   → 309/891: ✅ 0 взято | 🗑️ 386 мусор
2026-06-01 02:38:27,378 | INFO     |   → 310/891: ✅ 0 взято | 🗑️ 78 мусор
2026-06-01 02:38:27,378 | INFO     |   → 311/891 ❌ HTTP 404 — https://raw.githubusercontent.com/MhdiTaheri/V2rayCollector/raw/refs/heads/main/sub/mix
2026-06-01 02:38:27,378 | INFO     |   → 312/891: ✅ 53 взято | 🗑️ 267 мусор
2026-06-01 02:38:27,378 | INFO     |   → 313/891 ❌ HTTP 404 — https://raw.githubusercontent.com/MhdiTaheri/V2rayCollector_Py/raw/refs/heads/main/sub/Mix/mix.txt
2026-06-01 02:38:27,378 | INFO     |   → 314/891: ✅ 0 взято | 🗑️ 0 мусор
2026-06-01 02:38:27,378 | INFO     |   → 315/891: ✅ 43 взято | 🗑️ 217 мусор
2026-06-01 02:38:27,378 | INFO     |   → 316/891: ✅ 0 взято | 🗑️ 31 мусор
2026-06-01 02:38:27,378 | INFO     |   → 317/891: ✅ 92 взято | 🗑️ 282 мусор
2026-06-01 02:38:27,378 | INFO     |   → 318/891: ✅ 0 взято | 🗑️ 26 мусор
2026-06-01 02:38:27,378 | INFO     |   → 319/891: ✅ 0 взято | 🗑️ 3 мусор
2026-06-01 02:38:27,379 | INFO     |   → 320/891 ❌ HTTP 404 — https://raw.githubusercontent.com/MrMohebi/xray-proxy-grabber-telegram/master/collected-proxies/clash-meta/all.yaml
2026-06-01 02:38:27,379 | INFO     |   → 321/891 ❌ HTTP 404 — https://raw.githubusercontent.com/MrMohebi/xray-proxy-grabber-telegram/master/collected-proxies/row-url/actives.txt
2026-06-01 02:38:27,379 | INFO     |   → 322/891 ❌ HTTP 404 — https://raw.githubusercontent.com/MrMohebi/xray-proxy-grabber-telegram/master/collected-proxies/row-url/all.txt
2026-06-01 02:38:27,379 | INFO     |   → 323/891: ✅ 0 взято | 🗑️ 13 мусор
2026-06-01 02:38:27,379 | INFO     |   → 324/891: ✅ 0 взято | 🗑️ 13 мусор
2026-06-01 02:38:27,379 | INFO     |   → 325/891: ✅ 5 взято | 🗑️ 15 мусор
2026-06-01 02:38:27,379 | INFO     |   → 326/891: ✅ 0 взято | 🗑️ 30 мусор
2026-06-01 02:38:27,379 | INFO     |   → 327/891: ✅ 0 взято | 🗑️ 15 мусор
2026-06-01 02:38:27,379 | INFO     |   → 328/891: ✅ 66 взято | 🗑️ 123 мусор
2026-06-01 02:38:27,379 | INFO     |   → 329/891: ✅ 175 взято | 🗑️ 582 мусор
2026-06-01 02:38:27,379 | INFO     |   → 330/891: ✅ 2 взято | 🗑️ 13 мусор
2026-06-01 02:38:27,379 | INFO     |   → 331/891: ✅ 0 взято | 🗑️ 0 мусор
2026-06-01 02:38:27,379 | INFO     |   → 332/891 ❌ HTTP 404 — https://raw.githubusercontent.com/OpenCNLink/freevpn/3cfcff048bfdd1493ccffa52ecf30ce7f9fc6b28/src/list/vmess.txt
2026-06-01 02:38:27,379 | INFO     |   → 333/891: ✅ 1 взято | 🗑️ 19 мусор
2026-06-01 02:38:27,379 | INFO     |   → 334/891: ✅ 0 взято | 🗑️ 19 мусор
2026-06-01 02:38:27,379 | INFO     |   → 335/891: ✅ 0 взято | 🗑️ 0 мусор
2026-06-01 02:38:27,379 | INFO     |   → 336/891: ✅ 0 взято | 🗑️ 0 мусор
2026-06-01 02:38:27,379 | INFO     |   → 337/891: ✅ 0 взято | 🗑️ 0 мусор
2026-06-01 02:38:27,379 | INFO     |   → 338/891: ✅ 0 взято | 🗑️ 0 мусор
2026-06-01 02:38:27,379 | INFO     |   → 339/891: ✅ 0 взято | 🗑️ 0 мусор
2026-06-01 02:38:27,379 | INFO     |   → 340/891: ✅ 0 взято | 🗑️ 0 мусор
2026-06-01 02:38:27,379 | INFO     |   → 341/891: ✅ 39 взято | 🗑️ 70 мусор
2026-06-01 02:38:27,379 | INFO     |   → 342/891 ❌ HTTP 404 — https://raw.githubusercontent.com/RKPchannel/RKP_bypass_configs/main/configs
2026-06-01 02:38:27,379 | INFO     |   → 343/891: ✅ 0 взято | 🗑️ 35 мусор
2026-06-01 02:38:27,379 | INFO     |   → 344/891: ✅ 0 взято | 🗑️ 0 мусор
2026-06-01 02:38:27,379 | INFO     |   → 345/891: ✅ 0 взято | 🗑️ 50 мусор
2026-06-01 02:38:27,380 | INFO     |   → 346/891: ✅ 0 взято | 🗑️ 0 мусор
2026-06-01 02:38:27,380 | INFO     |   → 347/891: ✅ 0 взято | 🗑️ 0 мусор
2026-06-01 02:38:27,380 | INFO     |   → 348/891: ✅ 5 взято | 🗑️ 206 мусор
2026-06-01 02:38:27,380 | INFO     |   → 349/891: ✅ 21 взято | 🗑️ 138 мусор
2026-06-01 02:38:27,380 | INFO     |   → 350/891: ✅ 23 взято | 🗑️ 89 мусор
2026-06-01 02:38:27,380 | INFO     |   → 351/891: ✅ 9 взято | 🗑️ 85 мусор
2026-06-01 02:38:27,380 | INFO     |   → 352/891: ✅ 0 взято | 🗑️ 129 мусор
2026-06-01 02:38:27,380 | INFO     |   → 353/891: ✅ 0 взято | 🗑️ 81 мусор
2026-06-01 02:38:27,380 | INFO     |   → 354/891 ❌ HTTP 404 — https://raw.githubusercontent.com/STR97/STRUGOV/main/BYPASS
2026-06-01 02:38:27,380 | INFO     |   → 355/891 ❌ HTTP 404 — https://raw.githubusercontent.com/STR97/STRUGOV/main/CUSTOM
2026-06-01 02:38:27,380 | INFO     |   → 356/891 ❌ HTTP 404 — https://raw.githubusercontent.com/STR97/STRUGOV/main/STR
2026-06-01 02:38:27,380 | INFO     |   → 357/891 ❌ HTTP 404 — https://raw.githubusercontent.com/STR97/STRUGOV/main/STR.BYPASS
2026-06-01 02:38:27,380 | INFO     |   → 358/891 ❌ HTTP 404 — https://raw.githubusercontent.com/STR97/STRUGOV/main/Vless
2026-06-01 02:38:27,380 | INFO     |   → 359/891 ❌ HTTP 404 — https://raw.githubusercontent.com/STR97/STRUGOV/refs/heads/main/STR.BYPASS
2026-06-01 02:38:27,380 | INFO     |   → 360/891: ✅ 4 взято | 🗑️ 34 мусор
2026-06-01 02:38:27,380 | INFO     |   → 361/891: ✅ 11 взято | 🗑️ 16 мусор
2026-06-01 02:38:27,380 | INFO     |   → 362/891: ✅ 0 взято | 🗑️ 16 мусор
2026-06-01 02:38:27,380 | INFO     |   → 363/891: ✅ 0 взято | 🗑️ 27 мусор
2026-06-01 02:38:27,380 | INFO     |   → 364/891: ✅ 140 взято | 🗑️ 1153 мусор
2026-06-01 02:38:27,380 | INFO     |   → 365/891: ✅ 85 взято | 🗑️ 1184 мусор
2026-06-01 02:38:27,380 | INFO     |   → 366/891: ✅ 17 взято | 🗑️ 1105 мусор
2026-06-01 02:38:27,380 | INFO     |   → 367/891: ✅ 147 взято | 🗑️ 2981 мусор
2026-06-01 02:38:27,380 | INFO     |   → 368/891: ✅ 213 взято | 🗑️ 544 мусор
2026-06-01 02:38:27,380 | INFO     |   → 369/891: ✅ 53 взято | 🗑️ 4722 мусор
2026-06-01 02:38:27,380 | INFO     |   → 370/891: ✅ 76 взято | 🗑️ 362 мусор
2026-06-01 02:38:27,380 | INFO     |   → 371/891: ✅ 29 взято | 🗑️ 54 мусор
2026-06-01 02:38:27,381 | INFO     |   → 372/891: ✅ 0 взято | 🗑️ 0 мусор
2026-06-01 02:38:27,381 | INFO     |   → 373/891: ✅ 0 взято | 🗑️ 0 мусор
2026-06-01 02:38:27,381 | INFO     |   → 374/891: ✅ 0 взято | 🗑️ 2263 мусор
2026-06-01 02:38:27,381 | INFO     |   → 375/891: ✅ 0 взято | 🗑️ 0 мусор
2026-06-01 02:38:27,381 | INFO     |   → 376/891: ✅ 0 взято | 🗑️ 0 мусор
2026-06-01 02:38:27,381 | INFO     |   → 377/891: ✅ 0 взято | 🗑️ 9 мусор
2026-06-01 02:38:27,381 | INFO     |   → 378/891: ✅ 0 взято | 🗑️ 202 мусор
2026-06-01 02:38:27,381 | INFO     |   → 379/891: ✅ 0 взято | 🗑️ 1800 мусор
2026-06-01 02:38:27,381 | INFO     |   → 380/891: ✅ 0 взято | 🗑️ 83 мусор
2026-06-01 02:38:27,381 | INFO     |   → 381/891: ✅ 0 взято | 🗑️ 0 мусор
2026-06-01 02:38:27,381 | INFO     |   → 382/891: ✅ 0 взято | 🗑️ 9 мусор
2026-06-01 02:38:27,381 | INFO     |   → 383/891 ❌ HTTP 404 — https://raw.githubusercontent.com/Syavar/V2ray-Configs/main/OK_TLS_activision.com.txt
2026-06-01 02:38:27,381 | INFO     |   → 384/891: ✅ 3 взято | 🗑️ 1 мусор
2026-06-01 02:38:27,381 | INFO     |   → 385/891: ✅ 3 взято | 🗑️ 1 мусор
2026-06-01 02:38:27,381 | INFO     |   → 386/891: ✅ 3 взято | 🗑️ 1 мусор
2026-06-01 02:38:27,381 | INFO     |   → 387/891: ✅ 3 взято | 🗑️ 1 мусор
2026-06-01 02:38:27,381 | INFO     |   → 388/891 ❌ HTTP 404 — https://raw.githubusercontent.com/Syavar/V2ray-Configs/main/OK_TLS_viber.com.txt
2026-06-01 02:38:27,381 | INFO     |   → 389/891: ✅ 3 взято | 🗑️ 1 мусор
2026-06-01 02:38:27,381 | INFO     |   → 390/891: ✅ 3 взято | 🗑️ 1 мусор
2026-06-01 02:38:27,381 | INFO     |   → 391/891 ❌ HTTP 404 — https://raw.githubusercontent.com/Syavar/V2ray-Configs/main/OK_activision.com.txt
2026-06-01 02:38:27,381 | INFO     |   → 392/891 ❌ HTTP 404 — https://raw.githubusercontent.com/Syavar/V2ray-Configs/main/OK_css.rbxcdn.com.txt
2026-06-01 02:38:27,381 | INFO     |   → 393/891 ❌ HTTP 404 — https://raw.githubusercontent.com/Syavar/V2ray-Configs/main/OK_google.com.txt
2026-06-01 02:38:27,381 | INFO     |   → 394/891 ❌ HTTP 404 — https://raw.githubusercontent.com/Syavar/V2ray-Configs/main/OK_speedtest.tinkoff.ru.txt
2026-06-01 02:38:27,381 | INFO     |   → 395/891 ❌ HTTP 404 — https://raw.githubusercontent.com/Syavar/V2ray-Configs/main/OK_telegram.org.txt
2026-06-01 02:38:27,381 | INFO     |   → 396/891 ❌ HTTP 404 — https://raw.githubusercontent.com/Syavar/V2ray-Configs/main/OK_viber.com.txt
2026-06-01 02:38:27,381 | INFO     |   → 397/891 ❌ HTTP 404 — https://raw.githubusercontent.com/Syavar/V2ray-Configs/main/OK_vk.com.txt
2026-06-01 02:38:27,381 | INFO     |   → 398/891 ❌ HTTP 404 — https://raw.githubusercontent.com/Syavar/V2ray-Configs/main/OK_whatsapp.com.txt
2026-06-01 02:38:27,381 | INFO     |   → 399/891: ✅ 344 взято | 🗑️ 666 мусор
2026-06-01 02:38:27,382 | INFO     |   → 400/891: ✅ 4 взято | 🗑️ 291 мусор
2026-06-01 02:38:27,382 | INFO     |   → 401/891: ✅ 0 взято | 🗑️ 119 мусор
2026-06-01 02:38:27,382 | INFO     |   → 402/891: ✅ 0 взято | 🗑️ 0 мусор
2026-06-01 02:38:27,382 | INFO     |   → 403/891 ❌ HTTP 404 — https://raw.githubusercontent.com/V2RAYCONFIGSPOOL/V2RAY_SUB/main/V2RAY_SUB.txt
2026-06-01 02:38:27,382 | INFO     |   → 404/891: ✅ 8 взято | 🗑️ 12 мусор
2026-06-01 02:38:27,382 | INFO     |   → 405/891: ✅ 8 взято | 🗑️ 10 мусор
2026-06-01 02:38:27,382 | INFO     |   → 406/891: ✅ 8 взято | 🗑️ 11 мусор
2026-06-01 02:38:27,382 | INFO     |   → 407/891: ✅ 7 взято | 🗑️ 10 мусор
2026-06-01 02:38:27,382 | INFO     |   → 408/891: ✅ 8 взято | 🗑️ 9 мусор
2026-06-01 02:38:27,382 | INFO     |   → 409/891: ✅ 5 взято | 🗑️ 12 мусор
2026-06-01 02:38:27,382 | INFO     |   → 410/891: ✅ 12 взято | 🗑️ 6 мусор
2026-06-01 02:38:27,382 | INFO     |   → 411/891: ✅ 10 взято | 🗑️ 6 мусор
2026-06-01 02:38:27,382 | INFO     |   → 412/891: ✅ 10 взято | 🗑️ 5 мусор
2026-06-01 02:38:27,382 | INFO     |   → 413/891: ✅ 4 взято | 🗑️ 9 мусор
2026-06-01 02:38:27,382 | INFO     |   → 414/891: ✅ 53 взято | 🗑️ 142 мусор
2026-06-01 02:38:27,382 | INFO     |   → 415/891: ✅ 0 взято | 🗑️ 5 мусор
2026-06-01 02:38:27,382 | INFO     |   → 416/891: ✅ 0 взято | 🗑️ 0 мусор
2026-06-01 02:38:27,382 | INFO     |   → 417/891: ✅ 16 взято | 🗑️ 17 мусор
2026-06-01 02:38:27,382 | INFO     |   → 418/891: ✅ 0 взято | 🗑️ 0 мусор
2026-06-01 02:38:27,382 | INFO     |   → 419/891: ✅ 0 взято | 🗑️ 17 мусор
2026-06-01 02:38:27,382 | INFO     |   → 420/891: ✅ 58 взято | 🗑️ 348 мусор
2026-06-01 02:38:27,382 | INFO     |   → 421/891: ✅ 0 взято | 🗑️ 231 мусор
2026-06-01 02:38:27,382 | INFO     |   → 422/891: ✅ 0 взято | 🗑️ 0 мусор
2026-06-01 02:38:27,382 | INFO     |   → 423/891: ✅ 0 взято | 🗑️ 0 мусор
2026-06-01 02:38:27,382 | INFO     |   → 424/891: ✅ 123 взято | 🗑️ 432 мусор
2026-06-01 02:38:27,382 | INFO     |   → 425/891: ✅ 0 взято | 🗑️ 83 мусор
2026-06-01 02:38:27,382 | INFO     |   → 426/891: ✅ 0 взято | 🗑️ 16 мусор
2026-06-01 02:38:27,382 | INFO     |   → 427/891: ✅ 0 взято | 🗑️ 16 мусор
2026-06-01 02:38:27,382 | INFO     |   → 428/891 ❌ HTTP 404 — https://raw.githubusercontent.com/aiboboxx/clashfree/main/clash.yml
2026-06-01 02:38:27,382 | INFO     |   → 429/891 ❌ HTTP 404 — https://raw.githubusercontent.com/aiboboxx/clashfree/refs/heads/main/clash.yml
2026-06-01 02:38:27,382 | INFO     |   → 430/891 ❌ HTTP 404 — https://raw.githubusercontent.com/aiboboxx/v2rayfree/main/v2
2026-06-01 02:38:27,382 | INFO     |   → 431/891 ❌ HTTP 404 — https://raw.githubusercontent.com/amirmohammad-mohammad-88/Sub-Reality-Azadi-config/Config/Azadi-Reality-Different
2026-06-01 02:38:27,382 | INFO     |   → 432/891 ❌ HTTP 404 — https://raw.githubusercontent.com/amirmohammad-mohammad-88/Sub-Reality-Azadi-config/Config/Azadi-Reality-Different-Base64
2026-06-01 02:38:27,383 | INFO     |   → 433/891: ✅ 1 взято | 🗑️ 17 мусор
2026-06-01 02:38:27,383 | INFO     |   → 434/891: ✅ 0 взято | 🗑️ 0 мусор
2026-06-01 02:38:27,383 | INFO     |   → 435/891: ✅ 0 взято | 🗑️ 0 мусор
2026-06-01 02:38:27,383 | INFO     |   → 436/891: ✅ 4 взято | 🗑️ 114 мусор
2026-06-01 02:38:27,383 | INFO     |   → 437/891: ✅ 21 взято | 🗑️ 51 мусор
2026-06-01 02:38:27,383 | INFO     |   → 438/891: ✅ 0 взято | 🗑️ 223 мусор
2026-06-01 02:38:27,383 | INFO     |   → 439/891: ✅ 0 взято | 🗑️ 128 мусор
2026-06-01 02:38:27,383 | INFO     |   → 440/891: ✅ 24 взято | 🗑️ 51 мусор
2026-06-01 02:38:27,383 | INFO     |   → 441/891 ❌ HTTP 404 — https://raw.githubusercontent.com/awesome-vpn/awesome-vpn/master/ss
2026-06-01 02:38:27,383 | INFO     |   → 442/891 ❌ HTTP 404 — https://raw.githubusercontent.com/awesome-vpn/awesome-vpn/master/ssr
2026-06-01 02:38:27,383 | INFO     |   → 443/891: ✅ 0 взято | 🗑️ 0 мусор
2026-06-01 02:38:27,383 | INFO     |   → 444/891: ✅ 0 взято | 🗑️ 22 мусор
2026-06-01 02:38:27,383 | INFO     |   → 445/891: ✅ 0 взято | 🗑️ 3079 мусор
2026-06-01 02:38:27,383 | INFO     |   → 446/891: ✅ 0 взято | 🗑️ 362 мусор
2026-06-01 02:38:27,383 | INFO     |   → 447/891: ✅ 0 взято | 🗑️ 2284 мусор
2026-06-01 02:38:27,383 | INFO     |   → 448/891: ✅ 0 взято | 🗑️ 171 мусор
2026-06-01 02:38:27,383 | INFO     |   → 449/891 ❌ HTTP 404 — https://raw.githubusercontent.com/barry-far/V2ray-Configs/ced94ddfff48276ec365b40227561f36b1b64bc8/Sub5.txt
2026-06-01 02:38:27,383 | INFO     |   → 450/891 ❌ HTTP 404 — https://raw.githubusercontent.com/barry-far/V2ray-Configs/main/Splitted-By-Protocol/hysteria2.txt
2026-06-01 02:38:27,383 | INFO     |   → 451/891 ❌ HTTP 404 — https://raw.githubusercontent.com/barry-far/V2ray-Configs/main/Splitted-By-Protocol/vless.txt
2026-06-01 02:38:27,383 | INFO     |   → 452/891 ❌ HTTP 404 — https://raw.githubusercontent.com/barry-far/V2ray-Configs/main/Sub1.txt
2026-06-01 02:38:27,383 | INFO     |   → 453/891 ❌ HTTP 404 — https://raw.githubusercontent.com/barry-far/V2ray-Configs/refs/heads/main/All_Configs_Sub.txt
2026-06-01 02:38:27,383 | INFO     |   → 454/891: ✅ 0 взято | 🗑️ 362 мусор
2026-06-01 02:38:27,383 | INFO     |   → 455/891: ✅ 0 взято | 🗑️ 2284 мусор
2026-06-01 02:38:27,383 | INFO     |   → 456/891: ✅ 0 взято | 🗑️ 171 мусор
2026-06-01 02:38:27,383 | INFO     |   → 457/891: ✅ 0 взято | 🗑️ 0 мусор
2026-06-01 02:38:27,383 | INFO     |   → 458/891 ❌ HTTP 404 — https://raw.githubusercontent.com/budamu/clashconfig/main/v2ray.txt
2026-06-01 02:38:27,383 | INFO     |   → 459/891 ❌ HTTP 404 — https://raw.githubusercontent.com/budamu/clashconfig/main/v2ray2.txt
2026-06-01 02:38:27,383 | INFO     |   → 460/891 ❌ HTTP 404 — https://raw.githubusercontent.com/bywarm/whitelists-vpns-etc/main/whitelists1-4pda.txt
2026-06-01 02:38:27,383 | INFO     |   → 461/891: ✅ 9 взято | 🗑️ 33 мусор
2026-06-01 02:38:27,383 | INFO     |   → 462/891: ✅ 0 взято | 🗑️ 0 мусор
2026-06-01 02:38:27,383 | INFO     |   → 463/891: ✅ 0 взято | 🗑️ 33 мусор
2026-06-01 02:38:27,383 | INFO     |   → 464/891: ✅ 0 взято | 🗑️ 0 мусор
2026-06-01 02:38:27,384 | INFO     |   → 465/891: ✅ 0 взято | 🗑️ 442 мусор
2026-06-01 02:38:27,384 | INFO     |   → 466/891: ✅ 0 взято | 🗑️ 0 мусор
2026-06-01 02:38:27,384 | INFO     |   → 467/891 ❌ HTTP 404 — https://raw.githubusercontent.com/chxxyz2004/zd/17fca23b73c46b5dd73e9be49b14d219b5e5f836/sub/2401/240110.txt
2026-06-01 02:38:27,384 | INFO     |   → 468/891: ✅ 0 взято | 🗑️ 44 мусор
2026-06-01 02:38:27,384 | INFO     |   → 469/891: ✅ 356 взято | 🗑️ 5284 мусор
2026-06-01 02:38:27,384 | INFO     |   → 470/891: ✅ 236 взято | 🗑️ 517 мусор
2026-06-01 02:38:27,384 | INFO     |   → 471/891 ❌ HTTP 404 — https://raw.githubusercontent.com/cxr9912/cxr2022/main/free.yaml
2026-06-01 02:38:27,384 | INFO     |   → 472/891 ❌ HTTP 404 — https://raw.githubusercontent.com/cxr9912/cxr2022/main/mix.yaml
2026-06-01 02:38:27,384 | INFO     |   → 473/891 ❌ HTTP 404 — https://raw.githubusercontent.com/cxr9912/cxr2022/main/ss.yaml
2026-06-01 02:38:27,384 | INFO     |   → 474/891 ❌ HTTP 404 — https://raw.githubusercontent.com/cxr9912/cxr2022/main/ssr.yaml
2026-06-01 02:38:27,384 | INFO     |   → 475/891 ❌ HTTP 404 — https://raw.githubusercontent.com/cxr9912/cxr2022/main/vmess.yaml
2026-06-01 02:38:27,384 | INFO     |   → 476/891 ❌ HTTP 404 — https://raw.githubusercontent.com/cxr9912/cxr2022/refs/heads/main/18cj.json
2026-06-01 02:38:27,384 | INFO     |   → 477/891 ❌ HTTP 404 — https://raw.githubusercontent.com/cxr9912/cxr2022/refs/heads/main/aaaaaaaa.yaml
2026-06-01 02:38:27,384 | INFO     |   → 478/891 ❌ HTTP 404 — https://raw.githubusercontent.com/cxr9912/cxr2022/refs/heads/main/free.yaml
2026-06-01 02:38:27,384 | INFO     |   → 479/891 ❌ HTTP 404 — https://raw.githubusercontent.com/cxr9912/cxr2022/refs/heads/main/ss2088.txt
2026-06-01 02:38:27,384 | INFO     |   → 480/891: ✅ 0 взято | 🗑️ 18 мусор
2026-06-01 02:38:27,384 | INFO     |   → 481/891: ✅ 0 взято | 🗑️ 18 мусор
2026-06-01 02:38:27,384 | INFO     |   → 482/891: ✅ 6 взято | 🗑️ 78 мусор
2026-06-01 02:38:27,384 | INFO     |   → 483/891: ✅ 6 взято | 🗑️ 4 мусор
2026-06-01 02:38:27,384 | INFO     |   → 484/891: ✅ 0 взято | 🗑️ 2 мусор
2026-06-01 02:38:27,384 | INFO     |   → 485/891: ✅ 0 взято | 🗑️ 2 мусор
2026-06-01 02:38:27,384 | INFO     |   → 486/891: ✅ 0 взято | 🗑️ 2 мусор
2026-06-01 02:38:27,384 | INFO     |   → 487/891: ✅ 0 взято | 🗑️ 3 мусор
2026-06-01 02:38:27,384 | INFO     |   → 488/891: ✅ 0 взято | 🗑️ 2 мусор
2026-06-01 02:38:27,384 | INFO     |   → 489/891: ✅ 0 взято | 🗑️ 9 мусор
2026-06-01 02:38:27,384 | INFO     |   → 490/891: ✅ 1 взято | 🗑️ 1 мусор
2026-06-01 02:38:27,384 | INFO     |   → 491/891: ✅ 0 взято | 🗑️ 10 мусор
2026-06-01 02:38:27,384 | INFO     |   → 492/891: ✅ 0 взято | 🗑️ 2 мусор
2026-06-01 02:38:27,384 | INFO     |   → 493/891: ✅ 0 взято | 🗑️ 0 мусор
2026-06-01 02:38:27,384 | INFO     |   → 494/891: ✅ 0 взято | 🗑️ 0 мусор
2026-06-01 02:38:27,384 | INFO     |   → 495/891: ✅ 5540 взято | 🗑️ 113927 мусор
2026-06-01 02:38:27,384 | INFO     |   → 496/891: ✅ 4 взято | 🗑️ 141 мусор
2026-06-01 02:38:27,384 | INFO     |   → 497/891: ✅ 5984 взято | 🗑️ 123672 мусор
2026-06-01 02:38:27,385 | INFO     |   → 498/891: ✅ 4063 взято | 🗑️ 79229 мусор
2026-06-01 02:38:27,385 | INFO     |   → 499/891: ✅ 91 взято | 🗑️ 6276 мусор
2026-06-01 02:38:27,385 | INFO     |   → 500/891: ✅ 0 взято | 🗑️ 113927 мусор
2026-06-01 02:38:27,385 | INFO     |   → 501/891: ✅ 0 взято | 🗑️ 141 мусор
2026-06-01 02:38:27,385 | INFO     |   → 502/891: ✅ 6 взято | 🗑️ 113 мусор
2026-06-01 02:38:27,385 | INFO     |   → 503/891: ✅ 0 взято | 🗑️ 0 мусор
2026-06-01 02:38:27,385 | INFO     |   → 504/891: ✅ 1 взято | 🗑️ 25 мусор
2026-06-01 02:38:27,385 | INFO     |   → 505/891: ✅ 0 взято | 🗑️ 0 мусор
2026-06-01 02:38:27,385 | INFO     |   → 506/891: ✅ 13 взято | 🗑️ 19 мусор
2026-06-01 02:38:27,385 | INFO     |   → 507/891: ✅ 0 взято | 🗑️ 5 мусор
2026-06-01 02:38:27,385 | INFO     |   → 508/891: ✅ 2 взято | 🗑️ 80 мусор
2026-06-01 02:38:27,385 | INFO     |   → 509/891: ✅ 0 взято | 🗑️ 0 мусор
2026-06-01 02:38:27,385 | INFO     |   → 510/891: ✅ 5 взято | 🗑️ 169 мусор
2026-06-01 02:38:27,385 | INFO     |   → 511/891: ✅ 34 взято | 🗑️ 121 мусор
2026-06-01 02:38:27,385 | INFO     |   → 512/891: ✅ 4 взято | 🗑️ 97 мусор
2026-06-01 02:38:27,385 | INFO     |   → 513/891 ❌ HTTP 404 — https://raw.githubusercontent.com/free18/v2ray/main/Clash.yaml
2026-06-01 02:38:27,385 | INFO     |   → 514/891: ✅ 0 взято | 🗑️ 0 мусор
2026-06-01 02:38:27,385 | INFO     |   → 515/891: ✅ 156 взято | 🗑️ 277 мусор
2026-06-01 02:38:27,385 | INFO     |   → 516/891: ✅ 0 взято | 🗑️ 0 мусор
2026-06-01 02:38:27,385 | INFO     |   → 517/891: ✅ 0 взято | 🗑️ 15 мусор
2026-06-01 02:38:27,385 | INFO     |   → 518/891: ✅ 0 взято | 🗑️ 0 мусор
2026-06-01 02:38:27,385 | INFO     |   → 519/891: ✅ 0 взято | 🗑️ 8 мусор
2026-06-01 02:38:27,385 | INFO     |   → 520/891: ✅ 0 взято | 🗑️ 8 мусор
2026-06-01 02:38:27,385 | INFO     |   → 521/891: ✅ 0 взято | 🗑️ 8 мусор
2026-06-01 02:38:27,385 | INFO     |   → 522/891: ✅ 0 взято | 🗑️ 8 мусор
2026-06-01 02:38:27,385 | INFO     |   → 523/891 ❌ HTTP 404 — https://raw.githubusercontent.com/freev2rayconfig/V2RAY_SUB/3e6a7786a1601ee3723e8d043ae79e70dbdfd9a8/v2rayconfigs.txt
2026-06-01 02:38:27,385 | INFO     |   → 524/891 ❌ HTTP 404 — https://raw.githubusercontent.com/freev2rayconfig/V2RAY_SUBSCRIPTION_LINK/main/v2rayconfigs.txt
2026-06-01 02:38:27,385 | INFO     |   → 525/891: ✅ 0 взято | 🗑️ 5 мусор
2026-06-01 02:38:27,385 | INFO     |   → 526/891 ❌ HTTP 404 — https://raw.githubusercontent.com/gfpcom/free-proxy-list/main/list/http.txt
2026-06-01 02:38:27,385 | INFO     |   → 527/891 ❌ HTTP 404 — https://raw.githubusercontent.com/gfpcom/free-proxy-list/main/list/https.txt
2026-06-01 02:38:27,385 | INFO     |   → 528/891 ❌ HTTP 404 — https://raw.githubusercontent.com/gfpcom/free-proxy-list/main/list/socks4.txt
2026-06-01 02:38:27,385 | INFO     |   → 529/891 ❌ HTTP 404 — https://raw.githubusercontent.com/gfpcom/free-proxy-list/main/list/socks4a.txt
2026-06-01 02:38:27,386 | INFO     |   → 530/891 ❌ HTTP 404 — https://raw.githubusercontent.com/gfpcom/free-proxy-list/main/list/socks5.txt
2026-06-01 02:38:27,386 | INFO     |   → 531/891 ❌ HTTP 404 — https://raw.githubusercontent.com/gfpcom/free-proxy-list/main/list/socks5h.txt
2026-06-01 02:38:27,386 | INFO     |   → 532/891 ❌ HTTP 404 — https://raw.githubusercontent.com/gfpcom/free-proxy-list/main/list/ss.txt
2026-06-01 02:38:27,386 | INFO     |   → 533/891 ❌ HTTP 404 — https://raw.githubusercontent.com/gfpcom/free-proxy-list/main/list/ssr.txt
2026-06-01 02:38:27,386 | INFO     |   → 534/891 ❌ HTTP 404 — https://raw.githubusercontent.com/gfpcom/free-proxy-list/main/list/trojan.txt
2026-06-01 02:38:27,386 | INFO     |   → 535/891 ❌ HTTP 404 — https://raw.githubusercontent.com/gfpcom/free-proxy-list/main/list/vless.txt
2026-06-01 02:38:27,386 | INFO     |   → 536/891 ❌ HTTP 404 — https://raw.githubusercontent.com/gfpcom/free-proxy-list/main/list/vmess.txt
2026-06-01 02:38:27,386 | INFO     |   → 537/891: ✅ 0 взято | 🗑️ 17 мусор
2026-06-01 02:38:27,386 | INFO     |   → 538/891: ✅ 0 взято | 🗑️ 0 мусор
2026-06-01 02:38:27,386 | INFO     |   → 539/891: ✅ 0 взято | 🗑️ 0 мусор
2026-06-01 02:38:27,386 | INFO     |   → 540/891: ✅ 4 взято | 🗑️ 63 мусор
2026-06-01 02:38:27,386 | INFO     |   → 541/891: ✅ 473 взято | 🗑️ 1943 мусор
2026-06-01 02:38:27,386 | INFO     |   → 542/891: ✅ 303 взято | 🗑️ 963 мусор
2026-06-01 02:38:27,386 | INFO     |   → 543/891: ✅ 260 взято | 🗑️ 3858 мусор
2026-06-01 02:38:27,386 | INFO     |   → 544/891: ✅ 12 взято | 🗑️ 2412 мусор
2026-06-01 02:38:27,386 | INFO     |   → 545/891 ❌ HTTP 404 — https://raw.githubusercontent.com/hameed-maleki/TVC/89a4522969c57dcc22458cae9898426e5c4f2679/lite/config.txt
2026-06-01 02:38:27,386 | INFO     |   → 546/891: ✅ 0 взято | 🗑️ 0 мусор
2026-06-01 02:38:27,386 | INFO     |   → 547/891: ✅ 5 взято | 🗑️ 132 мусор
2026-06-01 02:38:27,386 | INFO     |   → 548/891: ✅ 0 взято | 🗑️ 56 мусор
2026-06-01 02:38:27,386 | INFO     |   → 549/891 ❌ HTTP 404 — https://raw.githubusercontent.com/hkaa0/permalink/main/proxy/V2ray
2026-06-01 02:38:27,386 | INFO     |   → 550/891: ✅ 2 взято | 🗑️ 131 мусор
2026-06-01 02:38:27,386 | INFO     |   → 551/891 ❌ HTTP 404 — https://raw.githubusercontent.com/hkaa0/permalink/main/proxy/clash
2026-06-01 02:38:27,386 | INFO     |   → 552/891 ❌ HTTP 404 — https://raw.githubusercontent.com/hkpc/Autoproxy/6cf946ddfc677a29062007e4b47d70674474baa7/sub/2401/240110.txt
2026-06-01 02:38:27,386 | INFO     |   → 553/891 ❌ HTTP 404 — https://raw.githubusercontent.com/hkpc/V2ray-Configs/7d9aa0dabf947af180a7dd6302818ed37950531a/Sub1.txt
2026-06-01 02:38:27,386 | INFO     |   → 554/891: ✅ 0 взято | 🗑️ 14 мусор
2026-06-01 02:38:27,386 | INFO     |   → 555/891: ✅ 0 взято | 🗑️ 16 мусор
2026-06-01 02:38:27,386 | INFO     |   → 556/891 ❌ HTTP 404 — https://raw.githubusercontent.com/iboxz/free-v2ray-collector/main/main
2026-06-01 02:38:27,386 | INFO     |   → 557/891: ✅ 121 взято | 🗑️ 248 мусор
2026-06-01 02:38:27,386 | INFO     |   → 558/891: ✅ 0 взято | 🗑️ 11 мусор
2026-06-01 02:38:27,386 | INFO     |   → 559/891: ✅ 0 взято | 🗑️ 22 мусор
2026-06-01 02:38:27,386 | INFO     |   → 560/891: ✅ 0 взято | 🗑️ 196 мусор
2026-06-01 02:38:27,386 | INFO     |   → 561/891: ✅ 0 взято | 🗑️ 19 мусор
2026-06-01 02:38:27,386 | INFO     |   → 562/891: ✅ 33 взято | 🗑️ 36 мусор
2026-06-01 02:38:27,387 | INFO     |   → 563/891: ✅ 151 взято | 🗑️ 62 мусор
2026-06-01 02:38:27,387 | INFO     |   → 564/891: ✅ 0 взято | 🗑️ 46 мусор
2026-06-01 02:38:27,387 | INFO     |   → 565/891 ❌ HTTP 404 — https://raw.githubusercontent.com/igareck/vpn-configs-for-russia/refs/heads/main/Vless-Reality-White-Lists-Rus-Cable.txt
2026-06-01 02:38:27,387 | INFO     |   → 566/891: ✅ 144 взято | 🗑️ 3 мусор
2026-06-01 02:38:27,387 | INFO     |   → 567/891: ✅ 0 взято | 🗑️ 0 мусор
2026-06-01 02:38:27,387 | INFO     |   → 568/891: ✅ 0 взято | 🗑️ 0 мусор
2026-06-01 02:38:27,387 | INFO     |   → 569/891: ✅ 0 взято | 🗑️ 9 мусор
2026-06-01 02:38:27,387 | INFO     |   → 570/891: ✅ 19 взято | 🗑️ 364 мусор
2026-06-01 02:38:27,387 | INFO     |   → 571/891: ✅ 0 взято | 🗑️ 0 мусор
2026-06-01 02:38:27,387 | INFO     |   → 572/891: ✅ 0 взято | 🗑️ 0 мусор
2026-06-01 02:38:27,387 | INFO     |   → 573/891: ✅ 0 взято | 🗑️ 12 мусор
2026-06-01 02:38:27,387 | INFO     |   → 574/891: ✅ 0 взято | 🗑️ 43 мусор
2026-06-01 02:38:27,387 | INFO     |   → 575/891 ❌ HTTP 404 — https://raw.githubusercontent.com/jw853355718/clash_233/master/config.yml
2026-06-01 02:38:27,387 | INFO     |   → 576/891: ✅ 0 взято | 🗑️ 210 мусор
2026-06-01 02:38:27,387 | INFO     |   → 577/891: ✅ 0 взято | 🗑️ 0 мусор
2026-06-01 02:38:27,387 | INFO     |   → 578/891 ❌ HTTP 404 — https://raw.githubusercontent.com/kismetpro/NodeSuber/main/Splitted-By-Protocol/vless.txt
2026-06-01 02:38:27,387 | INFO     |   → 579/891 ❌ HTTP 404 — https://raw.githubusercontent.com/kismetpro/NodeSuber/main/out/All_Configs_Sub.txt
2026-06-01 02:38:27,387 | INFO     |   → 580/891 ❌ HTTP 404 — https://raw.githubusercontent.com/kort0881/vpn-key-vless/main/subscriptions/all.txt
2026-06-01 02:38:27,387 | INFO     |   → 581/891: ✅ 224 взято | 🗑️ 176 мусор
2026-06-01 02:38:27,387 | INFO     |   → 582/891: ✅ 0 взято | 🗑️ 29 мусор
2026-06-01 02:38:27,387 | INFO     |   → 583/891 ❌ HTTP 404 — https://raw.githubusercontent.com/koteey/Ms.Kerosin-VPN/main/proxies.txt
2026-06-01 02:38:27,387 | INFO     |   → 584/891: ✅ 534 взято | 🗑️ 1494 мусор
2026-06-01 02:38:27,387 | INFO     |   → 585/891: ✅ 1 взято | 🗑️ 121 мусор
2026-06-01 02:38:27,387 | INFO     |   → 586/891: ✅ 0 взято | 🗑️ 0 мусор
2026-06-01 02:38:27,387 | INFO     |   → 587/891 ❌ HTTP 404 — https://raw.githubusercontent.com/lcx12901/v2ray-/master/sspool.herokuapp.com/yzcloud.yaml
2026-06-01 02:38:27,387 | INFO     |   → 588/891 ❌ HTTP 404 — https://raw.githubusercontent.com/lcx12901/v2ray-/master/sspool.herokuapp.com/yzcloud2.yaml
2026-06-01 02:38:27,387 | INFO     |   → 589/891: ✅ 0 взято | 🗑️ 0 мусор
2026-06-01 02:38:27,387 | INFO     |   → 590/891 ❌ HTTP 404 — https://raw.githubusercontent.com/learnhard-cn/free_proxy_ss/main/clash/config.yaml
2026-06-01 02:38:27,387 | INFO     |   → 591/891: ✅ 0 взято | 🗑️ 8 мусор
2026-06-01 02:38:27,387 | INFO     |   → 592/891: ✅ 0 взято | 🗑️ 4 мусор
2026-06-01 02:38:27,387 | INFO     |   → 593/891: ✅ 0 взято | 🗑️ 0 мусор
2026-06-01 02:38:27,387 | INFO     |   → 594/891: ✅ 0 взято | 🗑️ 4 мусор
2026-06-01 02:38:27,388 | INFO     |   → 595/891: ✅ 0 взято | 🗑️ 149 мусор
2026-06-01 02:38:27,388 | INFO     |   → 596/891: ✅ 0 взято | 🗑️ 421 мусор
2026-06-01 02:38:27,388 | INFO     |   → 597/891: ✅ 213 взято | 🗑️ 1155 мусор
2026-06-01 02:38:27,388 | INFO     |   → 598/891 ❌ HTTP 404 — https://raw.githubusercontent.com/lisylva-lee/v2dyku/main/ssr
2026-06-01 02:38:27,388 | INFO     |   → 599/891 ❌ HTTP 404 — https://raw.githubusercontent.com/lisylva-lee/v2dyku/main/v2dy
2026-06-01 02:38:27,388 | INFO     |   → 600/891: ✅ 0 взято | 🗑️ 53 мусор
2026-06-01 02:38:27,388 | INFO     |   → 601/891: ✅ 0 взято | 🗑️ 0 мусор
2026-06-01 02:38:27,388 | INFO     |   → 602/891: ✅ 0 взято | 🗑️ 0 мусор
2026-06-01 02:38:27,388 | INFO     |   → 603/891 ❌ HTTP 404 — https://raw.githubusercontent.com/luxl-1379/merge/77247d23def72b25226dfa741614e9b07a569c72/sub/sub_merge_base64.txt
2026-06-01 02:38:27,388 | INFO     |   → 604/891 ❌ HTTP 404 — https://raw.githubusercontent.com/luxl-1379/merge/main/sub/sub_merge_base64.txt
2026-06-01 02:38:27,388 | INFO     |   → 605/891: ✅ 146 взято | 🗑️ 343 мусор
2026-06-01 02:38:27,388 | INFO     |   → 606/891: ✅ 0 взято | 🗑️ 0 мусор
2026-06-01 02:38:27,388 | INFO     |   → 607/891: ✅ 0 взято | 🗑️ 128 мусор
2026-06-01 02:38:27,388 | INFO     |   → 608/891: ✅ 0 взято | 🗑️ 128 мусор
2026-06-01 02:38:27,388 | INFO     |   → 609/891: ✅ 0 взято | 🗑️ 0 мусор
2026-06-01 02:38:27,388 | INFO     |   → 610/891: ✅ 0 взято | 🗑️ 0 мусор
2026-06-01 02:38:27,388 | INFO     |   → 611/891: ✅ 0 взято | 🗑️ 3542 мусор
2026-06-01 02:38:27,388 | INFO     |   → 612/891: ✅ 0 взято | 🗑️ 128 мусор
2026-06-01 02:38:27,388 | INFO     |   → 613/891: ✅ 0 взято | 🗑️ 0 мусор
2026-06-01 02:38:27,388 | INFO     |   → 614/891: ✅ 0 взято | 🗑️ 3542 мусор
2026-06-01 02:38:27,388 | INFO     |   → 615/891: ✅ 0 взято | 🗑️ 0 мусор
2026-06-01 02:38:27,388 | INFO     |   → 616/891: ✅ 20 взято | 🗑️ 370 мусор
2026-06-01 02:38:27,388 | INFO     |   → 617/891: ✅ 0 взято | 🗑️ 370 мусор
2026-06-01 02:38:27,388 | INFO     |   → 618/891 ❌ HTTP 404 — https://raw.githubusercontent.com/mermeroo/Clash-V2ray/main/v2ray
2026-06-01 02:38:27,388 | INFO     |   → 619/891: ✅ 714 взято | 🗑️ 6258 мусор
2026-06-01 02:38:27,388 | INFO     |   → 620/891: ✅ 15 взято | 🗑️ 417 мусор
2026-06-01 02:38:27,388 | INFO     |   → 621/891: ✅ 6 взято | 🗑️ 102 мусор
2026-06-01 02:38:27,388 | INFO     |   → 622/891: ✅ 0 взято | 🗑️ 6258 мусор
2026-06-01 02:38:27,388 | INFO     |   → 623/891: ✅ 8 взято | 🗑️ 853 мусор
2026-06-01 02:38:27,388 | INFO     |   → 624/891: ✅ 0 взято | 🗑️ 853 мусор
2026-06-01 02:38:27,388 | INFO     |   → 625/891: ✅ 32 взято | 🗑️ 69 мусор
2026-06-01 02:38:27,388 | INFO     |   → 626/891 ❌ HTTP 404 — https://raw.githubusercontent.com/mermeroo/free-v2ray-collector/main/main/mix
2026-06-01 02:38:27,388 | INFO     |   → 627/891 ❌ HTTP 404 — https://raw.githubusercontent.com/mermeroo/free-v2ray-collector/main/main/reality
2026-06-01 02:38:27,389 | INFO     |   → 628/891 ❌ HTTP 404 — https://raw.githubusercontent.com/mermeroo/free-v2ray-collector/main/main/shadowsocks
2026-06-01 02:38:27,389 | INFO     |   → 629/891 ❌ HTTP 404 — https://raw.githubusercontent.com/mermeroo/free-v2ray-collector/main/main/trojan
2026-06-01 02:38:27,389 | INFO     |   → 630/891 ❌ HTTP 404 — https://raw.githubusercontent.com/mermeroo/free-v2ray-collector/main/main/vless
2026-06-01 02:38:27,389 | INFO     |   → 631/891 ❌ HTTP 404 — https://raw.githubusercontent.com/mermeroo/free-v2ray-collector/main/main/vmess
2026-06-01 02:38:27,389 | INFO     |   → 632/891: ✅ 0 взято | 🗑️ 0 мусор
2026-06-01 02:38:27,389 | INFO     |   → 633/891: ✅ 0 взято | 🗑️ 0 мусор
2026-06-01 02:38:27,389 | INFO     |   → 634/891 ❌ HTTP 404 — https://raw.githubusercontent.com/mfuu/v2ray/master/merge/merge.txt
2026-06-01 02:38:27,389 | INFO     |   → 635/891: ✅ 0 взято | 🗑️ 150 мусор
2026-06-01 02:38:27,389 | INFO     |   → 636/891: ✅ 0 взято | 🗑️ 150 мусор
2026-06-01 02:38:27,389 | INFO     |   → 637/891: ✅ 0 взято | 🗑️ 25 мусор
2026-06-01 02:38:27,389 | INFO     |   → 638/891: ✅ 647 взято | 🗑️ 13953 мусор
2026-06-01 02:38:27,389 | INFO     |   → 639/891: ✅ 0 взято | 🗑️ 13953 мусор
2026-06-01 02:38:27,389 | INFO     |   → 640/891: ✅ 0 взято | 🗑️ 2856 мусор
2026-06-01 02:38:27,389 | INFO     |   → 641/891: ✅ 0 взято | 🗑️ 1606 мусор
2026-06-01 02:38:27,389 | INFO     |   → 642/891: ✅ 0 взято | 🗑️ 4949 мусор
2026-06-01 02:38:27,389 | INFO     |   → 643/891: ✅ 0 взято | 🗑️ 4542 мусор
2026-06-01 02:38:27,389 | INFO     |   → 644/891 ❌ HTTP 404 — https://raw.githubusercontent.com/miladtahanian/V2RayCFGDumper/refs/heads/main/config.txt
2026-06-01 02:38:27,389 | INFO     |   → 645/891 ❌ HTTP 404 — https://raw.githubusercontent.com/miladtahanian/multi-proxy-config-fetcher/refs/heads/main/configs/proxy_configs.txt
2026-06-01 02:38:27,389 | INFO     |   → 646/891: ✅ 0 взято | 🗑️ 0 мусор
2026-06-01 02:38:27,389 | INFO     |   → 647/891: ✅ 0 взято | 🗑️ 0 мусор
2026-06-01 02:38:27,389 | INFO     |   → 648/891: ✅ 0 взято | 🗑️ 0 мусор
2026-06-01 02:38:27,389 | INFO     |   → 649/891: ✅ 15 взято | 🗑️ 46 мусор
2026-06-01 02:38:27,389 | INFO     |   → 650/891: ✅ 0 взято | 🗑️ 10 мусор
2026-06-01 02:38:27,389 | INFO     |   → 651/891: ✅ 0 взято | 🗑️ 196 мусор
2026-06-01 02:38:27,389 | INFO     |   → 652/891: ✅ 0 взято | 🗑️ 35 мусор
2026-06-01 02:38:27,389 | INFO     |   → 653/891: ✅ 0 взято | 🗑️ 0 мусор
2026-06-01 02:38:27,389 | INFO     |   → 654/891: ✅ 28 взято | 🗑️ 93 мусор
2026-06-01 02:38:27,389 | INFO     |   → 655/891: ✅ 74 взято | 🗑️ 425 мусор
2026-06-01 02:38:27,389 | INFO     |   → 656/891: ✅ 168 взято | 🗑️ 330 мусор
2026-06-01 02:38:27,389 | INFO     |   → 657/891: ✅ 0 взято | 🗑️ 0 мусор
2026-06-01 02:38:27,389 | INFO     |   → 658/891: ✅ 15 взято | 🗑️ 70 мусор
2026-06-01 02:38:27,389 | INFO     |   → 659/891: ✅ 127 взято | 🗑️ 492 мусор
2026-06-01 02:38:27,390 | INFO     |   → 660/891: ✅ 331 взято | 🗑️ 190 мусор
2026-06-01 02:38:27,390 | INFO     |   → 661/891: ✅ 0 взято | 🗑️ 1184 мусор
2026-06-01 02:38:27,390 | INFO     |   → 662/891: ✅ 49 взято | 🗑️ 791 мусор
2026-06-01 02:38:27,390 | INFO     |   → 663/891: ✅ 15 взято | 🗑️ 323 мусор
2026-06-01 02:38:27,390 | INFO     |   → 664/891: ✅ 0 взято | 🗑️ 512 мусор
2026-06-01 02:38:27,390 | INFO     |   → 665/891 ❌ HTTP 404 — https://raw.githubusercontent.com/obscure1990/freeVM/master/snippets/nodes.yml
2026-06-01 02:38:27,390 | INFO     |   → 666/891: ✅ 1181 взято | 🗑️ 177 мусор
2026-06-01 02:38:27,390 | INFO     |   → 667/891 ❌ HTTP 404 — https://raw.githubusercontent.com/op30mmd/things/909b38024ba14d69dc0f95c238f63bc6e930a00f/eut.txt
2026-06-01 02:38:27,390 | INFO     |   → 668/891 ❌ HTTP 404 — https://raw.githubusercontent.com/openRunner/clash-freenode/main/v2ray.txt
2026-06-01 02:38:27,390 | INFO     |   → 669/891 ❌ HTTP 404 — https://raw.githubusercontent.com/oslook/clash-freenode/main/clash.yaml
2026-06-01 02:38:27,390 | INFO     |   → 670/891: ✅ 0 взято | 🗑️ 0 мусор
2026-06-01 02:38:27,390 | INFO     |   → 671/891: ✅ 4 взято | 🗑️ 1 мусор
2026-06-01 02:38:27,390 | INFO     |   → 672/891: ✅ 0 взято | 🗑️ 0 мусор
2026-06-01 02:38:27,390 | INFO     |   → 673/891: ✅ 23 взято | 🗑️ 56 мусор
2026-06-01 02:38:27,390 | INFO     |   → 674/891: ✅ 0 взято | 🗑️ 0 мусор
2026-06-01 02:38:27,390 | INFO     |   → 675/891: ✅ 0 взято | 🗑️ 56 мусор
2026-06-01 02:38:27,390 | INFO     |   → 676/891: ✅ 0 взято | 🗑️ 56 мусор
2026-06-01 02:38:27,390 | INFO     |   → 677/891: ✅ 4 взято | 🗑️ 3 мусор
2026-06-01 02:38:27,390 | INFO     |   → 678/891: ✅ 6703 взято | 🗑️ 35561 мусор
2026-06-01 02:38:27,390 | INFO     |   → 679/891: ✅ 0 взято | 🗑️ 0 мусор
2026-06-01 02:38:27,390 | INFO     |   → 680/891: ✅ 0 взято | 🗑️ 0 мусор
2026-06-01 02:38:27,390 | INFO     |   → 681/891: ✅ 0 взято | 🗑️ 19 мусор
2026-06-01 02:38:27,390 | INFO     |   → 682/891: ✅ 0 взято | 🗑️ 0 мусор
2026-06-01 02:38:27,390 | INFO     |   → 683/891: ✅ 0 взято | 🗑️ 70 мусор
2026-06-01 02:38:27,390 | INFO     |   → 684/891: ✅ 0 взято | 🗑️ 1 мусор
2026-06-01 02:38:27,390 | INFO     |   → 685/891: ✅ 0 взято | 🗑️ 44 мусор
2026-06-01 02:38:27,390 | INFO     |   → 686/891: ✅ 63 взято | 🗑️ 521 мусор
2026-06-01 02:38:27,390 | INFO     |   → 687/891: ✅ 165 взято | 🗑️ 273 мусор
2026-06-01 02:38:27,390 | INFO     |   → 688/891: ✅ 0 взято | 🗑️ 0 мусор
2026-06-01 02:38:27,390 | INFO     |   → 689/891: ✅ 13 взято | 🗑️ 211 мусор
2026-06-01 02:38:27,390 | INFO     |   → 690/891: ✅ 3 взято | 🗑️ 56 мусор
2026-06-01 02:38:27,390 | INFO     |   → 691/891: ✅ 0 взято | 🗑️ 79 мусор
2026-06-01 02:38:27,390 | INFO     |   → 692/891: ✅ 13 взято | 🗑️ 32 мусор
2026-06-01 02:38:27,391 | INFO     |   → 693/891: ✅ 0 взято | 🗑️ 0 мусор
2026-06-01 02:38:27,391 | INFO     |   → 694/891: ✅ 2 взято | 🗑️ 9 мусор
2026-06-01 02:38:27,391 | INFO     |   → 695/891: ✅ 11 взято | 🗑️ 76 мусор
2026-06-01 02:38:27,391 | INFO     |   → 696/891: ✅ 0 взято | 🗑️ 168 мусор
2026-06-01 02:38:27,391 | INFO     |   → 697/891: ✅ 0 взято | 🗑️ 79 мусор
2026-06-01 02:38:27,391 | INFO     |   → 698/891: ✅ 0 взято | 🗑️ 0 мусор
2026-06-01 02:38:27,391 | INFO     |   → 699/891: ✅ 0 взято | 🗑️ 16 мусор
2026-06-01 02:38:27,391 | INFO     |   → 700/891 ❌ HTTP 404 — https://raw.githubusercontent.com/ronghuaxueleng/get_v2/main/pub/changfengoss.yaml
2026-06-01 02:38:27,391 | INFO     |   → 701/891: ✅ 0 взято | 🗑️ 0 мусор
2026-06-01 02:38:27,391 | INFO     |   → 702/891: ✅ 12 взято | 🗑️ 83 мусор
2026-06-01 02:38:27,391 | INFO     |   → 703/891: ✅ 0 взято | 🗑️ 83 мусор
2026-06-01 02:38:27,391 | INFO     |   → 704/891 ❌ HTTP 404 — https://raw.githubusercontent.com/rxsweet/CM_Vmess/refs/heads/main/test.txt
2026-06-01 02:38:27,391 | INFO     |   → 705/891 ❌ HTTP 404 — https://raw.githubusercontent.com/rxsweet/proxies/main/sub/free.yaml
2026-06-01 02:38:27,391 | INFO     |   → 706/891 ❌ HTTP 404 — https://raw.githubusercontent.com/rxsweet/proxies/main/sub/rx.yaml
2026-06-01 02:38:27,391 | INFO     |   → 707/891 ❌ HTTP 404 — https://raw.githubusercontent.com/rxsweet/proxies/main/sub/sources/dynamicAll.yaml
2026-06-01 02:38:27,391 | INFO     |   → 708/891 ❌ HTTP 404 — https://raw.githubusercontent.com/rxsweet/proxies/main/sub/sources/miningAll.yaml
2026-06-01 02:38:27,391 | INFO     |   → 709/891 ❌ HTTP 404 — https://raw.githubusercontent.com/rxsweet/proxies/main/sub/srx.yaml
2026-06-01 02:38:27,391 | INFO     |   → 710/891: ✅ 338 взято | 🗑️ 1985 мусор
2026-06-01 02:38:27,391 | INFO     |   → 711/891 ❌ HTTP 404 — https://raw.githubusercontent.com/sajad-sajadi/V2ray-Collector/raw/main/output/protocols/vmess.txt
2026-06-01 02:38:27,391 | INFO     |   → 712/891: ✅ 1856 взято | 🗑️ 2461 мусор
2026-06-01 02:38:27,391 | INFO     |   → 713/891 ❌ HTTP 404 — https://raw.githubusercontent.com/sakha1370/OpenRay/raw/refs/heads/main/output/all_valid_proxies.txt
2026-06-01 02:38:27,391 | INFO     |   → 714/891: ✅ 2 взято | 🗑️ 399 мусор
2026-06-01 02:38:27,391 | INFO     |   → 715/891: ✅ 0 взято | 🗑️ 399 мусор
2026-06-01 02:38:27,391 | INFO     |   → 716/891 ❌ HTTP 404 — https://raw.githubusercontent.com/samjoeyang/subscribe/main/fly
2026-06-01 02:38:27,391 | INFO     |   → 717/891: ✅ 0 взято | 🗑️ 0 мусор
2026-06-01 02:38:27,391 | INFO     |   → 718/891 ❌ HTTP 404 — https://raw.githubusercontent.com/satrom/V2SSR/master/SSR/Sub.txt
2026-06-01 02:38:27,391 | INFO     |   → 719/891 ❌ HTTP 404 — https://raw.githubusercontent.com/satrom/V2SSR/master/V2RAY/Sub.txt
2026-06-01 02:38:27,391 | INFO     |   → 720/891: ✅ 4450 взято | 🗑️ 94141 мусор
2026-06-01 02:38:27,391 | INFO     |   → 721/891: ✅ 0 взято | 🗑️ 0 мусор
2026-06-01 02:38:27,391 | INFO     |   → 722/891: ✅ 0 взято | 🗑️ 0 мусор
2026-06-01 02:38:27,391 | INFO     |   → 723/891: ✅ 3 взято | 🗑️ 49 мусор
2026-06-01 02:38:27,391 | INFO     |   → 724/891: ✅ 0 взято | 🗑️ 1177 мусор
2026-06-01 02:38:27,392 | INFO     |   → 725/891: ✅ 0 взято | 🗑️ 575 мусор
2026-06-01 02:38:27,392 | INFO     |   → 726/891: ✅ 0 взято | 🗑️ 74 мусор
2026-06-01 02:38:27,392 | INFO     |   → 727/891: ✅ 0 взято | 🗑️ 506 мусор
2026-06-01 02:38:27,392 | INFO     |   → 728/891: ✅ 0 взято | 🗑️ 22 мусор
2026-06-01 02:38:27,392 | INFO     |   → 729/891: ✅ 0 взято | 🗑️ 1177 мусор
2026-06-01 02:38:27,392 | INFO     |   → 730/891: ✅ 0 взято | 🗑️ 0 мусор
2026-06-01 02:38:27,392 | INFO     |   → 731/891: ✅ 0 взято | 🗑️ 0 мусор
2026-06-01 02:38:27,392 | INFO     |   → 732/891 ❌ HTTP 404 — https://raw.githubusercontent.com/shirkerboy/scp/main/sub
2026-06-01 02:38:27,392 | INFO     |   → 733/891 ❌ HTTP 404 — https://raw.githubusercontent.com/skywrt/v2ray-Collector/master/v2ray
2026-06-01 02:38:27,392 | INFO     |   → 734/891 ❌ HTTP 404 — https://raw.githubusercontent.com/snakem982/proxypool/main/nodelist.txt
2026-06-01 02:38:27,392 | INFO     |   → 735/891: ✅ 0 взято | 🗑️ 0 мусор
2026-06-01 02:38:27,392 | INFO     |   → 736/891: ✅ 0 взято | 🗑️ 3 мусор
2026-06-01 02:38:27,392 | INFO     |   → 737/891 ❌ HTTP 404 — https://raw.githubusercontent.com/snakem982/proxypool/main/source/v2ray.txt
2026-06-01 02:38:27,392 | INFO     |   → 738/891 ❌ HTTP 404 — https://raw.githubusercontent.com/soroushmirzaei/telegram-configs-collector/main/channels/protocols/hysteria
2026-06-01 02:38:27,392 | INFO     |   → 739/891 ❌ HTTP 404 — https://raw.githubusercontent.com/soroushmirzaei/telegram-configs-collector/main/channels/protocols/juicity
2026-06-01 02:38:27,392 | INFO     |   → 740/891 ❌ HTTP 404 — https://raw.githubusercontent.com/soroushmirzaei/telegram-configs-collector/main/channels/protocols/reality
2026-06-01 02:38:27,392 | INFO     |   → 741/891 ❌ HTTP 404 — https://raw.githubusercontent.com/soroushmirzaei/telegram-configs-collector/main/channels/protocols/shadowsocks
2026-06-01 02:38:27,392 | INFO     |   → 742/891 ❌ HTTP 404 — https://raw.githubusercontent.com/soroushmirzaei/telegram-configs-collector/main/channels/protocols/trojan
2026-06-01 02:38:27,392 | INFO     |   → 743/891 ❌ HTTP 404 — https://raw.githubusercontent.com/soroushmirzaei/telegram-configs-collector/main/channels/protocols/tuic
2026-06-01 02:38:27,392 | INFO     |   → 744/891 ❌ HTTP 404 — https://raw.githubusercontent.com/soroushmirzaei/telegram-configs-collector/main/channels/protocols/vless
2026-06-01 02:38:27,392 | INFO     |   → 745/891 ❌ HTTP 404 — https://raw.githubusercontent.com/soroushmirzaei/telegram-configs-collector/main/channels/protocols/vmess
2026-06-01 02:38:27,392 | INFO     |   → 746/891 ❌ HTTP 404 — https://raw.githubusercontent.com/soroushmirzaei/telegram-configs-collector/main/countries/jp/mixed
2026-06-01 02:38:27,392 | INFO     |   → 747/891 ❌ HTTP 404 — https://raw.githubusercontent.com/soroushmirzaei/telegram-configs-collector/main/protocols/hysteria
2026-06-01 02:38:27,392 | INFO     |   → 748/891 ❌ HTTP 404 — https://raw.githubusercontent.com/soroushmirzaei/telegram-configs-collector/main/protocols/juicity
2026-06-01 02:38:27,392 | INFO     |   → 749/891 ❌ HTTP 404 — https://raw.githubusercontent.com/soroushmirzaei/telegram-configs-collector/main/protocols/reality
2026-06-01 02:38:27,392 | INFO     |   → 750/891 ❌ HTTP 404 — https://raw.githubusercontent.com/soroushmirzaei/telegram-configs-collector/main/protocols/shadowsocks
2026-06-01 02:38:27,392 | INFO     |   → 751/891 ❌ HTTP 404 — https://raw.githubusercontent.com/soroushmirzaei/telegram-configs-collector/main/protocols/trojan
2026-06-01 02:38:27,392 | INFO     |   → 752/891 ❌ HTTP 404 — https://raw.githubusercontent.com/soroushmirzaei/telegram-configs-collector/main/protocols/tuic
2026-06-01 02:38:27,392 | INFO     |   → 753/891 ❌ HTTP 404 — https://raw.githubusercontent.com/soroushmirzaei/telegram-configs-collector/main/protocols/vless
2026-06-01 02:38:27,392 | INFO     |   → 754/891 ❌ HTTP 404 — https://raw.githubusercontent.com/soroushmirzaei/telegram-configs-collector/main/protocols/vmess
2026-06-01 02:38:27,392 | INFO     |   → 755/891 ❌ HTTP 404 — https://raw.githubusercontent.com/soroushmirzaei/telegram-configs-collector/main/splitted/subscribe
2026-06-01 02:38:27,392 | INFO     |   → 756/891 ❌ HTTP 404 — https://raw.githubusercontent.com/ssrsub/ssr/master/Clash.yml
2026-06-01 02:38:27,393 | INFO     |   → 757/891 ❌ HTTP 404 — https://raw.githubusercontent.com/ssrsub/ssr/master/V2Ray
2026-06-01 02:38:27,393 | INFO     |   → 758/891 ❌ HTTP 404 — https://raw.githubusercontent.com/ssrsub/ssr/master/ss-sub
2026-06-01 02:38:27,393 | INFO     |   → 759/891 ❌ HTTP 404 — https://raw.githubusercontent.com/ssrsub/ssr/master/ssrsub
2026-06-01 02:38:27,393 | INFO     |   → 760/891 ❌ HTTP 404 — https://raw.githubusercontent.com/ssrsub/ssr/master/trojan
2026-06-01 02:38:27,393 | INFO     |   → 761/891 ❌ HTTP 404 — https://raw.githubusercontent.com/ssrsub/ssr/master/vless.txt
2026-06-01 02:38:27,393 | INFO     |   → 762/891: ✅ 0 взято | 🗑️ 0 мусор
2026-06-01 02:38:27,393 | INFO     |   → 763/891: ✅ 2 взято | 🗑️ 12 мусор
2026-06-01 02:38:27,393 | INFO     |   → 764/891: ✅ 0 взято | 🗑️ 13 мусор
2026-06-01 02:38:27,393 | INFO     |   → 765/891: ✅ 0 взято | 🗑️ 13 мусор
2026-06-01 02:38:27,393 | INFO     |   → 766/891 ❌ HTTP 404 — https://raw.githubusercontent.com/tbbatbb/Proxy/master/dist/clash.config.yaml
2026-06-01 02:38:27,393 | INFO     |   → 767/891: ✅ 63 взято | 🗑️ 237 мусор
2026-06-01 02:38:27,393 | INFO     |   → 768/891: ✅ 45 взято | 🗑️ 255 мусор
2026-06-01 02:38:27,393 | INFO     |   → 769/891: ✅ 20 взято | 🗑️ 101 мусор
2026-06-01 02:38:27,393 | INFO     |   → 770/891: ✅ 26 взято | 🗑️ 274 мусор
2026-06-01 02:38:27,393 | INFO     |   → 771/891: ✅ 48 взято | 🗑️ 252 мусор
2026-06-01 02:38:27,393 | INFO     |   → 772/891: ✅ 32 взято | 🗑️ 268 мусор
2026-06-01 02:38:27,393 | INFO     |   → 773/891: ✅ 99 взято | 🗑️ 201 мусор
2026-06-01 02:38:27,393 | INFO     |   → 774/891: ✅ 229 взято | 🗑️ 71 мусор
2026-06-01 02:38:27,393 | INFO     |   → 775/891 ❌ HTTP 404 — https://raw.githubusercontent.com/thuhollow2/myconfig/main/config.yaml
2026-06-01 02:38:27,393 | INFO     |   → 776/891: ✅ 2 взято | 🗑️ 35 мусор
2026-06-01 02:38:27,393 | INFO     |   → 777/891: ✅ 0 взято | 🗑️ 0 мусор
2026-06-01 02:38:27,393 | INFO     |   → 778/891: ✅ 5 взято | 🗑️ 111 мусор
2026-06-01 02:38:27,393 | INFO     |   → 779/891: ✅ 0 взято | 🗑️ 0 мусор
2026-06-01 02:38:27,393 | INFO     |   → 780/891: ✅ 0 взято | 🗑️ 52 мусор
2026-06-01 02:38:27,393 | INFO     |   → 781/891 ❌ HTTP 404 — https://raw.githubusercontent.com/v2clash/Autoproxy/a81f840ab2364124133572ec94e4b81fb0d4e58d/sub/2401/240104.txt
2026-06-01 02:38:27,393 | INFO     |   → 782/891 ❌ HTTP 404 — https://raw.githubusercontent.com/v2clash/V2ray-Configs/31f493c584d0c7b56350f4a34d80c53ad82bcc18/Sub9.txt
2026-06-01 02:38:27,393 | INFO     |   → 783/891: ✅ 36 взято | 🗑️ 303 мусор
2026-06-01 02:38:27,393 | INFO     |   → 784/891: ✅ 0 взято | 🗑️ 0 мусор
2026-06-01 02:38:27,393 | INFO     |   → 785/891: ✅ 0 взято | 🗑️ 0 мусор
2026-06-01 02:38:27,393 | INFO     |   → 786/891: ✅ 0 взято | 🗑️ 0 мусор
2026-06-01 02:38:27,393 | INFO     |   → 787/891: ✅ 283 взято | 🗑️ 9640 мусор
2026-06-01 02:38:27,393 | INFO     |   → 788/891: ✅ 281 взято | 🗑️ 10086 мусор
2026-06-01 02:38:27,393 | INFO     |   → 789/891: ✅ 280 взято | 🗑️ 9675 мусор
2026-06-01 02:38:27,394 | INFO     |   → 790/891: ✅ 334 взято | 🗑️ 9823 мусор
2026-06-01 02:38:27,394 | INFO     |   → 791/891: ✅ 350 взято | 🗑️ 9639 мусор
2026-06-01 02:38:27,394 | INFO     |   → 792/891: ✅ 125 взято | 🗑️ 7919 мусор
2026-06-01 02:38:27,394 | INFO     |   → 793/891: ✅ 135 взято | 🗑️ 4836 мусор
2026-06-01 02:38:27,394 | INFO     |   → 794/891: ✅ 502 взято | 🗑️ 7659 мусор
2026-06-01 02:38:27,394 | INFO     |   → 795/891: ✅ 631 взято | 🗑️ 8081 мусор
2026-06-01 02:38:27,394 | INFO     |   → 796/891: ✅ 202 взято | 🗑️ 5131 мусор
2026-06-01 02:38:27,394 | INFO     |   → 797/891 ❌ HTTP 404 — https://raw.githubusercontent.com/vsevjik/OBSpiskov/main/wwh
2026-06-01 02:38:27,394 | INFO     |   → 798/891 ❌ HTTP 404 — https://raw.githubusercontent.com/vsevjik/OBSpiskov/main/wwhjk
2026-06-01 02:38:27,394 | INFO     |   → 799/891 ❌ HTTP 404 — https://raw.githubusercontent.com/vsevjik/OBSpiskov/main/wwhljjjkk
2026-06-01 02:38:27,394 | INFO     |   → 800/891 ❌ HTTP 404 — https://raw.githubusercontent.com/vveg26/chromego_merge/main/sub/merged_proxies.yaml
2026-06-01 02:38:27,394 | INFO     |   → 801/891 ❌ HTTP 404 — https://raw.githubusercontent.com/vveg26/get_proxy/main/dist/clash.config.yaml
2026-06-01 02:38:27,394 | INFO     |   → 802/891: ✅ 0 взято | 🗑️ 0 мусор
2026-06-01 02:38:27,394 | INFO     |   → 803/891: ✅ 0 взято | 🗑️ 10 мусор
2026-06-01 02:38:27,394 | INFO     |   → 804/891: ✅ 0 взято | 🗑️ 10 мусор
2026-06-01 02:38:27,394 | INFO     |   → 805/891: ✅ 0 взято | 🗑️ 4 мусор
2026-06-01 02:38:27,394 | INFO     |   → 806/891: ✅ 0 взято | 🗑️ 0 мусор
2026-06-01 02:38:27,394 | INFO     |   → 807/891: ✅ 0 взято | 🗑️ 4 мусор
2026-06-01 02:38:27,394 | INFO     |   → 808/891: ✅ 106 взято | 🗑️ 689 мусор
2026-06-01 02:38:27,394 | INFO     |   → 809/891: ✅ 48 взято | 🗑️ 841 мусор
2026-06-01 02:38:27,394 | INFO     |   → 810/891: ✅ 21 взято | 🗑️ 789 мусор
2026-06-01 02:38:27,394 | INFO     |   → 811/891: ✅ 24 взято | 🗑️ 774 мусор
2026-06-01 02:38:27,394 | INFO     |   → 812/891: ✅ 52 взято | 🗑️ 756 мусор
2026-06-01 02:38:27,394 | INFO     |   → 813/891: ✅ 191 взято | 🗑️ 745 мусор
2026-06-01 02:38:27,394 | INFO     |   → 814/891: ✅ 9 взято | 🗑️ 651 мусор
2026-06-01 02:38:27,394 | INFO     |   → 815/891: ✅ 185 взято | 🗑️ 388 мусор
2026-06-01 02:38:27,394 | INFO     |   → 816/891: ✅ 130 взято | 🗑️ 523 мусор
2026-06-01 02:38:27,394 | INFO     |   → 817/891: ✅ 67 взято | 🗑️ 533 мусор
2026-06-01 02:38:27,394 | INFO     |   → 818/891: ✅ 98 взято | 🗑️ 444 мусор
2026-06-01 02:38:27,394 | INFO     |   → 819/891: ✅ 102 взято | 🗑️ 670 мусор
2026-06-01 02:38:27,394 | INFO     |   → 820/891: ✅ 86 взято | 🗑️ 476 мусор
2026-06-01 02:38:27,394 | INFO     |   → 821/891: ✅ 95 взято | 🗑️ 657 мусор
2026-06-01 02:38:27,395 | INFO     |   → 822/891: ✅ 105 взято | 🗑️ 645 мусор
2026-06-01 02:38:27,395 | INFO     |   → 823/891: ✅ 115 взято | 🗑️ 985 мусор
2026-06-01 02:38:27,395 | INFO     |   → 824/891: ✅ 3 взято | 🗑️ 63 мусор
2026-06-01 02:38:27,395 | INFO     |   → 825/891: ✅ 3 взято | 🗑️ 62 мусор
2026-06-01 02:38:27,395 | INFO     |   → 826/891: ✅ 13 взято | 🗑️ 489 мусор
2026-06-01 02:38:27,395 | INFO     |   → 827/891: ✅ 0 взято | 🗑️ 0 мусор
2026-06-01 02:38:27,395 | INFO     |   → 828/891: ✅ 0 взято | 🗑️ 0 мусор
2026-06-01 02:38:27,395 | INFO     |   → 829/891: ✅ 0 взято | 🗑️ 0 мусор
2026-06-01 02:38:27,395 | INFO     |   → 830/891: ✅ 0 взято | 🗑️ 0 мусор
2026-06-01 02:38:27,395 | INFO     |   → 831/891: ✅ 0 взято | 🗑️ 0 мусор
2026-06-01 02:38:27,395 | INFO     |   → 832/891: ✅ 0 взято | 🗑️ 0 мусор
2026-06-01 02:38:27,395 | INFO     |   → 833/891: ✅ 0 взято | 🗑️ 52 мусор
2026-06-01 02:38:27,395 | INFO     |   → 834/891: ✅ 5 взято | 🗑️ 10 мусор
2026-06-01 02:38:27,395 | INFO     |   → 835/891: ✅ 1 взято | 🗑️ 124 мусор
2026-06-01 02:38:27,395 | INFO     |   → 836/891: ✅ 155 взято | 🗑️ 142 мусор
2026-06-01 02:38:27,395 | INFO     |   → 837/891: ✅ 0 взято | 🗑️ 9 мусор
2026-06-01 02:38:27,395 | INFO     |   → 838/891: ✅ 3 взято | 🗑️ 1694 мусор
2026-06-01 02:38:27,395 | INFO     |   → 839/891: ✅ 0 взято | 🗑️ 1670 мусор
2026-06-01 02:38:27,395 | INFO     |   → 840/891: ✅ 0 взято | 🗑️ 0 мусор
2026-06-01 02:38:27,395 | INFO     |   → 841/891: ✅ 0 взято | 🗑️ 0 мусор
2026-06-01 02:38:27,395 | INFO     |   → 842/891: ✅ 0 взято | 🗑️ 1694 мусор
2026-06-01 02:38:27,395 | INFO     |   → 843/891 ❌ HTTP 404 — https://raw.githubusercontent.com/xiaozhu2007/xiaozhu2007/61a755a044dbaeea678bc2d1e20f21a21c6d7170/docs/fxxk.txt
2026-06-01 02:38:27,395 | INFO     |   → 844/891: ✅ 0 взято | 🗑️ 159 мусор
2026-06-01 02:38:27,395 | INFO     |   → 845/891: ✅ 0 взято | 🗑️ 22 мусор
2026-06-01 02:38:27,395 | INFO     |   → 846/891: ✅ 0 взято | 🗑️ 0 мусор
2026-06-01 02:38:27,395 | INFO     |   → 847/891 ❌ HTTP 404 — https://raw.githubusercontent.com/yebekhe/TVC/0f745f92bf381e505f1245abbc7c145b19b11503/config.txt
2026-06-01 02:38:27,395 | INFO     |   → 848/891 ❌ HTTP 404 — https://raw.githubusercontent.com/yebekhe/TVC/9fac69239c69327fb7a61f5a8d79d107133889e1/lite/config.txt
2026-06-01 02:38:27,395 | INFO     |   → 849/891 ❌ HTTP 404 — https://raw.githubusercontent.com/yebekhe/TelegramV2rayCollector/main/sub/normal/donated
2026-06-01 02:38:27,395 | INFO     |   → 850/891 ❌ HTTP 404 — https://raw.githubusercontent.com/yebekhe/TelegramV2rayCollector/main/sub/normal/hysteria2
2026-06-01 02:38:27,395 | INFO     |   → 851/891 ❌ HTTP 404 — https://raw.githubusercontent.com/yebekhe/TelegramV2rayCollector/main/sub/normal/mix
2026-06-01 02:38:27,395 | INFO     |   → 852/891 ❌ HTTP 404 — https://raw.githubusercontent.com/yebekhe/TelegramV2rayCollector/main/sub/normal/reality
2026-06-01 02:38:27,395 | INFO     |   → 853/891 ❌ HTTP 404 — https://raw.githubusercontent.com/yebekhe/TelegramV2rayCollector/main/sub/normal/shadowsocks
2026-06-01 02:38:27,395 | INFO     |   → 854/891 ❌ HTTP 404 — https://raw.githubusercontent.com/yebekhe/TelegramV2rayCollector/main/sub/normal/trojan
2026-06-01 02:38:27,396 | INFO     |   → 855/891 ❌ HTTP 404 — https://raw.githubusercontent.com/yebekhe/TelegramV2rayCollector/main/sub/normal/tuic
2026-06-01 02:38:27,396 | INFO     |   → 856/891 ❌ HTTP 404 — https://raw.githubusercontent.com/yebekhe/TelegramV2rayCollector/main/sub/normal/vless
2026-06-01 02:38:27,396 | INFO     |   → 857/891 ❌ HTTP 404 — https://raw.githubusercontent.com/yebekhe/TelegramV2rayCollector/main/sub/normal/vmess
2026-06-01 02:38:27,396 | INFO     |   → 858/891 ❌ HTTP 404 — https://raw.githubusercontent.com/yebekhe/V2Hub/main/Split/Normal/shadowsocks
2026-06-01 02:38:27,396 | INFO     |   → 859/891 ❌ HTTP 404 — https://raw.githubusercontent.com/yebekhe/V2Hub/main/merged
2026-06-01 02:38:27,396 | INFO     |   → 860/891: ✅ 0 взято | 🗑️ 30 мусор
2026-06-01 02:38:27,396 | INFO     |   → 861/891: ✅ 967 взято | 🗑️ 8168 мусор
2026-06-01 02:38:27,396 | INFO     |   → 862/891: ✅ 0 взято | 🗑️ 8168 мусор
2026-06-01 02:38:27,396 | INFO     |   → 863/891: ✅ 7 взято | 🗑️ 371 мусор
2026-06-01 02:38:27,396 | INFO     |   → 864/891: ✅ 12 взято | 🗑️ 354 мусор
2026-06-01 02:38:27,396 | INFO     |   → 865/891: ✅ 267 взято | 🗑️ 312 мусор
2026-06-01 02:38:27,396 | INFO     |   → 866/891: ✅ 0 взято | 🗑️ 1465 мусор
2026-06-01 02:38:27,396 | INFO     |   → 867/891: ✅ 1 взято | 🗑️ 409 мусор
2026-06-01 02:38:27,396 | INFO     |   → 868/891 ❌ HTTP 404 — https://raw.githubusercontent.com/yyyr-otz/tele-providers-collector/019cb3e07ee52fddbc7caa54fc670c6b9bae6539/sub/proxies.txt
2026-06-01 02:38:27,396 | INFO     |   → 869/891 ❌ HTTP 404 — https://raw.githubusercontent.com/yyyr-otz/tele-providers-collector/b7a74ee98bcf02c5a507d688a1bed3aa9f7f4ed1/script/raw/protocols/mixed.txt
2026-06-01 02:38:27,396 | INFO     |   → 870/891: ✅ 0 взято | 🗑️ 0 мусор
2026-06-01 02:38:27,396 | INFO     |   → 871/891: ✅ 0 взято | 🗑️ 0 мусор
2026-06-01 02:38:27,396 | INFO     |   → 872/891: ✅ 0 взято | 🗑️ 18 мусор
2026-06-01 02:38:27,396 | INFO     |   → 873/891: ✅ 574 взято | 🗑️ 31 мусор
2026-06-01 02:38:27,396 | INFO     |   → 874/891: ✅ 0 взято | 🗑️ 23 мусор
2026-06-01 02:38:27,396 | INFO     |   → 875/891: ✅ 0 взято | 🗑️ 5 мусор
2026-06-01 02:38:27,396 | INFO     |   → 876/891: ✅ 0 взято | 🗑️ 0 мусор
2026-06-01 02:38:27,396 | INFO     |   → 877/891 ⚠️ Ошибка: ('Connection aborted.', RemoteDisconnected('Remote end closed connection without response')) — https://sub.pmsub.me/clash.yaml
2026-06-01 02:38:27,396 | INFO     |   → 878/891: ✅ 0 взято | 🗑️ 0 мусор
2026-06-01 02:38:27,396 | INFO     |   → 879/891: ✅ 0 взято | 🗑️ 0 мусор
2026-06-01 02:38:27,396 | INFO     |   → 880/891: ✅ 0 взято | 🗑️ 0 мусор
2026-06-01 02:38:27,396 | INFO     |   → 881/891: ✅ 0 взято | 🗑️ 0 мусор
2026-06-01 02:38:27,396 | INFO     |   → 882/891: ✅ 0 взято | 🗑️ 0 мусор
2026-06-01 02:38:27,396 | INFO     |   → 883/891: ✅ 0 взято | 🗑️ 0 мусор
2026-06-01 02:38:27,396 | INFO     |   → 884/891: ✅ 0 взято | 🗑️ 0 мусор
2026-06-01 02:38:27,396 | INFO     |   → 885/891: ✅ 0 взято | 🗑️ 1 мусор
2026-06-01 02:38:27,396 | INFO     |   → 886/891: ✅ 12 взято | 🗑️ 12 мусор
2026-06-01 02:38:27,397 | INFO     |   → 887/891: ✅ 0 взято | 🗑️ 0 мусор
2026-06-01 02:38:27,397 | INFO     |   → 888/891: ✅ 8 взято | 🗑️ 7 мусор
2026-06-01 02:38:27,397 | INFO     |   → 889/891: ✅ 0 взято | 🗑️ 0 мусор
2026-06-01 02:38:27,397 | INFO     |   → 890/891 ⚠️ Ошибка: HTTPSConnectionPool(host='v2rayshare.githubrowcontent.com', port=443): Max retries exceeded with url: /%7BYYYY%7D/%7BMM%7D/%7BYYYY%7D%7BMM%7D%7BDD%7D.txt (Caused by NameResolutionError("HTTPSConnection(host='v2rayshare.githubrowcontent.com', port=443): Failed to resolve 'v2rayshare.githubrowcontent.com' ([Errno -2] Name or service not known)")) — https://v2rayshare.githubrowcontent.com/{YYYY}/{MM}/{YYYY}{MM}{DD}.txt
2026-06-01 02:38:27,397 | INFO     |   → 891/891: ✅ 0 взято | 🗑️ 22 мусор
2026-06-01 02:38:27,397 | INFO     |   → 📡 С sstap.org получено 0 ключей
2026-06-01 02:38:27,397 | INFO     |   → 📡 С sstap.org не добавлено ни одного ключа (все 0 отклонены фильтром)
2026-06-01 02:38:27,397 | INFO     |   → ✅ ГОТОВО!
2026-06-01 02:38:27,397 | INFO     |   →    📥 Всего ключей после фильтра: 65371
2026-06-01 02:38:27,397 | INFO     |   →    🔗 Уникальных IP:PORT:SCHEME: 23765
2026-06-01 02:38:27,397 | INFO     |   →    🗑️ Выброшено мусора: 1043833
2026-06-01 02:38:27,397 | INFO     |   → 📊 По протоколам:
2026-06-01 02:38:27,397 | INFO     |   →    vless: 9956
2026-06-01 02:38:27,397 | INFO     |   →    vmess: 4414
2026-06-01 02:38:27,397 | INFO     |   →    trojan: 3904
2026-06-01 02:38:27,397 | INFO     |   →    ss: 5290
2026-06-01 02:38:27,397 | INFO     |   →    hysteria: 17
2026-06-01 02:38:27,397 | INFO     |   →    hysteria2: 69
2026-06-01 02:38:27,397 | INFO     |   →    hy2: 62
2026-06-01 02:38:27,397 | INFO     |   →    tuic: 53
2026-06-01 02:38:27,397 | INFO     | ✅ mirror.py завершён успешно
2026-06-01 02:38:27,397 | INFO     | 
2026-06-01 02:38:27,397 | INFO     | 
2026-06-01 02:38:27,397 | INFO     | ──────────────────────────────────────────────────────────────────────
2026-06-01 02:38:27,397 | INFO     | 📌 ЭТАП: Генерация 50 уникальных CF-VLESS
2026-06-01 02:38:27,397 | INFO     | ──────────────────────────────────────────────────────────────────────
2026-06-01 02:38:27,397 | INFO     | 🚀 Запуск generate_cf_vless.py (50 новых CF-VLESS)...
2026-06-01 02:38:27,651 | INFO     |   → === Генератор свежих VLESS-конфигов на IP Cloudflare ===
2026-06-01 02:38:27,651 | INFO     |   → ✅ Сгенерировано и сохранено 50 VLESS-конфигов.
2026-06-01 02:38:27,651 | INFO     |   → 📂 Файл: /home/runner/work/vpn-vless-configs-russia/vpn-vless-configs-russia/data/githubmirror/new/cf_fresh.txt
2026-06-01 02:38:27,651 | INFO     | ✅ generate_cf_vless.py завершён успешно
2026-06-01 02:38:27,651 | INFO     | 
2026-06-01 02:38:27,652 | INFO     | 
2026-06-01 02:38:27,652 | INFO     | ──────────────────────────────────────────────────────────────────────
2026-06-01 02:38:27,652 | INFO     | 📌 ЭТАП: Слияние CF с основным списком
2026-06-01 02:38:27,652 | INFO     | ──────────────────────────────────────────────────────────────────────
2026-06-01 02:38:27,774 | INFO     | 🔄 Добавлено 49 новых CF-VLESS в /home/runner/work/vpn-vless-configs-russia/vpn-vless-configs-russia/data/githubmirror/clean/vless.txt
2026-06-01 02:38:27,774 | INFO     | 📊 Всего в clean/vless.txt теперь: 10005
2026-06-01 02:38:27,776 | INFO     | 
2026-06-01 02:38:27,776 | INFO     | 
2026-06-01 02:38:27,776 | INFO     | ──────────────────────────────────────────────────────────────────────
2026-06-01 02:38:27,776 | INFO     | 📌 ЭТАП: Фильтрация по реальному SNI
2026-06-01 02:38:27,776 | INFO     | ──────────────────────────────────────────────────────────────────────
2026-06-01 02:38:27,776 | INFO     | 🚀 Запуск filter_ru_sni.py (Фильтр по реальному SNI (CDN+RU))...
2026-06-01 02:38:28,316 | INFO     |   → hy2.txt: 62 → 19 (SNI-filtered)
2026-06-01 02:38:28,316 | INFO     |   →   hysteria.txt: 17 → 0 (SNI-filtered)
2026-06-01 02:38:28,316 | INFO     |   →   hysteria2.txt: 69 → 5 (SNI-filtered)
2026-06-01 02:38:28,316 | INFO     |   →   ss.txt: 5290 → 404 (SNI-filtered)
2026-06-01 02:38:28,317 | INFO     |   →   trojan.txt: 3904 → 16 (SNI-filtered)
2026-06-01 02:38:28,317 | INFO     |   →   tuic.txt: 53 → 0 (SNI-filtered)
2026-06-01 02:38:28,317 | INFO     |   →   vless.txt: 10005 → 1770 (SNI-filtered)
2026-06-01 02:38:28,317 | INFO     |   →   vmess.txt: 4414 → 52 (SNI-filtered)
2026-06-01 02:38:28,317 | INFO     |   → ==================================================
2026-06-01 02:38:28,317 | INFO     |   →   Всего входных:  23814
2026-06-01 02:38:28,317 | INFO     |   →   Прошли фильтр:  2266
2026-06-01 02:38:28,317 | INFO     |   →   Отброшено:      21548
2026-06-01 02:38:28,317 | INFO     |   → ==================================================
2026-06-01 02:38:28,317 | INFO     |   → Готово → /home/runner/work/vpn-vless-configs-russia/vpn-vless-configs-russia/data/githubmirror/ru-sni
2026-06-01 02:38:28,317 | INFO     | ✅ filter_ru_sni.py завершён успешно
2026-06-01 02:38:28,317 | INFO     | 
2026-06-01 02:38:28,317 | INFO     | 
2026-06-01 02:38:28,317 | INFO     | ──────────────────────────────────────────────────────────────────────
2026-06-01 02:38:28,317 | INFO     | 📌 ЭТАП: Экспериментальный RU-SNI фильтр
2026-06-01 02:38:28,317 | INFO     | ──────────────────────────────────────────────────────────────────────
2026-06-01 02:38:28,317 | INFO     | 🚀 Запуск filter_ru_sni_local.py (Экспериментальный фильтр по RU-SNI)...
2026-06-01 02:38:28,666 | INFO     |   → hy2.txt: 62 → 0 (RU-SNI)
2026-06-01 02:38:28,667 | INFO     |   → hysteria.txt: 17 → 0 (RU-SNI)
2026-06-01 02:38:28,667 | INFO     |   → hysteria2.txt: 69 → 0 (RU-SNI)
2026-06-01 02:38:28,667 | INFO     |   → ss.txt: 5290 → 129 (RU-SNI)
2026-06-01 02:38:28,667 | INFO     |   → trojan.txt: 3904 → 0 (RU-SNI)
2026-06-01 02:38:28,667 | INFO     |   → tuic.txt: 53 → 0 (RU-SNI)
2026-06-01 02:38:28,667 | INFO     |   → vless.txt: 10005 → 786 (RU-SNI)
2026-06-01 02:38:28,667 | INFO     |   → vmess.txt: 4414 → 0 (RU-SNI)
2026-06-01 02:38:28,667 | INFO     |   → ==================================================
2026-06-01 02:38:28,667 | INFO     |   → Всего входных:  23814
2026-06-01 02:38:28,667 | INFO     |   → Прошли RU-SNI:  915
2026-06-01 02:38:28,667 | INFO     |   → Отброшено:      22899
2026-06-01 02:38:28,667 | INFO     |   → ==================================================
2026-06-01 02:38:28,667 | INFO     |   → Готово → /home/runner/work/vpn-vless-configs-russia/vpn-vless-configs-russia/data/githubmirror/ru-sni-local
2026-06-01 02:38:28,667 | INFO     | ✅ filter_ru_sni_local.py завершён успешно
2026-06-01 02:38:28,667 | INFO     | 
2026-06-01 02:38:28,667 | INFO     | 
2026-06-01 02:38:28,667 | INFO     | ──────────────────────────────────────────────────────────────────────
2026-06-01 02:38:28,667 | INFO     | 📌 ЭТАП: Сбор статистики
2026-06-01 02:38:28,667 | INFO     | ──────────────────────────────────────────────────────────────────────
2026-06-01 02:38:28,667 | INFO     | 📊 Сбор статистики...
2026-06-01 02:38:28,667 | INFO     |   📁 githubmirror/clean:
2026-06-01 02:38:28,668 | INFO     |     • hy2         :    62 конфигов
2026-06-01 02:38:28,668 | INFO     |     • hysteria    :    17 конфигов
2026-06-01 02:38:28,668 | INFO     |     • hysteria2   :    69 конфигов
2026-06-01 02:38:28,672 | INFO     |     • ss          :  5290 конфигов
2026-06-01 02:38:28,674 | INFO     |     • trojan      :  3904 конфигов
2026-06-01 02:38:28,675 | INFO     |     • tuic        :    53 конфигов
2026-06-01 02:38:28,684 | INFO     |     • vless       : 10005 конфигов
2026-06-01 02:38:28,687 | INFO     |     • vmess       :  4414 конфигов
2026-06-01 02:38:28,687 | INFO     |   📁 githubmirror/ru-sni:
2026-06-01 02:38:28,688 | INFO     |     • hy2         :    19 конфигов ( 30.6% от clean)
2026-06-01 02:38:28,688 | INFO     |     • hysteria    :     0 конфигов (  0.0% от clean)
2026-06-01 02:38:28,688 | INFO     |     • hysteria2   :     5 конфигов (  7.2% от clean)
2026-06-01 02:38:28,688 | INFO     |     • ss          :   404 конфигов (  7.6% от clean)
2026-06-01 02:38:28,688 | INFO     |     • trojan      :    16 конфигов (  0.4% от clean)
2026-06-01 02:38:28,689 | INFO     |     • tuic        :     0 конфигов (  0.0% от clean)
2026-06-01 02:38:28,691 | INFO     |     • vless       :  1770 конфигов ( 17.7% от clean)
2026-06-01 02:38:28,691 | INFO     |     • vmess       :    52 конфигов (  1.2% от clean)
2026-06-01 02:38:28,691 | INFO     |   ✨ Новых CF-VLESS в этом запуске: 50
2026-06-01 02:38:28,691 | INFO     | 
2026-06-01 02:38:28,691 | INFO     |   ──────────────────────────────────────────────────
2026-06-01 02:38:28,691 | INFO     |   📈 ИТОГО:
2026-06-01 02:38:28,691 | INFO     |     Clean (после geo-фильтра):    23814
2026-06-01 02:38:28,691 | INFO     |     RU-SNI (после SNI-фильтра):    2266
2026-06-01 02:38:28,691 | INFO     |     Прошло фильтр:                  9.5%
2026-06-01 02:38:28,691 | INFO     |   ──────────────────────────────────────────────────
2026-06-01 02:38:28,691 | INFO     | ✅ Статистика сохранена: /home/runner/work/vpn-vless-configs-russia/vpn-vless-configs-russia/data/stats.json
2026-06-01 02:38:28,692 | INFO     | 
2026-06-01 02:38:28,692 | INFO     | ======================================================================
2026-06-01 02:38:28,692 | INFO     | 📊 ИТОГОВЫЙ ОТЧЁТ
2026-06-01 02:38:28,692 | INFO     | ======================================================================
2026-06-01 02:38:28,692 | INFO     |   ✅ OK         | Загрузка и geo-фильтрация
2026-06-01 02:38:28,692 | INFO     |   ✅ OK         | Генерация 50 уникальных CF-VLESS
2026-06-01 02:38:28,692 | INFO     |   ✅ OK         | Слияние CF с основным списком
2026-06-01 02:38:28,692 | INFO     |   ✅ OK         | Фильтрация по реальному SNI
2026-06-01 02:38:28,692 | INFO     |   ✅ OK         | Экспериментальный RU-SNI фильтр
2026-06-01 02:38:28,692 | INFO     |   ✅ OK         | Сбор статистики
2026-06-01 02:38:28,692 | INFO     | ──────────────────────────────────────────────────────────────────────
2026-06-01 02:38:28,692 | INFO     | ✅ ВСЕ ЭТАПЫ УСПЕШНЫ (6/6)
2026-06-01 02:38:28,692 | INFO     | ⏰ Время завершения: 2026-06-01 02:38:28
2026-06-01 02:38:28,692 | INFO     | ======================================================================
