2026-06-03 02:39:45,815 | INFO     | ======================================================================
2026-06-03 02:39:45,815 | INFO     | 🔍 VPN KEY CHECKER - Начало проверки
2026-06-03 02:39:45,815 | INFO     | ⏰ Время старта: 2026-06-03 02:39:45
2026-06-03 02:39:45,815 | INFO     | 📂 Рабочая директория: /home/runner/work/vpn-vless-configs-russia/vpn-vless-configs-russia
2026-06-03 02:39:45,815 | INFO     | ======================================================================
2026-06-03 02:39:45,816 | INFO     | 
2026-06-03 02:39:45,816 | INFO     | 🔍 Проверка наличия скриптов...
2026-06-03 02:39:45,816 | INFO     |   ✅ mirror.py
2026-06-03 02:39:45,816 | INFO     |   ✅ generate_cf_vless.py
2026-06-03 02:39:45,816 | INFO     |   ✅ filter_ru_sni.py
2026-06-03 02:39:45,816 | INFO     |   ✅ filter_ru_sni_local.py
2026-06-03 02:39:45,816 | INFO     | 
2026-06-03 02:39:45,816 | INFO     | ──────────────────────────────────────────────────────────────────────
2026-06-03 02:39:45,816 | INFO     | 📌 ЭТАП: Загрузка и geo-фильтрация
2026-06-03 02:39:45,816 | INFO     | ──────────────────────────────────────────────────────────────────────
2026-06-03 02:39:45,816 | INFO     | 🚀 Запуск mirror.py (Загрузка и фильтрация по РФ/СНГ/Европа)...
2026-06-03 02:41:25,757 | INFO     |   → DEBUG: mirror.py started
2026-06-03 02:41:25,757 | INFO     |   → DEBUG: BASE_PATH = /home/runner/work/vpn-vless-configs-russia/vpn-vless-configs-russia
2026-06-03 02:41:25,757 | INFO     |   → DEBUG: CONFIG_SOURCES_FILE = /home/runner/work/vpn-vless-configs-russia/vpn-vless-configs-russia/data/config_sources.json
2026-06-03 02:41:25,757 | INFO     |   → 📂 Загружено 915 источников из /home/runner/work/vpn-vless-configs-russia/vpn-vless-configs-russia/data/config_sources.json
2026-06-03 02:41:25,757 | INFO     |   → 🚀 Старт: всего источников: 915
2026-06-03 02:41:25,757 | INFO     |   → 1/915: ✅ 0 взято | 🗑️ 0 мусор
2026-06-03 02:41:25,757 | INFO     |   → 2/915: ✅ 13 взято | 🗑️ 242 мусор
2026-06-03 02:41:25,757 | INFO     |   → 3/915 ⚠️ Ошибка: HTTPSConnectionPool(host='a.nodeshare.xyz', port=443): Max retries exceeded with url: /uploads/%7BYYYY%7D/%7BM%7D/%7BYYYY%7D%7BMM%7D%7BDD%7D.txt (Caused by SSLError(SSLError(1, '[SSL: TLSV1_UNRECOGNIZED_NAME] tlsv1 unrecognized name (_ssl.c:1016)'))) — https://a.nodeshare.xyz/uploads/{YYYY}/{M}/{YYYY}{MM}{DD}.txt
2026-06-03 02:41:25,758 | INFO     |   → 4/915: ✅ 0 взято | 🗑️ 0 мусор
2026-06-03 02:41:25,758 | INFO     |   → 5/915 ❌ HTTP 404 — https://bitbucket.org/huwo1/proxy_nodes/raw/f31ca9ec67b84071515729ff45b011b6b09c10f2/clash.yaml
2026-06-03 02:41:25,758 | INFO     |   → 6/915 ❌ HTTP 404 — https://cdn.jsdelivr.net/gh/cry0ice/genode@main/public/all.txt
2026-06-03 02:41:25,758 | INFO     |   → 7/915 ❌ HTTP 404 — https://cdn.jsdelivr.net/gh/cry0ice/genode@main/public/ss.txt
2026-06-03 02:41:25,758 | INFO     |   → 8/915 ❌ HTTP 404 — https://cdn.jsdelivr.net/gh/cry0ice/genode@main/public/ssr.txt
2026-06-03 02:41:25,758 | INFO     |   → 9/915 ❌ HTTP 404 — https://cdn.jsdelivr.net/gh/cry0ice/genode@main/public/trojan.txt
2026-06-03 02:41:25,758 | INFO     |   → 10/915 ❌ HTTP 404 — https://cdn.jsdelivr.net/gh/cry0ice/genode@main/public/vless.txt
2026-06-03 02:41:25,758 | INFO     |   → 11/915 ❌ HTTP 404 — https://cdn.jsdelivr.net/gh/cry0ice/genode@main/public/vmess.txt
2026-06-03 02:41:25,758 | INFO     |   → 12/915: ✅ 0 взято | 🗑️ 0 мусор
2026-06-03 02:41:25,758 | INFO     |   → 13/915: ✅ 0 взято | 🗑️ 0 мусор
2026-06-03 02:41:25,758 | INFO     |   → 14/915: ✅ 0 взято | 🗑️ 0 мусор
2026-06-03 02:41:25,758 | INFO     |   → 15/915: ✅ 0 взято | 🗑️ 0 мусор
2026-06-03 02:41:25,758 | INFO     |   → 16/915: ✅ 0 взято | 🗑️ 0 мусор
2026-06-03 02:41:25,758 | INFO     |   → 17/915: ✅ 0 взято | 🗑️ 0 мусор
2026-06-03 02:41:25,758 | INFO     |   → 18/915: ✅ 0 взято | 🗑️ 0 мусор
2026-06-03 02:41:25,758 | INFO     |   → 19/915: ✅ 0 взято | 🗑️ 0 мусор
2026-06-03 02:41:25,758 | INFO     |   → 20/915: ✅ 0 взято | 🗑️ 0 мусор
2026-06-03 02:41:25,758 | INFO     |   → 21/915: ✅ 0 взято | 🗑️ 0 мусор
2026-06-03 02:41:25,758 | INFO     |   → 22/915 ❌ HTTP 404 — https://free.datiya.com/uploads/{YYYY}{MM}{DD}-v2ray.txt
2026-06-03 02:41:25,758 | INFO     |   → 23/915 ❌ HTTP 404 — https://freessrnode.github.io/uploads/2024/08/0-20240822.txt
2026-06-03 02:41:25,758 | INFO     |   → 24/915 ❌ HTTP 404 — https://freessrnode.github.io/uploads/2024/08/1-20240822.txt
2026-06-03 02:41:25,758 | INFO     |   → 25/915 ❌ HTTP 404 — https://freessrnode.github.io/uploads/2024/08/2-20240822.txt
2026-06-03 02:41:25,758 | INFO     |   → 26/915 ❌ HTTP 404 — https://freessrnode.github.io/uploads/2024/08/3-20240822.txt
2026-06-03 02:41:25,759 | INFO     |   → 27/915 ❌ HTTP 404 — https://freessrnode.github.io/uploads/2024/08/4-20240822.txt
2026-06-03 02:41:25,759 | INFO     |   → 28/915 ⚠️ Ошибка: HTTPSConnectionPool(host='freevpnspy.githubrowcontent.com', port=443): Max retries exceeded with url: /2024/08/20240802_novless.yaml (Caused by NameResolutionError("HTTPSConnection(host='freevpnspy.githubrowcontent.com', port=443): Failed to resolve 'freevpnspy.githubrowcontent.com' ([Errno -2] Name or service not known)")) — https://freevpnspy.githubrowcontent.com/2024/08/20240802_novless.yaml
2026-06-03 02:41:25,759 | INFO     |   → 29/915 ⚠️ Ошибка: HTTPSConnectionPool(host='freevpnspy.githubrowcontent.com', port=443): Max retries exceeded with url: /2024/08/20240802_vless.yaml (Caused by NameResolutionError("HTTPSConnection(host='freevpnspy.githubrowcontent.com', port=443): Failed to resolve 'freevpnspy.githubrowcontent.com' ([Errno -2] Name or service not known)")) — https://freevpnspy.githubrowcontent.com/2024/08/20240802_vless.yaml
2026-06-03 02:41:25,759 | INFO     |   → 30/915: ✅ 0 взято | 🗑️ 0 мусор
2026-06-03 02:41:25,759 | INFO     |   → 31/915: ✅ 14 взято | 🗑️ 152 мусор
2026-06-03 02:41:25,759 | INFO     |   → 32/915: ✅ 0 взято | 🗑️ 0 мусор
2026-06-03 02:41:25,759 | INFO     |   → 33/915: ✅ 1 взято | 🗑️ 125 мусор
2026-06-03 02:41:25,759 | INFO     |   → 34/915: ✅ 2 взято | 🗑️ 105 мусор
2026-06-03 02:41:25,759 | INFO     |   → 35/915: ✅ 0 взято | 🗑️ 0 мусор
2026-06-03 02:41:25,759 | INFO     |   → 36/915 ❌ HTTP 404 — https://github.com/Epodonios/bulk-xray-v2ray-vless-vmess-...-configs/raw/main/sub/Albania/config.txt
2026-06-03 02:41:25,759 | INFO     |   → 37/915 ❌ HTTP 404 — https://github.com/Epodonios/bulk-xray-v2ray-vless-vmess-...-configs/raw/main/sub/Cura%C3%A7ao/config.txt
2026-06-03 02:41:25,759 | INFO     |   → 38/915 ❌ HTTP 404 — https://github.com/Epodonios/bulk-xray-v2ray-vless-vmess-...-configs/raw/main/sub/Finland/config.txt
2026-06-03 02:41:25,759 | INFO     |   → 39/915 ❌ HTTP 404 — https://github.com/Epodonios/bulk-xray-v2ray-vless-vmess-...-configs/raw/main/sub/Iran/config.txt
2026-06-03 02:41:25,759 | INFO     |   → 40/915 ❌ HTTP 404 — https://github.com/Epodonios/bulk-xray-v2ray-vless-vmess-...-configs/raw/main/sub/Netherlands/config.txt
2026-06-03 02:41:25,759 | INFO     |   → 41/915 ❌ HTTP 404 — https://github.com/Epodonios/bulk-xray-v2ray-vless-vmess-...-configs/raw/main/sub/Norway/config.txt
2026-06-03 02:41:25,759 | INFO     |   → 42/915 ❌ HTTP 404 — https://github.com/Epodonios/bulk-xray-v2ray-vless-vmess-...-configs/raw/main/sub/Russia/config.txt
2026-06-03 02:41:25,759 | INFO     |   → 43/915: ✅ 13 взято | 🗑️ 70 мусор
2026-06-03 02:41:25,759 | INFO     |   → 44/915: ✅ 0 взято | 🗑️ 4 мусор
2026-06-03 02:41:25,759 | INFO     |   → 45/915: ✅ 0 взято | 🗑️ 7 мусор
2026-06-03 02:41:25,759 | INFO     |   → 46/915: ✅ 0 взято | 🗑️ 51 мусор
2026-06-03 02:41:25,759 | INFO     |   → 47/915: ✅ 0 взято | 🗑️ 8 мусор
2026-06-03 02:41:25,759 | INFO     |   → 48/915: ✅ 0 взято | 🗑️ 0 мусор
2026-06-03 02:41:25,759 | INFO     |   → 49/915: ✅ 17 взято | 🗑️ 119 мусор
2026-06-03 02:41:25,759 | INFO     |   → 50/915 ❌ HTTP 404 — https://github.com/MrMohebi/xray-proxy-grabber-telegram/raw/master/collected-proxies/clash-meta/all.yaml
2026-06-03 02:41:25,759 | INFO     |   → 51/915 ❌ HTTP 404 — https://github.com/MrMohebi/xray-proxy-grabber-telegram/raw/master/collected-proxies/row-url/all.txt
2026-06-03 02:41:25,759 | INFO     |   → 52/915: ✅ 0 взято | 🗑️ 0 мусор
2026-06-03 02:41:25,759 | INFO     |   → 53/915: ✅ 0 взято | 🗑️ 113 мусор
2026-06-03 02:41:25,759 | INFO     |   → 54/915: ✅ 0 взято | 🗑️ 119 мусор
2026-06-03 02:41:25,759 | INFO     |   → 55/915: ✅ 0 взято | 🗑️ 0 мусор
2026-06-03 02:41:25,759 | INFO     |   → 56/915: ✅ 0 взято | 🗑️ 0 мусор
2026-06-03 02:41:25,759 | INFO     |   → 57/915: ✅ 0 взято | 🗑️ 0 мусор
2026-06-03 02:41:25,760 | INFO     |   → 58/915: ✅ 0 взято | 🗑️ 0 мусор
2026-06-03 02:41:25,760 | INFO     |   → 59/915: ✅ 0 взято | 🗑️ 0 мусор
2026-06-03 02:41:25,760 | INFO     |   → 60/915: ✅ 0 взято | 🗑️ 0 мусор
2026-06-03 02:41:25,760 | INFO     |   → 61/915: ✅ 0 взято | 🗑️ 0 мусор
2026-06-03 02:41:25,760 | INFO     |   → 62/915 ❌ HTTP 404 — https://github.com/mermeroo/V2RAY-FREE/raw/main/All_Configs_base64_Sub.txt
2026-06-03 02:41:25,760 | INFO     |   → 63/915 ❌ HTTP 404 — https://github.com/mermeroo/V2RAY-FREE/raw/main/Base64/Sub1_base64.txt
2026-06-03 02:41:25,760 | INFO     |   → 64/915 ❌ HTTP 404 — https://github.com/mermeroo/V2RAY-FREE/raw/main/Base64/Sub2_base64.txt
2026-06-03 02:41:25,760 | INFO     |   → 65/915 ❌ HTTP 404 — https://github.com/mermeroo/V2RAY-FREE/raw/main/Base64/Sub3_base64.txt
2026-06-03 02:41:25,760 | INFO     |   → 66/915 ❌ HTTP 404 — https://github.com/mermeroo/V2RAY-FREE/raw/main/Base64/Sub4_base64.txt
2026-06-03 02:41:25,760 | INFO     |   → 67/915 ❌ HTTP 404 — https://github.com/mermeroo/V2RAY-FREE/raw/main/Base64/Sub5_base64.txt
2026-06-03 02:41:25,760 | INFO     |   → 68/915 ❌ HTTP 404 — https://github.com/mermeroo/telegram-configs-collector/raw/main/protocols/hysteria
2026-06-03 02:41:25,760 | INFO     |   → 69/915 ❌ HTTP 404 — https://github.com/mermeroo/telegram-configs-collector/raw/main/protocols/juicity
2026-06-03 02:41:25,760 | INFO     |   → 70/915 ❌ HTTP 404 — https://github.com/mermeroo/telegram-configs-collector/raw/main/protocols/tuic
2026-06-03 02:41:25,760 | INFO     |   → 71/915: ✅ 5 взято | 🗑️ 16 мусор
2026-06-03 02:41:25,760 | INFO     |   → 72/915: ✅ 0 взято | 🗑️ 0 мусор
2026-06-03 02:41:25,760 | INFO     |   → 73/915: ✅ 0 взято | 🗑️ 0 мусор
2026-06-03 02:41:25,760 | INFO     |   → 74/915 ❌ HTTP 403 — https://gitlab.com/colloq168/nodefiltrate/-/raw/main/filtrate?ref_type=heads
2026-06-03 02:41:25,760 | INFO     |   → 75/915: ✅ 0 взято | 🗑️ 0 мусор
2026-06-03 02:41:25,760 | INFO     |   → 76/915: ✅ 0 взято | 🗑️ 103 мусор
2026-06-03 02:41:25,760 | INFO     |   → 77/915: ✅ 0 взято | 🗑️ 0 мусор
2026-06-03 02:41:25,760 | INFO     |   → 78/915: ✅ 3 взято | 🗑️ 213 мусор
2026-06-03 02:41:25,760 | INFO     |   → 79/915: ✅ 0 взято | 🗑️ 0 мусор
2026-06-03 02:41:25,760 | INFO     |   → 80/915: ✅ 1 взято | 🗑️ 130 мусор
2026-06-03 02:41:25,760 | INFO     |   → 81/915: ✅ 0 взято | 🗑️ 0 мусор
2026-06-03 02:41:25,761 | INFO     |   → 82/915 ⚠️ Ошибка: HTTPSConnectionPool(host='ivuxy.tech', port=443): Max retries exceeded with url: /v.txt (Caused by NameResolutionError("HTTPSConnection(host='ivuxy.tech', port=443): Failed to resolve 'ivuxy.tech' ([Errno -2] Name or service not known)")) — https://ivuxy.tech/v.txt
2026-06-03 02:41:25,761 | INFO     |   → 83/915 ⚠️ Ошибка: HTTPSConnectionPool(host='mirror.ghproxy.com', port=443): Max retries exceeded with url: /https://raw.githubusercontent.com/Barabama/FreeNodes/master/nodes/blues.txt (Caused by NameResolutionError("HTTPSConnection(host='mirror.ghproxy.com', port=443): Failed to resolve 'mirror.ghproxy.com' ([Errno -2] Name or service not known)")) — https://mirror.ghproxy.com/https://raw.githubusercontent.com/Barabama/FreeNodes/master/nodes/blues.txt
2026-06-03 02:41:25,761 | INFO     |   → 84/915 ⚠️ Ошибка: HTTPSConnectionPool(host='mirror.ghproxy.com', port=443): Max retries exceeded with url: /https://raw.githubusercontent.com/Barabama/FreeNodes/master/nodes/halekj.txt (Caused by NameResolutionError("HTTPSConnection(host='mirror.ghproxy.com', port=443): Failed to resolve 'mirror.ghproxy.com' ([Errno -2] Name or service not known)")) — https://mirror.ghproxy.com/https://raw.githubusercontent.com/Barabama/FreeNodes/master/nodes/halekj.txt
2026-06-03 02:41:25,761 | INFO     |   → 85/915 ⚠️ Ошибка: HTTPSConnectionPool(host='mirror.ghproxy.com', port=443): Max retries exceeded with url: /https://raw.githubusercontent.com/Barabama/FreeNodes/master/nodes/kkzui.txt (Caused by NameResolutionError("HTTPSConnection(host='mirror.ghproxy.com', port=443): Failed to resolve 'mirror.ghproxy.com' ([Errno -2] Name or service not known)")) — https://mirror.ghproxy.com/https://raw.githubusercontent.com/Barabama/FreeNodes/master/nodes/kkzui.txt
2026-06-03 02:41:25,761 | INFO     |   → 86/915 ⚠️ Ошибка: HTTPSConnectionPool(host='mirror.ghproxy.com', port=443): Max retries exceeded with url: /https://raw.githubusercontent.com/Barabama/FreeNodes/master/nodes/merged.txt (Caused by NameResolutionError("HTTPSConnection(host='mirror.ghproxy.com', port=443): Failed to resolve 'mirror.ghproxy.com' ([Errno -2] Name or service not known)")) — https://mirror.ghproxy.com/https://raw.githubusercontent.com/Barabama/FreeNodes/master/nodes/merged.txt
2026-06-03 02:41:25,761 | INFO     |   → 87/915 ⚠️ Ошибка: HTTPSConnectionPool(host='mirror.ghproxy.com', port=443): Max retries exceeded with url: /https://raw.githubusercontent.com/Barabama/FreeNodes/master/nodes/nodefree.txt (Caused by NameResolutionError("HTTPSConnection(host='mirror.ghproxy.com', port=443): Failed to resolve 'mirror.ghproxy.com' ([Errno -2] Name or service not known)")) — https://mirror.ghproxy.com/https://raw.githubusercontent.com/Barabama/FreeNodes/master/nodes/nodefree.txt
2026-06-03 02:41:25,761 | INFO     |   → 88/915 ⚠️ Ошибка: HTTPSConnectionPool(host='mirror.ghproxy.com', port=443): Max retries exceeded with url: /https://raw.githubusercontent.com/Barabama/FreeNodes/master/nodes/openrunner.txt (Caused by NameResolutionError("HTTPSConnection(host='mirror.ghproxy.com', port=443): Failed to resolve 'mirror.ghproxy.com' ([Errno -2] Name or service not known)")) — https://mirror.ghproxy.com/https://raw.githubusercontent.com/Barabama/FreeNodes/master/nodes/openrunner.txt
2026-06-03 02:41:25,761 | INFO     |   → 89/915 ⚠️ Ошибка: HTTPSConnectionPool(host='mirror.ghproxy.com', port=443): Max retries exceeded with url: /https://raw.githubusercontent.com/Barabama/FreeNodes/master/nodes/v2rayshare.txt (Caused by NameResolutionError("HTTPSConnection(host='mirror.ghproxy.com', port=443): Failed to resolve 'mirror.ghproxy.com' ([Errno -2] Name or service not known)")) — https://mirror.ghproxy.com/https://raw.githubusercontent.com/Barabama/FreeNodes/master/nodes/v2rayshare.txt
2026-06-03 02:41:25,761 | INFO     |   → 90/915 ⚠️ Ошибка: HTTPSConnectionPool(host='mirror.ghproxy.com', port=443): Max retries exceeded with url: /https://raw.githubusercontent.com/Barabama/FreeNodes/master/nodes/wenode.txt (Caused by NameResolutionError("HTTPSConnection(host='mirror.ghproxy.com', port=443): Failed to resolve 'mirror.ghproxy.com' ([Errno -2] Name or service not known)")) — https://mirror.ghproxy.com/https://raw.githubusercontent.com/Barabama/FreeNodes/master/nodes/wenode.txt
2026-06-03 02:41:25,761 | INFO     |   → 91/915 ⚠️ Ошибка: HTTPSConnectionPool(host='mirror.ghproxy.com', port=443): Max retries exceeded with url: /https://raw.githubusercontent.com/Barabama/FreeNodes/master/nodes/yudou66.txt (Caused by NameResolutionError("HTTPSConnection(host='mirror.ghproxy.com', port=443): Failed to resolve 'mirror.ghproxy.com' ([Errno -2] Name or service not known)")) — https://mirror.ghproxy.com/https://raw.githubusercontent.com/Barabama/FreeNodes/master/nodes/yudou66.txt
2026-06-03 02:41:25,761 | INFO     |   → 92/915 ❌ HTTP 404 — https://node.freeclashnode.com/uploads/{YYYY}/{MM}/0-{YYYY}{MM}{DD}.txt
2026-06-03 02:41:25,761 | INFO     |   → 93/915 ❌ HTTP 404 — https://node.freeclashnode.com/uploads/{YYYY}/{MM}/1-{YYYY}{MM}{DD}.txt
2026-06-03 02:41:25,761 | INFO     |   → 94/915 ❌ HTTP 404 — https://node.freeclashnode.com/uploads/{YYYY}/{MM}/2-{YYYY}{MM}{DD}.txt
2026-06-03 02:41:25,761 | INFO     |   → 95/915 ❌ HTTP 404 — https://node.freeclashnode.com/uploads/{YYYY}/{MM}/3-{YYYY}{MM}{DD}.txt
2026-06-03 02:41:25,761 | INFO     |   → 96/915 ❌ HTTP 404 — https://node.freeclashnode.com/uploads/{YYYY}/{MM}/4-{YYYY}{MM}{DD}.txt
2026-06-03 02:41:25,761 | INFO     |   → 97/915: ✅ 6 взято | 🗑️ 24 мусор
2026-06-03 02:41:25,761 | INFO     |   → 98/915: ✅ 13 взято | 🗑️ 7 мусор
2026-06-03 02:41:25,761 | INFO     |   → 99/915: ✅ 0 взято | 🗑️ 7 мусор
2026-06-03 02:41:25,761 | INFO     |   → 100/915 ⚠️ Ошибка: HTTPSConnectionPool(host='nodefree.githubrowcontent.com', port=443): Max retries exceeded with url: /%7BYYYY%7D/%7BMM%7D/%7BYYYY%7D%7BMM%7D%7BDD%7D.txt (Caused by NameResolutionError("HTTPSConnection(host='nodefree.githubrowcontent.com', port=443): Failed to resolve 'nodefree.githubrowcontent.com' ([Errno -2] Name or service not known)")) — https://nodefree.githubrowcontent.com/{YYYY}/{MM}/{YYYY}{MM}{DD}.txt
2026-06-03 02:41:25,761 | INFO     |   → 101/915 ⚠️ Ошибка: HTTPSConnectionPool(host='nodefree.githubrowcontent.com', port=443): Max retries exceeded with url: /2024/07/20240705.yaml (Caused by NameResolutionError("HTTPSConnection(host='nodefree.githubrowcontent.com', port=443): Failed to resolve 'nodefree.githubrowcontent.com' ([Errno -2] Name or service not known)")) — https://nodefree.org/dy/2023/08/20230806.yaml
2026-06-03 02:41:25,761 | INFO     |   → 102/915 ⚠️ Ошибка: HTTPSConnectionPool(host='nodefree.githubrowcontent.com', port=443): Max retries exceeded with url: /2024/07/20240705.txt (Caused by NameResolutionError("HTTPSConnection(host='nodefree.githubrowcontent.com', port=443): Failed to resolve 'nodefree.githubrowcontent.com' ([Errno -2] Name or service not known)")) — https://nodefree.org/dy/2023/12/20231221.txt
2026-06-03 02:41:25,761 | INFO     |   → 103/915: ✅ 0 взято | 🗑️ 24 мусор
2026-06-03 02:41:25,761 | INFO     |   → 104/915: ✅ 0 взято | 🗑️ 7 мусор
2026-06-03 02:41:25,762 | INFO     |   → 105/915: ✅ 0 взято | 🗑️ 7 мусор
2026-06-03 02:41:25,762 | INFO     |   → 106/915: ✅ 0 взято | 🗑️ 0 мусор
2026-06-03 02:41:25,762 | INFO     |   → 107/915: ✅ 0 взято | 🗑️ 0 мусор
2026-06-03 02:41:25,762 | INFO     |   → 108/915: ✅ 0 взято | 🗑️ 0 мусор
2026-06-03 02:41:25,762 | INFO     |   → 109/915: ✅ 0 взято | 🗑️ 0 мусор
2026-06-03 02:41:25,762 | INFO     |   → 110/915: ✅ 0 взято | 🗑️ 0 мусор
2026-06-03 02:41:25,762 | INFO     |   → 111/915: ✅ 0 взято | 🗑️ 0 мусор
2026-06-03 02:41:25,762 | INFO     |   → 112/915: ✅ 0 взято | 🗑️ 0 мусор
2026-06-03 02:41:25,762 | INFO     |   → 113/915: ✅ 0 взято | 🗑️ 0 мусор
2026-06-03 02:41:25,762 | INFO     |   → 114/915: ✅ 0 взято | 🗑️ 0 мусор
2026-06-03 02:41:25,762 | INFO     |   → 115/915: ✅ 0 взято | 🗑️ 0 мусор
2026-06-03 02:41:25,762 | INFO     |   → 116/915: ✅ 0 взято | 🗑️ 0 мусор
2026-06-03 02:41:25,762 | INFO     |   → 117/915: ✅ 0 взято | 🗑️ 0 мусор
2026-06-03 02:41:25,762 | INFO     |   → 118/915 ❌ HTTP 404 — https://raw.githubusercontent.com/10ium/MihomoSaz/main/Sublist/shatakvpn.yaml4_Sub.txt
2026-06-03 02:41:25,762 | INFO     |   → 119/915: ✅ 0 взято | 🗑️ 0 мусор
2026-06-03 02:41:25,762 | INFO     |   → 120/915: ✅ 0 взято | 🗑️ 0 мусор
2026-06-03 02:41:25,762 | INFO     |   → 121/915: ✅ 1142 взято | 🗑️ 2859 мусор
2026-06-03 02:41:25,762 | INFO     |   → 122/915: ✅ 1 взято | 🗑️ 324 мусор
2026-06-03 02:41:25,762 | INFO     |   → 123/915: ✅ 833 взято | 🗑️ 1960 мусор
2026-06-03 02:41:25,762 | INFO     |   → 124/915: ✅ 167 взято | 🗑️ 672 мусор
2026-06-03 02:41:25,762 | INFO     |   → 125/915: ✅ 0 взято | 🗑️ 0 мусор
2026-06-03 02:41:25,762 | INFO     |   → 126/915: ✅ 0 взято | 🗑️ 0 мусор
2026-06-03 02:41:25,763 | INFO     |   → 127/915: ✅ 11 взято | 🗑️ 399 мусор
2026-06-03 02:41:25,763 | INFO     |   → 128/915: ✅ 794 взято | 🗑️ 1209 мусор
2026-06-03 02:41:25,763 | INFO     |   → 129/915: ✅ 32 взято | 🗑️ 5 мусор
2026-06-03 02:41:25,763 | INFO     |   → 130/915: ✅ 0 взято | 🗑️ 0 мусор
2026-06-03 02:41:25,763 | INFO     |   → 131/915 ❌ HTTP 404 — https://raw.githubusercontent.com/9Fork/openit/main/Clash.yaml
2026-06-03 02:41:25,763 | INFO     |   → 132/915: ✅ 46 взято | 🗑️ 47 мусор
2026-06-03 02:41:25,763 | INFO     |   → 133/915: ✅ 0 взято | 🗑️ 47 мусор
2026-06-03 02:41:25,763 | INFO     |   → 134/915: ✅ 63 взято | 🗑️ 237 мусор
2026-06-03 02:41:25,763 | INFO     |   → 135/915: ✅ 49 взято | 🗑️ 251 мусор
2026-06-03 02:41:25,763 | INFO     |   → 136/915: ✅ 20 взято | 🗑️ 101 мусор
2026-06-03 02:41:25,763 | INFO     |   → 137/915: ✅ 21 взято | 🗑️ 54 мусор
2026-06-03 02:41:25,763 | INFO     |   → 138/915: ✅ 32 взято | 🗑️ 268 мусор
2026-06-03 02:41:25,763 | INFO     |   → 139/915: ✅ 99 взято | 🗑️ 201 мусор
2026-06-03 02:41:25,763 | INFO     |   → 140/915: ✅ 250 взято | 🗑️ 50 мусор
2026-06-03 02:41:25,763 | INFO     |   → 141/915: ✅ 9 взято | 🗑️ 356 мусор
2026-06-03 02:41:25,763 | INFO     |   → 142/915: ✅ 19 взято | 🗑️ 81 мусор
2026-06-03 02:41:25,763 | INFO     |   → 143/915: ✅ 11 взято | 🗑️ 87 мусор
2026-06-03 02:41:25,763 | INFO     |   → 144/915: ✅ 27 взято | 🗑️ 73 мусор
2026-06-03 02:41:25,763 | INFO     |   → 145/915: ✅ 13 взято | 🗑️ 75 мусор
2026-06-03 02:41:25,763 | INFO     |   → 146/915: ✅ 10 взято | 🗑️ 83 мусор
2026-06-03 02:41:25,763 | INFO     |   → 147/915: ✅ 12 взято | 🗑️ 86 мусор
2026-06-03 02:41:25,763 | INFO     |   → 148/915: ✅ 11 взято | 🗑️ 87 мусор
2026-06-03 02:41:25,763 | INFO     |   → 149/915: ✅ 11 взято | 🗑️ 80 мусор
2026-06-03 02:41:25,764 | INFO     |   → 150/915: ✅ 9 взято | 🗑️ 82 мусор
2026-06-03 02:41:25,764 | INFO     |   → 151/915: ✅ 69 взято | 🗑️ 3 мусор
2026-06-03 02:41:25,764 | INFO     |   → 152/915: ✅ 3 взято | 🗑️ 75 мусор
2026-06-03 02:41:25,764 | INFO     |   → 153/915: ✅ 4 взято | 🗑️ 69 мусор
2026-06-03 02:41:25,764 | INFO     |   → 154/915: ✅ 4 взято | 🗑️ 80 мусор
2026-06-03 02:41:25,764 | INFO     |   → 155/915: ✅ 6 взято | 🗑️ 81 мусор
2026-06-03 02:41:25,764 | INFO     |   → 156/915: ✅ 5 взято | 🗑️ 79 мусор
2026-06-03 02:41:25,764 | INFO     |   → 157/915: ✅ 11 взято | 🗑️ 78 мусор
2026-06-03 02:41:25,764 | INFO     |   → 158/915: ✅ 3 взято | 🗑️ 83 мусор
2026-06-03 02:41:25,764 | INFO     |   → 159/915: ✅ 14 взято | 🗑️ 76 мусор
2026-06-03 02:41:25,764 | INFO     |   → 160/915: ✅ 12 взято | 🗑️ 78 мусор
2026-06-03 02:41:25,764 | INFO     |   → 161/915: ✅ 26 взято | 🗑️ 218 мусор
2026-06-03 02:41:25,764 | INFO     |   → 162/915: ✅ 44 взято | 🗑️ 141 мусор
2026-06-03 02:41:25,764 | INFO     |   → 163/915: ✅ 10 взято | 🗑️ 71 мусор
2026-06-03 02:41:25,764 | INFO     |   → 164/915: ✅ 2 взято | 🗑️ 88 мусор
2026-06-03 02:41:25,764 | INFO     |   → 165/915: ✅ 0 взято | 🗑️ 3 мусор
2026-06-03 02:41:25,764 | INFO     |   → 166/915: ✅ 14 взято | 🗑️ 4 мусор
2026-06-03 02:41:25,764 | INFO     |   → 167/915: ✅ 715 взято | 🗑️ 2463 мусор
2026-06-03 02:41:25,764 | INFO     |   → 168/915 ❌ HTTP 404 — https://raw.githubusercontent.com/Alvin9999/pac2/master/clash/1/config.yaml
2026-06-03 02:41:25,764 | INFO     |   → 169/915 ❌ HTTP 404 — https://raw.githubusercontent.com/AmirHDevo/temp2/7f15e7ddb311a6f8c5ab338bd1af0e1f2136a84b/configs.txt
2026-06-03 02:41:25,764 | INFO     |   → 170/915: ✅ 134 взято | 🗑️ 2267 мусор
2026-06-03 02:41:25,764 | INFO     |   → 171/915: ✅ 5 взято | 🗑️ 189 мусор
2026-06-03 02:41:25,765 | INFO     |   → 172/915: ✅ 4298 взято | 🗑️ 62320 мусор
2026-06-03 02:41:25,765 | INFO     |   → 173/915: ✅ 5 взято | 🗑️ 47 мусор
2026-06-03 02:41:25,765 | INFO     |   → 174/915: ✅ 0 взято | 🗑️ 44 мусор
2026-06-03 02:41:25,765 | INFO     |   → 175/915: ✅ 21 взято | 🗑️ 107 мусор
2026-06-03 02:41:25,765 | INFO     |   → 176/915: ✅ 78 взято | 🗑️ 347 мусор
2026-06-03 02:41:25,765 | INFO     |   → 177/915: ✅ 0 взято | 🗑️ 1373 мусор
2026-06-03 02:41:25,765 | INFO     |   → 178/915: ✅ 45 взято | 🗑️ 741 мусор
2026-06-03 02:41:25,765 | INFO     |   → 179/915: ✅ 339 взято | 🗑️ 1542 мусор
2026-06-03 02:41:25,765 | INFO     |   → 180/915: ✅ 0 взято | 🗑️ 6 мусор
2026-06-03 02:41:25,765 | INFO     |   → 181/915: ✅ 0 взято | 🗑️ 0 мусор
2026-06-03 02:41:25,765 | INFO     |   → 182/915: ✅ 1 взято | 🗑️ 235 мусор
2026-06-03 02:41:25,765 | INFO     |   → 183/915: ✅ 49 взято | 🗑️ 86 мусор
2026-06-03 02:41:25,765 | INFO     |   → 184/915: ✅ 0 взято | 🗑️ 16 мусор
2026-06-03 02:41:25,765 | INFO     |   → 185/915: ✅ 6 взято | 🗑️ 17 мусор
2026-06-03 02:41:25,765 | INFO     |   → 186/915: ✅ 1 взято | 🗑️ 12 мусор
2026-06-03 02:41:25,765 | INFO     |   → 187/915: ✅ 0 взято | 🗑️ 17 мусор
2026-06-03 02:41:25,765 | INFO     |   → 188/915: ✅ 0 взято | 🗑️ 17 мусор
2026-06-03 02:41:25,765 | INFO     |   → 189/915: ✅ 23 взято | 🗑️ 516 мусор
2026-06-03 02:41:25,765 | INFO     |   → 190/915: ✅ 1 взято | 🗑️ 324 мусор
2026-06-03 02:41:25,765 | INFO     |   → 191/915: ✅ 1 взято | 🗑️ 192 мусор
2026-06-03 02:41:25,765 | INFO     |   → 192/915: ✅ 5 взято | 🗑️ 158 мусор
2026-06-03 02:41:25,765 | INFO     |   → 193/915: ✅ 0 взято | 🗑️ 16 мусор
2026-06-03 02:41:25,765 | INFO     |   → 194/915: ✅ 0 взято | 🗑️ 0 мусор
2026-06-03 02:41:25,766 | INFO     |   → 195/915: ✅ 0 взято | 🗑️ 14 мусор
2026-06-03 02:41:25,766 | INFO     |   → 196/915: ✅ 0 взято | 🗑️ 0 мусор
2026-06-03 02:41:25,766 | INFO     |   → 197/915: ✅ 0 взято | 🗑️ 17 мусор
2026-06-03 02:41:25,766 | INFO     |   → 198/915: ✅ 0 взято | 🗑️ 0 мусор
2026-06-03 02:41:25,766 | INFO     |   → 199/915: ✅ 0 взято | 🗑️ 12 мусор
2026-06-03 02:41:25,766 | INFO     |   → 200/915: ✅ 0 взято | 🗑️ 0 мусор
2026-06-03 02:41:25,766 | INFO     |   → 201/915: ✅ 0 взято | 🗑️ 17 мусор
2026-06-03 02:41:25,766 | INFO     |   → 202/915: ✅ 0 взято | 🗑️ 0 мусор
2026-06-03 02:41:25,766 | INFO     |   → 203/915: ✅ 0 взято | 🗑️ 17 мусор
2026-06-03 02:41:25,766 | INFO     |   → 204/915: ✅ 0 взято | 🗑️ 0 мусор
2026-06-03 02:41:25,766 | INFO     |   → 205/915: ✅ 2 взято | 🗑️ 161 мусор
2026-06-03 02:41:25,766 | INFO     |   → 206/915: ✅ 0 взято | 🗑️ 0 мусор
2026-06-03 02:41:25,766 | INFO     |   → 207/915: ✅ 26 взято | 🗑️ 331 мусор
2026-06-03 02:41:25,766 | INFO     |   → 208/915: ✅ 36 взято | 🗑️ 4 мусор
2026-06-03 02:41:25,766 | INFO     |   → 209/915: ✅ 5 взято | 🗑️ 76 мусор
2026-06-03 02:41:25,766 | INFO     |   → 210/915: ✅ 80 взято | 🗑️ 1110 мусор
2026-06-03 02:41:25,766 | INFO     |   → 211/915: ✅ 18 взято | 🗑️ 1212 мусор
2026-06-03 02:41:25,766 | INFO     |   → 212/915 ❌ HTTP 404 — https://raw.githubusercontent.com/Egkaz/Proxy-list-20k-server/main/stable.txt
2026-06-03 02:41:25,766 | INFO     |   → 213/915: ✅ 5 взято | 🗑️ 13 мусор
2026-06-03 02:41:25,766 | INFO     |   → 214/915 ❌ HTTP 404 — https://raw.githubusercontent.com/Epodonios/bulk-xray-v2ray-vless-vmess-...-configs/main/sub/Austria/config.txt
2026-06-03 02:41:25,766 | INFO     |   → 215/915 ❌ HTTP 404 — https://raw.githubusercontent.com/Epodonios/bulk-xray-v2ray-vless-vmess-...-configs/main/sub/Canada/config.txt
2026-06-03 02:41:25,766 | INFO     |   → 216/915 ❌ HTTP 404 — https://raw.githubusercontent.com/Epodonios/bulk-xray-v2ray-vless-vmess-...-configs/main/sub/Costa%20Rica/config.txt
2026-06-03 02:41:25,766 | INFO     |   → 217/915 ❌ HTTP 404 — https://raw.githubusercontent.com/Epodonios/bulk-xray-v2ray-vless-vmess-...-configs/main/sub/France/config.txt
2026-06-03 02:41:25,766 | INFO     |   → 218/915 ❌ HTTP 404 — https://raw.githubusercontent.com/Epodonios/bulk-xray-v2ray-vless-vmess-...-configs/main/sub/Germany/config.txt
2026-06-03 02:41:25,767 | INFO     |   → 219/915 ❌ HTTP 404 — https://raw.githubusercontent.com/Epodonios/bulk-xray-v2ray-vless-vmess-...-configs/main/sub/Indonesia/config.txt
2026-06-03 02:41:25,767 | INFO     |   → 220/915 ❌ HTTP 404 — https://raw.githubusercontent.com/Epodonios/bulk-xray-v2ray-vless-vmess-...-configs/main/sub/Ireland/config.txt
2026-06-03 02:41:25,767 | INFO     |   → 221/915 ❌ HTTP 404 — https://raw.githubusercontent.com/Epodonios/bulk-xray-v2ray-vless-vmess-...-configs/main/sub/Republic%20of%20Lithuania/config.txt
2026-06-03 02:41:25,767 | INFO     |   → 222/915 ❌ HTTP 404 — https://raw.githubusercontent.com/Epodonios/bulk-xray-v2ray-vless-vmess-...-configs/main/sub/South%20Africa/config.txt
2026-06-03 02:41:25,767 | INFO     |   → 223/915 ❌ HTTP 404 — https://raw.githubusercontent.com/Epodonios/bulk-xray-v2ray-vless-vmess-...-configs/main/sub/Sweden/config.txt
2026-06-03 02:41:25,767 | INFO     |   → 224/915 ❌ HTTP 404 — https://raw.githubusercontent.com/Epodonios/bulk-xray-v2ray-vless-vmess-...-configs/main/sub/Turkey/config.txt
2026-06-03 02:41:25,767 | INFO     |   → 225/915 ❌ HTTP 404 — https://raw.githubusercontent.com/Epodonios/bulk-xray-v2ray-vless-vmess-...-configs/main/sub/United%20Arab%20Emirates/config.txt
2026-06-03 02:41:25,767 | INFO     |   → 226/915 ❌ HTTP 404 — https://raw.githubusercontent.com/Epodonios/bulk-xray-v2ray-vless-vmess-...-configs/main/sub/United%20Kingdom/config.txt
2026-06-03 02:41:25,767 | INFO     |   → 227/915 ❌ HTTP 404 — https://raw.githubusercontent.com/Epodonios/bulk-xray-v2ray-vless-vmess-...-configs/main/sub/United%20States/config.txt
2026-06-03 02:41:25,767 | INFO     |   → 228/915 ❌ HTTP 404 — https://raw.githubusercontent.com/Epodonios/v2ray-configs/main/Splitted-By-Protocol/mix.txt
2026-06-03 02:41:25,767 | INFO     |   → 229/915: ✅ 104 взято | 🗑️ 305 мусор
2026-06-03 02:41:25,767 | INFO     |   → 230/915: ✅ 0 взято | 🗑️ 0 мусор
2026-06-03 02:41:25,767 | INFO     |   → 231/915: ✅ 76 взято | 🗑️ 327 мусор
2026-06-03 02:41:25,767 | INFO     |   → 232/915: ✅ 332 взято | 🗑️ 2400 мусор
2026-06-03 02:41:25,767 | INFO     |   → 233/915: ✅ 47 взято | 🗑️ 559 мусор
2026-06-03 02:41:25,767 | INFO     |   → 234/915 ❌ HTTP 404 — https://raw.githubusercontent.com/Epodonios/v2ray-configs/raw/main/Splitted-By-Protocol/trojan.txt
2026-06-03 02:41:25,767 | INFO     |   → 235/915 ❌ HTTP 404 — https://raw.githubusercontent.com/Epodonios/v2ray-configs/raw/main/Splitted-By-Protocol/vmess.txt
2026-06-03 02:41:25,767 | INFO     |   → 236/915: ✅ 124 взято | 🗑️ 3754 мусор
2026-06-03 02:41:25,767 | INFO     |   → 237/915: ✅ 0 взято | 🗑️ 305 мусор
2026-06-03 02:41:25,767 | INFO     |   → 238/915: ✅ 0 взято | 🗑️ 0 мусор
2026-06-03 02:41:25,767 | INFO     |   → 239/915: ✅ 0 взято | 🗑️ 327 мусор
2026-06-03 02:41:25,767 | INFO     |   → 240/915: ✅ 0 взято | 🗑️ 2400 мусор
2026-06-03 02:41:25,768 | INFO     |   → 241/915: ✅ 0 взято | 🗑️ 559 мусор
2026-06-03 02:41:25,768 | INFO     |   → 242/915: ✅ 549 взято | 🗑️ 478 мусор
2026-06-03 02:41:25,768 | INFO     |   → 243/915: ✅ 0 взято | 🗑️ 98 мусор
2026-06-03 02:41:25,768 | INFO     |   → 244/915: ✅ 0 взято | 🗑️ 153 мусор
2026-06-03 02:41:25,768 | INFO     |   → 245/915: ✅ 201 взято | 🗑️ 101 мусор
2026-06-03 02:41:25,768 | INFO     |   → 246/915: ✅ 109 взято | 🗑️ 7 мусор
2026-06-03 02:41:25,768 | INFO     |   → 247/915: ✅ 8 взято | 🗑️ 356 мусор
2026-06-03 02:41:25,768 | INFO     |   → 248/915 ❌ HTTP 404 — https://raw.githubusercontent.com/Fido6/FreeNodes/57221e59caddde55ffdda21d491ae952cd608049/nodes/halekj.txt
2026-06-03 02:41:25,768 | INFO     |   → 249/915 ❌ HTTP 404 — https://raw.githubusercontent.com/Fido6/FreeNodes/57221e59caddde55ffdda21d491ae952cd608049/nodes/kkzui.txt
2026-06-03 02:41:25,768 | INFO     |   → 250/915 ❌ HTTP 404 — https://raw.githubusercontent.com/Fido6/FreeNodes/57221e59caddde55ffdda21d491ae952cd608049/nodes/wenode.txt
2026-06-03 02:41:25,768 | INFO     |   → 251/915: ✅ 34 взято | 🗑️ 389 мусор
2026-06-03 02:41:25,768 | INFO     |   → 252/915: ✅ 2 взято | 🗑️ 122 мусор
2026-06-03 02:41:25,768 | INFO     |   → 253/915: ✅ 147 взято | 🗑️ 1192 мусор
2026-06-03 02:41:25,768 | INFO     |   → 254/915: ✅ 122 взято | 🗑️ 886 мусор
2026-06-03 02:41:25,768 | INFO     |   → 255/915: ✅ 227 взято | 🗑️ 3905 мусор
2026-06-03 02:41:25,768 | INFO     |   → 256/915: ✅ 5 взято | 🗑️ 969 мусор
2026-06-03 02:41:25,768 | INFO     |   → 257/915: ✅ 0 взято | 🗑️ 0 мусор
2026-06-03 02:41:25,768 | INFO     |   → 258/915: ✅ 0 взято | 🗑️ 19 мусор
2026-06-03 02:41:25,768 | INFO     |   → 259/915: ✅ 14 взято | 🗑️ 250 мусор
2026-06-03 02:41:25,768 | INFO     |   → 260/915: ✅ 2 взято | 🗑️ 14 мусор
2026-06-03 02:41:25,768 | INFO     |   → 261/915: ✅ 15 взято | 🗑️ 0 мусор
2026-06-03 02:41:25,769 | INFO     |   → 262/915: ✅ 0 взято | 🗑️ 609 мусор
2026-06-03 02:41:25,769 | INFO     |   → 263/915: ✅ 18 взято | 🗑️ 63 мусор
2026-06-03 02:41:25,769 | INFO     |   → 264/915: ✅ 1 взято | 🗑️ 17 мусор
2026-06-03 02:41:25,769 | INFO     |   → 265/915: ✅ 4 взято | 🗑️ 11 мусор
2026-06-03 02:41:25,769 | INFO     |   → 266/915: ✅ 0 взято | 🗑️ 0 мусор
2026-06-03 02:41:25,769 | INFO     |   → 267/915: ✅ 0 взято | 🗑️ 137 мусор
2026-06-03 02:41:25,769 | INFO     |   → 268/915: ✅ 0 взято | 🗑️ 32 мусор
2026-06-03 02:41:25,769 | INFO     |   → 269/915: ✅ 2 взято | 🗑️ 19 мусор
2026-06-03 02:41:25,769 | INFO     |   → 270/915: ✅ 0 взято | 🗑️ 43 мусор
2026-06-03 02:41:25,769 | INFO     |   → 271/915: ✅ 0 взято | 🗑️ 43 мусор
2026-06-03 02:41:25,769 | INFO     |   → 272/915: ✅ 0 взято | 🗑️ 1 мусор
2026-06-03 02:41:25,769 | INFO     |   → 273/915: ✅ 0 взято | 🗑️ 1 мусор
2026-06-03 02:41:25,769 | INFO     |   → 274/915: ✅ 0 взято | 🗑️ 28 мусор
2026-06-03 02:41:25,769 | INFO     |   → 275/915: ✅ 14 взято | 🗑️ 282 мусор
2026-06-03 02:41:25,769 | INFO     |   → 276/915: ✅ 0 взято | 🗑️ 94 мусор
2026-06-03 02:41:25,769 | INFO     |   → 277/915: ✅ 0 взято | 🗑️ 0 мусор
2026-06-03 02:41:25,769 | INFO     |   → 278/915: ✅ 0 взято | 🗑️ 0 мусор
2026-06-03 02:41:25,769 | INFO     |   → 279/915: ✅ 386 взято | 🗑️ 87 мусор
2026-06-03 02:41:25,769 | INFO     |   → 280/915: ✅ 114 взято | 🗑️ 390 мусор
2026-06-03 02:41:25,769 | INFO     |   → 281/915: ✅ 60 взято | 🗑️ 361 мусор
2026-06-03 02:41:25,769 | INFO     |   → 282/915: ✅ 5939 взято | 🗑️ 46237 мусор
2026-06-03 02:41:25,769 | INFO     |   → 283/915: ✅ 0 взято | 🗑️ 35 мусор
2026-06-03 02:41:25,769 | INFO     |   → 284/915: ✅ 0 взято | 🗑️ 9698 мусор
2026-06-03 02:41:25,770 | INFO     |   → 285/915: ✅ 0 взято | 🗑️ 31035 мусор
2026-06-03 02:41:25,770 | INFO     |   → 286/915: ✅ 0 взято | 🗑️ 5 мусор
2026-06-03 02:41:25,770 | INFO     |   → 287/915: ✅ 0 взято | 🗑️ 4 мусор
2026-06-03 02:41:25,770 | INFO     |   → 288/915: ✅ 0 взято | 🗑️ 51 мусор
2026-06-03 02:41:25,770 | INFO     |   → 289/915: ✅ 0 взято | 🗑️ 8 мусор
2026-06-03 02:41:25,770 | INFO     |   → 290/915 ❌ HTTP 404 — https://raw.githubusercontent.com/Kwinshadow/TelegramV2rayCollector/raw/refs/heads/main/sublinks/mix.txt
2026-06-03 02:41:25,770 | INFO     |   → 291/915: ✅ 6 взято | 🗑️ 850 мусор
2026-06-03 02:41:25,770 | INFO     |   → 292/915 ❌ HTTP 404 — https://raw.githubusercontent.com/LalatinaHub/Mineral/raw/refs/heads/master/result/nodes
2026-06-03 02:41:25,770 | INFO     |   → 293/915: ✅ 4 взято | 🗑️ 137 мусор
2026-06-03 02:41:25,770 | INFO     |   → 294/915 ❌ HTTP 404 — https://raw.githubusercontent.com/Leon406/SubCrawler/main/sub/share/all3
2026-06-03 02:41:25,770 | INFO     |   → 295/915 ❌ HTTP 404 — https://raw.githubusercontent.com/Leon406/SubCrawler/main/sub/share/all4
2026-06-03 02:41:25,770 | INFO     |   → 296/915: ✅ 4 взято | 🗑️ 335 мусор
2026-06-03 02:41:25,770 | INFO     |   → 297/915: ✅ 366 взято | 🗑️ 19922 мусор
2026-06-03 02:41:25,770 | INFO     |   → 298/915: ✅ 0 взято | 🗑️ 33 мусор
2026-06-03 02:41:25,770 | INFO     |   → 299/915: ✅ 0 взято | 🗑️ 6 мусор
2026-06-03 02:41:25,770 | INFO     |   → 300/915: ✅ 462 взято | 🗑️ 38 мусор
2026-06-03 02:41:25,770 | INFO     |   → 301/915: ✅ 0 взято | 🗑️ 147 мусор
2026-06-03 02:41:25,770 | INFO     |   → 302/915 ❌ HTTP 404 — https://raw.githubusercontent.com/M-Mashreghi/free-config-collector/main/Splitted-By-Protocol/ssr.txt
2026-06-03 02:41:25,770 | INFO     |   → 303/915: ✅ 139 взято | 🗑️ 114 мусор
2026-06-03 02:41:25,770 | INFO     |   → 304/915: ✅ 126 взято | 🗑️ 137 мусор
2026-06-03 02:41:25,770 | INFO     |   → 305/915: ✅ 0 взято | 🗑️ 12 мусор
2026-06-03 02:41:25,770 | INFO     |   → 306/915: ✅ 0 взято | 🗑️ 1 мусор
2026-06-03 02:41:25,771 | INFO     |   → 307/915: ✅ 65 взято | 🗑️ 280 мусор
2026-06-03 02:41:25,771 | INFO     |   → 308/915: ✅ 0 взято | 🗑️ 280 мусор
2026-06-03 02:41:25,771 | INFO     |   → 309/915: ✅ 0 взято | 🗑️ 47 мусор
2026-06-03 02:41:25,771 | INFO     |   → 310/915 ❌ HTTP 404 — https://raw.githubusercontent.com/MatinGhanbari/v2ray-configs/main/subscriptions/filtered/subs/hy2.txt
2026-06-03 02:41:25,771 | INFO     |   → 311/915: ✅ 26 взято | 🗑️ 1539 мусор
2026-06-03 02:41:25,771 | INFO     |   → 312/915 ❌ HTTP 404 — https://raw.githubusercontent.com/MatinGhanbari/v2ray-configs/main/subscriptions/filtered/subs/ssr.txt
2026-06-03 02:41:25,771 | INFO     |   → 313/915: ✅ 71 взято | 🗑️ 541 мусор
2026-06-03 02:41:25,771 | INFO     |   → 314/915 ❌ HTTP 404 — https://raw.githubusercontent.com/MatinGhanbari/v2ray-configs/main/subscriptions/filtered/subs/tuic.txt
2026-06-03 02:41:25,771 | INFO     |   → 315/915: ✅ 4 взято | 🗑️ 57 мусор
2026-06-03 02:41:25,771 | INFO     |   → 316/915: ✅ 271 взято | 🗑️ 1440 мусор
2026-06-03 02:41:25,771 | INFO     |   → 317/915: ✅ 139 взято | 🗑️ 3590 мусор
2026-06-03 02:41:25,771 | INFO     |   → 318/915: ✅ 24 взято | 🗑️ 170 мусор
2026-06-03 02:41:25,771 | INFO     |   → 319/915: ✅ 0 взято | 🗑️ 2 мусор
2026-06-03 02:41:25,771 | INFO     |   → 320/915: ✅ 67 взято | 🗑️ 975 мусор
2026-06-03 02:41:25,771 | INFO     |   → 321/915: ✅ 0 взято | 🗑️ 494 мусор
2026-06-03 02:41:25,771 | INFO     |   → 322/915: ✅ 0 взято | 🗑️ 494 мусор
2026-06-03 02:41:25,771 | INFO     |   → 323/915: ✅ 0 взято | 🗑️ 36 мусор
2026-06-03 02:41:25,771 | INFO     |   → 324/915: ✅ 0 взято | 🗑️ 2 мусор
2026-06-03 02:41:25,771 | INFO     |   → 325/915: ✅ 0 взято | 🗑️ 372 мусор
2026-06-03 02:41:25,771 | INFO     |   → 326/915: ✅ 0 взято | 🗑️ 79 мусор
2026-06-03 02:41:25,771 | INFO     |   → 327/915 ❌ HTTP 404 — https://raw.githubusercontent.com/MhdiTaheri/V2rayCollector/raw/refs/heads/main/sub/mix
2026-06-03 02:41:25,771 | INFO     |   → 328/915: ✅ 53 взято | 🗑️ 267 мусор
2026-06-03 02:41:25,771 | INFO     |   → 329/915 ❌ HTTP 404 — https://raw.githubusercontent.com/MhdiTaheri/V2rayCollector_Py/raw/refs/heads/main/sub/Mix/mix.txt
2026-06-03 02:41:25,772 | INFO     |   → 330/915: ✅ 0 взято | 🗑️ 0 мусор
2026-06-03 02:41:25,772 | INFO     |   → 331/915: ✅ 43 взято | 🗑️ 217 мусор
2026-06-03 02:41:25,772 | INFO     |   → 332/915: ✅ 0 взято | 🗑️ 31 мусор
2026-06-03 02:41:25,772 | INFO     |   → 333/915: ✅ 92 взято | 🗑️ 282 мусор
2026-06-03 02:41:25,772 | INFO     |   → 334/915: ✅ 0 взято | 🗑️ 26 мусор
2026-06-03 02:41:25,772 | INFO     |   → 335/915: ✅ 1 взято | 🗑️ 6 мусор
2026-06-03 02:41:25,772 | INFO     |   → 336/915 ❌ HTTP 404 — https://raw.githubusercontent.com/MrMohebi/xray-proxy-grabber-telegram/master/collected-proxies/clash-meta/all.yaml
2026-06-03 02:41:25,772 | INFO     |   → 337/915 ❌ HTTP 404 — https://raw.githubusercontent.com/MrMohebi/xray-proxy-grabber-telegram/master/collected-proxies/row-url/actives.txt
2026-06-03 02:41:25,772 | INFO     |   → 338/915 ❌ HTTP 404 — https://raw.githubusercontent.com/MrMohebi/xray-proxy-grabber-telegram/master/collected-proxies/row-url/all.txt
2026-06-03 02:41:25,772 | INFO     |   → 339/915: ✅ 0 взято | 🗑️ 13 мусор
2026-06-03 02:41:25,772 | INFO     |   → 340/915: ✅ 0 взято | 🗑️ 13 мусор
2026-06-03 02:41:25,772 | INFO     |   → 341/915: ✅ 5 взято | 🗑️ 15 мусор
2026-06-03 02:41:25,772 | INFO     |   → 342/915: ✅ 0 взято | 🗑️ 30 мусор
2026-06-03 02:41:25,772 | INFO     |   → 343/915: ✅ 0 взято | 🗑️ 15 мусор
2026-06-03 02:41:25,772 | INFO     |   → 344/915: ✅ 66 взято | 🗑️ 123 мусор
2026-06-03 02:41:25,772 | INFO     |   → 345/915: ✅ 175 взято | 🗑️ 582 мусор
2026-06-03 02:41:25,772 | INFO     |   → 346/915: ✅ 2 взято | 🗑️ 13 мусор
2026-06-03 02:41:25,772 | INFO     |   → 347/915: ✅ 0 взято | 🗑️ 0 мусор
2026-06-03 02:41:25,772 | INFO     |   → 348/915 ❌ HTTP 404 — https://raw.githubusercontent.com/OpenCNLink/freevpn/3cfcff048bfdd1493ccffa52ecf30ce7f9fc6b28/src/list/vmess.txt
2026-06-03 02:41:25,772 | INFO     |   → 349/915: ✅ 2 взято | 🗑️ 11 мусор
2026-06-03 02:41:25,772 | INFO     |   → 350/915: ✅ 0 взято | 🗑️ 11 мусор
2026-06-03 02:41:25,772 | INFO     |   → 351/915: ✅ 0 взято | 🗑️ 0 мусор
2026-06-03 02:41:25,772 | INFO     |   → 352/915: ✅ 0 взято | 🗑️ 0 мусор
2026-06-03 02:41:25,773 | INFO     |   → 353/915: ✅ 0 взято | 🗑️ 0 мусор
2026-06-03 02:41:25,773 | INFO     |   → 354/915: ✅ 0 взято | 🗑️ 0 мусор
2026-06-03 02:41:25,773 | INFO     |   → 355/915: ✅ 0 взято | 🗑️ 0 мусор
2026-06-03 02:41:25,773 | INFO     |   → 356/915: ✅ 0 взято | 🗑️ 0 мусор
2026-06-03 02:41:25,773 | INFO     |   → 357/915: ✅ 46 взято | 🗑️ 111 мусор
2026-06-03 02:41:25,773 | INFO     |   → 358/915 ❌ HTTP 404 — https://raw.githubusercontent.com/RKPchannel/RKP_bypass_configs/main/configs
2026-06-03 02:41:25,773 | INFO     |   → 359/915: ✅ 0 взято | 🗑️ 35 мусор
2026-06-03 02:41:25,773 | INFO     |   → 360/915: ✅ 0 взято | 🗑️ 0 мусор
2026-06-03 02:41:25,773 | INFO     |   → 361/915: ✅ 0 взято | 🗑️ 50 мусор
2026-06-03 02:41:25,773 | INFO     |   → 362/915: ✅ 0 взято | 🗑️ 0 мусор
2026-06-03 02:41:25,773 | INFO     |   → 363/915: ✅ 0 взято | 🗑️ 0 мусор
2026-06-03 02:41:25,773 | INFO     |   → 364/915: ✅ 5 взято | 🗑️ 206 мусор
2026-06-03 02:41:25,773 | INFO     |   → 365/915: ✅ 21 взято | 🗑️ 138 мусор
2026-06-03 02:41:25,773 | INFO     |   → 366/915: ✅ 23 взято | 🗑️ 89 мусор
2026-06-03 02:41:25,773 | INFO     |   → 367/915: ✅ 9 взято | 🗑️ 85 мусор
2026-06-03 02:41:25,773 | INFO     |   → 368/915: ✅ 0 взято | 🗑️ 129 мусор
2026-06-03 02:41:25,773 | INFO     |   → 369/915: ✅ 0 взято | 🗑️ 81 мусор
2026-06-03 02:41:25,773 | INFO     |   → 370/915 ❌ HTTP 404 — https://raw.githubusercontent.com/STR97/STRUGOV/main/BYPASS
2026-06-03 02:41:25,773 | INFO     |   → 371/915 ❌ HTTP 404 — https://raw.githubusercontent.com/STR97/STRUGOV/main/CUSTOM
2026-06-03 02:41:25,774 | INFO     |   → 372/915 ❌ HTTP 404 — https://raw.githubusercontent.com/STR97/STRUGOV/main/STR
2026-06-03 02:41:25,774 | INFO     |   → 373/915 ❌ HTTP 404 — https://raw.githubusercontent.com/STR97/STRUGOV/main/STR.BYPASS
2026-06-03 02:41:25,774 | INFO     |   → 374/915 ❌ HTTP 404 — https://raw.githubusercontent.com/STR97/STRUGOV/main/Vless
2026-06-03 02:41:25,774 | INFO     |   → 375/915 ❌ HTTP 404 — https://raw.githubusercontent.com/STR97/STRUGOV/refs/heads/main/STR.BYPASS
2026-06-03 02:41:25,774 | INFO     |   → 376/915: ✅ 4 взято | 🗑️ 34 мусор
2026-06-03 02:41:25,774 | INFO     |   → 377/915: ✅ 11 взято | 🗑️ 16 мусор
2026-06-03 02:41:25,774 | INFO     |   → 378/915: ✅ 0 взято | 🗑️ 16 мусор
2026-06-03 02:41:25,774 | INFO     |   → 379/915: ✅ 0 взято | 🗑️ 27 мусор
2026-06-03 02:41:25,774 | INFO     |   → 380/915: ✅ 140 взято | 🗑️ 1153 мусор
2026-06-03 02:41:25,774 | INFO     |   → 381/915: ✅ 100 взято | 🗑️ 2127 мусор
2026-06-03 02:41:25,774 | INFO     |   → 382/915: ✅ 15 взято | 🗑️ 1021 мусор
2026-06-03 02:41:25,774 | INFO     |   → 383/915: ✅ 156 взято | 🗑️ 2934 мусор
2026-06-03 02:41:25,774 | INFO     |   → 384/915: ✅ 210 взято | 🗑️ 562 мусор
2026-06-03 02:41:25,774 | INFO     |   → 385/915: ✅ 49 взято | 🗑️ 4618 мусор
2026-06-03 02:41:25,774 | INFO     |   → 386/915: ✅ 76 взято | 🗑️ 362 мусор
2026-06-03 02:41:25,774 | INFO     |   → 387/915: ✅ 29 взято | 🗑️ 54 мусор
2026-06-03 02:41:25,774 | INFO     |   → 388/915: ✅ 0 взято | 🗑️ 0 мусор
2026-06-03 02:41:25,774 | INFO     |   → 389/915: ✅ 0 взято | 🗑️ 0 мусор
2026-06-03 02:41:25,774 | INFO     |   → 390/915: ✅ 0 взято | 🗑️ 2460 мусор
2026-06-03 02:41:25,774 | INFO     |   → 391/915: ✅ 0 взято | 🗑️ 0 мусор
2026-06-03 02:41:25,775 | INFO     |   → 392/915: ✅ 0 взято | 🗑️ 0 мусор
2026-06-03 02:41:25,775 | INFO     |   → 393/915: ✅ 0 взято | 🗑️ 88 мусор
2026-06-03 02:41:25,775 | INFO     |   → 394/915: ✅ 0 взято | 🗑️ 143 мусор
2026-06-03 02:41:25,775 | INFO     |   → 395/915: ✅ 0 взято | 🗑️ 1940 мусор
2026-06-03 02:41:25,775 | INFO     |   → 396/915: ✅ 0 взято | 🗑️ 111 мусор
2026-06-03 02:41:25,775 | INFO     |   → 397/915: ✅ 0 взято | 🗑️ 0 мусор
2026-06-03 02:41:25,775 | INFO     |   → 398/915: ✅ 0 взято | 🗑️ 88 мусор
2026-06-03 02:41:25,775 | INFO     |   → 399/915 ❌ HTTP 404 — https://raw.githubusercontent.com/Syavar/V2ray-Configs/main/OK_TLS_activision.com.txt
2026-06-03 02:41:25,775 | INFO     |   → 400/915: ✅ 3 взято | 🗑️ 1 мусор
2026-06-03 02:41:25,775 | INFO     |   → 401/915: ✅ 3 взято | 🗑️ 1 мусор
2026-06-03 02:41:25,775 | INFO     |   → 402/915: ✅ 3 взято | 🗑️ 1 мусор
2026-06-03 02:41:25,775 | INFO     |   → 403/915: ✅ 3 взято | 🗑️ 1 мусор
2026-06-03 02:41:25,775 | INFO     |   → 404/915 ❌ HTTP 404 — https://raw.githubusercontent.com/Syavar/V2ray-Configs/main/OK_TLS_viber.com.txt
2026-06-03 02:41:25,775 | INFO     |   → 405/915: ✅ 3 взято | 🗑️ 1 мусор
2026-06-03 02:41:25,775 | INFO     |   → 406/915: ✅ 3 взято | 🗑️ 1 мусор
2026-06-03 02:41:25,775 | INFO     |   → 407/915 ❌ HTTP 404 — https://raw.githubusercontent.com/Syavar/V2ray-Configs/main/OK_activision.com.txt
2026-06-03 02:41:25,775 | INFO     |   → 408/915 ❌ HTTP 404 — https://raw.githubusercontent.com/Syavar/V2ray-Configs/main/OK_css.rbxcdn.com.txt
2026-06-03 02:41:25,775 | INFO     |   → 409/915 ❌ HTTP 404 — https://raw.githubusercontent.com/Syavar/V2ray-Configs/main/OK_google.com.txt
2026-06-03 02:41:25,775 | INFO     |   → 410/915 ❌ HTTP 404 — https://raw.githubusercontent.com/Syavar/V2ray-Configs/main/OK_speedtest.tinkoff.ru.txt
2026-06-03 02:41:25,775 | INFO     |   → 411/915 ❌ HTTP 404 — https://raw.githubusercontent.com/Syavar/V2ray-Configs/main/OK_telegram.org.txt
2026-06-03 02:41:25,776 | INFO     |   → 412/915 ❌ HTTP 404 — https://raw.githubusercontent.com/Syavar/V2ray-Configs/main/OK_viber.com.txt
2026-06-03 02:41:25,776 | INFO     |   → 413/915 ❌ HTTP 404 — https://raw.githubusercontent.com/Syavar/V2ray-Configs/main/OK_vk.com.txt
2026-06-03 02:41:25,776 | INFO     |   → 414/915 ❌ HTTP 404 — https://raw.githubusercontent.com/Syavar/V2ray-Configs/main/OK_whatsapp.com.txt
2026-06-03 02:41:25,776 | INFO     |   → 415/915: ✅ 303 взято | 🗑️ 736 мусор
2026-06-03 02:41:25,776 | INFO     |   → 416/915: ✅ 4 взято | 🗑️ 291 мусор
2026-06-03 02:41:25,776 | INFO     |   → 417/915: ✅ 0 взято | 🗑️ 119 мусор
2026-06-03 02:41:25,776 | INFO     |   → 418/915: ✅ 0 взято | 🗑️ 0 мусор
2026-06-03 02:41:25,776 | INFO     |   → 419/915 ❌ HTTP 404 — https://raw.githubusercontent.com/V2RAYCONFIGSPOOL/V2RAY_SUB/main/V2RAY_SUB.txt
2026-06-03 02:41:25,776 | INFO     |   → 420/915: ✅ 7 взято | 🗑️ 13 мусор
2026-06-03 02:41:25,776 | INFO     |   → 421/915: ✅ 9 взято | 🗑️ 10 мусор
2026-06-03 02:41:25,776 | INFO     |   → 422/915: ✅ 11 взято | 🗑️ 8 мусор
2026-06-03 02:41:25,776 | INFO     |   → 423/915: ✅ 9 взято | 🗑️ 6 мусор
2026-06-03 02:41:25,776 | INFO     |   → 424/915: ✅ 7 взято | 🗑️ 13 мусор
2026-06-03 02:41:25,776 | INFO     |   → 425/915: ✅ 6 взято | 🗑️ 11 мусор
2026-06-03 02:41:25,776 | INFO     |   → 426/915: ✅ 7 взято | 🗑️ 11 мусор
2026-06-03 02:41:25,776 | INFO     |   → 427/915: ✅ 3 взято | 🗑️ 13 мусор
2026-06-03 02:41:25,776 | INFO     |   → 428/915: ✅ 8 взято | 🗑️ 12 мусор
2026-06-03 02:41:25,776 | INFO     |   → 429/915: ✅ 3 взято | 🗑️ 10 мусор
2026-06-03 02:41:25,776 | INFO     |   → 430/915: ✅ 48 взято | 🗑️ 81 мусор
2026-06-03 02:41:25,776 | INFO     |   → 431/915: ✅ 0 взято | 🗑️ 5 мусор
2026-06-03 02:41:25,777 | INFO     |   → 432/915: ✅ 0 взято | 🗑️ 0 мусор
2026-06-03 02:41:25,777 | INFO     |   → 433/915: ✅ 16 взято | 🗑️ 17 мусор
2026-06-03 02:41:25,777 | INFO     |   → 434/915: ✅ 0 взято | 🗑️ 0 мусор
2026-06-03 02:41:25,777 | INFO     |   → 435/915: ✅ 0 взято | 🗑️ 17 мусор
2026-06-03 02:41:25,777 | INFO     |   → 436/915: ✅ 58 взято | 🗑️ 348 мусор
2026-06-03 02:41:25,777 | INFO     |   → 437/915: ✅ 0 взято | 🗑️ 231 мусор
2026-06-03 02:41:25,777 | INFO     |   → 438/915: ✅ 0 взято | 🗑️ 0 мусор
2026-06-03 02:41:25,777 | INFO     |   → 439/915: ✅ 0 взято | 🗑️ 19 мусор
2026-06-03 02:41:25,777 | INFO     |   → 440/915: ✅ 123 взято | 🗑️ 432 мусор
2026-06-03 02:41:25,777 | INFO     |   → 441/915: ✅ 0 взято | 🗑️ 83 мусор
2026-06-03 02:41:25,777 | INFO     |   → 442/915: ✅ 0 взято | 🗑️ 16 мусор
2026-06-03 02:41:25,777 | INFO     |   → 443/915: ✅ 0 взято | 🗑️ 16 мусор
2026-06-03 02:41:25,777 | INFO     |   → 444/915 ❌ HTTP 404 — https://raw.githubusercontent.com/aiboboxx/clashfree/main/clash.yml
2026-06-03 02:41:25,777 | INFO     |   → 445/915 ❌ HTTP 404 — https://raw.githubusercontent.com/aiboboxx/clashfree/refs/heads/main/clash.yml
2026-06-03 02:41:25,777 | INFO     |   → 446/915 ❌ HTTP 404 — https://raw.githubusercontent.com/aiboboxx/v2rayfree/main/v2
2026-06-03 02:41:25,777 | INFO     |   → 447/915 ❌ HTTP 404 — https://raw.githubusercontent.com/amirmohammad-mohammad-88/Sub-Reality-Azadi-config/Config/Azadi-Reality-Different
2026-06-03 02:41:25,777 | INFO     |   → 448/915 ❌ HTTP 404 — https://raw.githubusercontent.com/amirmohammad-mohammad-88/Sub-Reality-Azadi-config/Config/Azadi-Reality-Different-Base64
2026-06-03 02:41:25,777 | INFO     |   → 449/915: ✅ 1 взято | 🗑️ 17 мусор
2026-06-03 02:41:25,777 | INFO     |   → 450/915: ✅ 0 взято | 🗑️ 0 мусор
2026-06-03 02:41:25,777 | INFO     |   → 451/915: ✅ 0 взято | 🗑️ 0 мусор
2026-06-03 02:41:25,778 | INFO     |   → 452/915: ✅ 4 взято | 🗑️ 114 мусор
2026-06-03 02:41:25,778 | INFO     |   → 453/915: ✅ 21 взято | 🗑️ 51 мусор
2026-06-03 02:41:25,778 | INFO     |   → 454/915: ✅ 0 взято | 🗑️ 246 мусор
2026-06-03 02:41:25,778 | INFO     |   → 455/915: ✅ 0 взято | 🗑️ 157 мусор
2026-06-03 02:41:25,778 | INFO     |   → 456/915: ✅ 23 взято | 🗑️ 69 мусор
2026-06-03 02:41:25,778 | INFO     |   → 457/915 ❌ HTTP 404 — https://raw.githubusercontent.com/awesome-vpn/awesome-vpn/master/ss
2026-06-03 02:41:25,778 | INFO     |   → 458/915 ❌ HTTP 404 — https://raw.githubusercontent.com/awesome-vpn/awesome-vpn/master/ssr
2026-06-03 02:41:25,778 | INFO     |   → 459/915: ✅ 0 взято | 🗑️ 0 мусор
2026-06-03 02:41:25,778 | INFO     |   → 460/915: ✅ 0 взято | 🗑️ 22 мусор
2026-06-03 02:41:25,778 | INFO     |   → 461/915: ✅ 0 взято | 🗑️ 3143 мусор
2026-06-03 02:41:25,778 | INFO     |   → 462/915: ✅ 0 взято | 🗑️ 276 мусор
2026-06-03 02:41:25,778 | INFO     |   → 463/915: ✅ 0 взято | 🗑️ 2329 мусор
2026-06-03 02:41:25,778 | INFO     |   → 464/915: ✅ 0 взято | 🗑️ 191 мусор
2026-06-03 02:41:25,778 | INFO     |   → 465/915 ❌ HTTP 404 — https://raw.githubusercontent.com/barry-far/V2ray-Configs/ced94ddfff48276ec365b40227561f36b1b64bc8/Sub5.txt
2026-06-03 02:41:25,778 | INFO     |   → 466/915 ❌ HTTP 404 — https://raw.githubusercontent.com/barry-far/V2ray-Configs/main/Splitted-By-Protocol/hysteria2.txt
2026-06-03 02:41:25,778 | INFO     |   → 467/915 ❌ HTTP 404 — https://raw.githubusercontent.com/barry-far/V2ray-Configs/main/Splitted-By-Protocol/vless.txt
2026-06-03 02:41:25,778 | INFO     |   → 468/915 ❌ HTTP 404 — https://raw.githubusercontent.com/barry-far/V2ray-Configs/main/Sub1.txt
2026-06-03 02:41:25,778 | INFO     |   → 469/915 ❌ HTTP 404 — https://raw.githubusercontent.com/barry-far/V2ray-Configs/refs/heads/main/All_Configs_Sub.txt
2026-06-03 02:41:25,778 | INFO     |   → 470/915: ✅ 0 взято | 🗑️ 276 мусор
2026-06-03 02:41:25,778 | INFO     |   → 471/915: ✅ 0 взято | 🗑️ 2329 мусор
2026-06-03 02:41:25,779 | INFO     |   → 472/915: ✅ 0 взято | 🗑️ 191 мусор
2026-06-03 02:41:25,779 | INFO     |   → 473/915: ✅ 0 взято | 🗑️ 0 мусор
2026-06-03 02:41:25,779 | INFO     |   → 474/915 ❌ HTTP 404 — https://raw.githubusercontent.com/budamu/clashconfig/main/v2ray.txt
2026-06-03 02:41:25,779 | INFO     |   → 475/915 ❌ HTTP 404 — https://raw.githubusercontent.com/budamu/clashconfig/main/v2ray2.txt
2026-06-03 02:41:25,779 | INFO     |   → 476/915 ❌ HTTP 404 — https://raw.githubusercontent.com/bywarm/whitelists-vpns-etc/main/whitelists1-4pda.txt
2026-06-03 02:41:25,779 | INFO     |   → 477/915: ✅ 7 взято | 🗑️ 86 мусор
2026-06-03 02:41:25,779 | INFO     |   → 478/915: ✅ 0 взято | 🗑️ 0 мусор
2026-06-03 02:41:25,779 | INFO     |   → 479/915: ✅ 0 взято | 🗑️ 86 мусор
2026-06-03 02:41:25,779 | INFO     |   → 480/915: ✅ 0 взято | 🗑️ 0 мусор
2026-06-03 02:41:25,779 | INFO     |   → 481/915: ✅ 0 взято | 🗑️ 442 мусор
2026-06-03 02:41:25,779 | INFO     |   → 482/915: ✅ 0 взято | 🗑️ 0 мусор
2026-06-03 02:41:25,779 | INFO     |   → 483/915 ❌ HTTP 404 — https://raw.githubusercontent.com/chxxyz2004/zd/17fca23b73c46b5dd73e9be49b14d219b5e5f836/sub/2401/240110.txt
2026-06-03 02:41:25,779 | INFO     |   → 484/915: ✅ 0 взято | 🗑️ 44 мусор
2026-06-03 02:41:25,779 | INFO     |   → 485/915: ✅ 356 взято | 🗑️ 5284 мусор
2026-06-03 02:41:25,779 | INFO     |   → 486/915: ✅ 236 взято | 🗑️ 517 мусор
2026-06-03 02:41:25,779 | INFO     |   → 487/915 ❌ HTTP 404 — https://raw.githubusercontent.com/cxr9912/cxr2022/main/free.yaml
2026-06-03 02:41:25,779 | INFO     |   → 488/915 ❌ HTTP 404 — https://raw.githubusercontent.com/cxr9912/cxr2022/main/mix.yaml
2026-06-03 02:41:25,779 | INFO     |   → 489/915 ❌ HTTP 404 — https://raw.githubusercontent.com/cxr9912/cxr2022/main/ss.yaml
2026-06-03 02:41:25,779 | INFO     |   → 490/915 ❌ HTTP 404 — https://raw.githubusercontent.com/cxr9912/cxr2022/main/ssr.yaml
2026-06-03 02:41:25,779 | INFO     |   → 491/915 ❌ HTTP 404 — https://raw.githubusercontent.com/cxr9912/cxr2022/main/vmess.yaml
2026-06-03 02:41:25,779 | INFO     |   → 492/915 ❌ HTTP 404 — https://raw.githubusercontent.com/cxr9912/cxr2022/refs/heads/main/18cj.json
2026-06-03 02:41:25,780 | INFO     |   → 493/915 ❌ HTTP 404 — https://raw.githubusercontent.com/cxr9912/cxr2022/refs/heads/main/aaaaaaaa.yaml
2026-06-03 02:41:25,780 | INFO     |   → 494/915 ❌ HTTP 404 — https://raw.githubusercontent.com/cxr9912/cxr2022/refs/heads/main/free.yaml
2026-06-03 02:41:25,780 | INFO     |   → 495/915 ❌ HTTP 404 — https://raw.githubusercontent.com/cxr9912/cxr2022/refs/heads/main/ss2088.txt
2026-06-03 02:41:25,780 | INFO     |   → 496/915: ✅ 0 взято | 🗑️ 18 мусор
2026-06-03 02:41:25,780 | INFO     |   → 497/915: ✅ 0 взято | 🗑️ 18 мусор
2026-06-03 02:41:25,780 | INFO     |   → 498/915: ✅ 6 взято | 🗑️ 78 мусор
2026-06-03 02:41:25,780 | INFO     |   → 499/915: ✅ 6 взято | 🗑️ 4 мусор
2026-06-03 02:41:25,780 | INFO     |   → 500/915: ✅ 0 взято | 🗑️ 2 мусор
2026-06-03 02:41:25,780 | INFO     |   → 501/915: ✅ 0 взято | 🗑️ 2 мусор
2026-06-03 02:41:25,780 | INFO     |   → 502/915: ✅ 0 взято | 🗑️ 2 мусор
2026-06-03 02:41:25,780 | INFO     |   → 503/915: ✅ 0 взято | 🗑️ 3 мусор
2026-06-03 02:41:25,780 | INFO     |   → 504/915: ✅ 0 взято | 🗑️ 2 мусор
2026-06-03 02:41:25,780 | INFO     |   → 505/915: ✅ 0 взято | 🗑️ 9 мусор
2026-06-03 02:41:25,780 | INFO     |   → 506/915: ✅ 1 взято | 🗑️ 1 мусор
2026-06-03 02:41:25,780 | INFO     |   → 507/915: ✅ 0 взято | 🗑️ 10 мусор
2026-06-03 02:41:25,780 | INFO     |   → 508/915: ✅ 0 взято | 🗑️ 2 мусор
2026-06-03 02:41:25,780 | INFO     |   → 509/915: ✅ 0 взято | 🗑️ 0 мусор
2026-06-03 02:41:25,780 | INFO     |   → 510/915: ✅ 0 взято | 🗑️ 0 мусор
2026-06-03 02:41:25,780 | INFO     |   → 511/915: ✅ 6338 взято | 🗑️ 126106 мусор
2026-06-03 02:41:25,781 | INFO     |   → 512/915: ✅ 6 взято | 🗑️ 135 мусор
2026-06-03 02:41:25,781 | INFO     |   → 513/915: ✅ 6779 взято | 🗑️ 136292 мусор
2026-06-03 02:41:25,781 | INFO     |   → 514/915: ✅ 4786 взято | 🗑️ 90438 мусор
2026-06-03 02:41:25,781 | INFO     |   → 515/915: ✅ 85 взято | 🗑️ 6001 мусор
2026-06-03 02:41:25,781 | INFO     |   → 516/915: ✅ 0 взято | 🗑️ 126106 мусор
2026-06-03 02:41:25,781 | INFO     |   → 517/915: ✅ 0 взято | 🗑️ 135 мусор
2026-06-03 02:41:25,781 | INFO     |   → 518/915: ✅ 6 взято | 🗑️ 113 мусор
2026-06-03 02:41:25,781 | INFO     |   → 519/915: ✅ 0 взято | 🗑️ 0 мусор
2026-06-03 02:41:25,781 | INFO     |   → 520/915: ✅ 1 взято | 🗑️ 25 мусор
2026-06-03 02:41:25,781 | INFO     |   → 521/915: ✅ 0 взято | 🗑️ 0 мусор
2026-06-03 02:41:25,781 | INFO     |   → 522/915: ✅ 13 взято | 🗑️ 19 мусор
2026-06-03 02:41:25,781 | INFO     |   → 523/915: ✅ 0 взято | 🗑️ 5 мусор
2026-06-03 02:41:25,781 | INFO     |   → 524/915: ✅ 2 взято | 🗑️ 80 мусор
2026-06-03 02:41:25,781 | INFO     |   → 525/915: ✅ 0 взято | 🗑️ 0 мусор
2026-06-03 02:41:25,781 | INFO     |   → 526/915: ✅ 5 взято | 🗑️ 169 мусор
2026-06-03 02:41:25,781 | INFO     |   → 527/915: ✅ 34 взято | 🗑️ 121 мусор
2026-06-03 02:41:25,781 | INFO     |   → 528/915: ✅ 4 взято | 🗑️ 97 мусор
2026-06-03 02:41:25,781 | INFO     |   → 529/915 ❌ HTTP 404 — https://raw.githubusercontent.com/free18/v2ray/main/Clash.yaml
2026-06-03 02:41:25,781 | INFO     |   → 530/915: ✅ 0 взято | 🗑️ 0 мусор
2026-06-03 02:41:25,781 | INFO     |   → 531/915: ✅ 57 взято | 🗑️ 146 мусор
2026-06-03 02:41:25,782 | INFO     |   → 532/915: ✅ 0 взято | 🗑️ 0 мусор
2026-06-03 02:41:25,782 | INFO     |   → 533/915: ✅ 0 взято | 🗑️ 15 мусор
2026-06-03 02:41:25,782 | INFO     |   → 534/915: ✅ 0 взято | 🗑️ 0 мусор
2026-06-03 02:41:25,782 | INFO     |   → 535/915: ✅ 0 взято | 🗑️ 8 мусор
2026-06-03 02:41:25,782 | INFO     |   → 536/915: ✅ 0 взято | 🗑️ 8 мусор
2026-06-03 02:41:25,782 | INFO     |   → 537/915: ✅ 0 взято | 🗑️ 8 мусор
2026-06-03 02:41:25,782 | INFO     |   → 538/915: ✅ 0 взято | 🗑️ 8 мусор
2026-06-03 02:41:25,782 | INFO     |   → 539/915 ❌ HTTP 404 — https://raw.githubusercontent.com/freev2rayconfig/V2RAY_SUB/3e6a7786a1601ee3723e8d043ae79e70dbdfd9a8/v2rayconfigs.txt
2026-06-03 02:41:25,782 | INFO     |   → 540/915 ❌ HTTP 404 — https://raw.githubusercontent.com/freev2rayconfig/V2RAY_SUBSCRIPTION_LINK/main/v2rayconfigs.txt
2026-06-03 02:41:25,782 | INFO     |   → 541/915: ✅ 0 взято | 🗑️ 5 мусор
2026-06-03 02:41:25,782 | INFO     |   → 542/915 ❌ HTTP 404 — https://raw.githubusercontent.com/gfpcom/free-proxy-list/main/list/http.txt
2026-06-03 02:41:25,782 | INFO     |   → 543/915 ❌ HTTP 404 — https://raw.githubusercontent.com/gfpcom/free-proxy-list/main/list/https.txt
2026-06-03 02:41:25,782 | INFO     |   → 544/915 ❌ HTTP 404 — https://raw.githubusercontent.com/gfpcom/free-proxy-list/main/list/socks4.txt
2026-06-03 02:41:25,782 | INFO     |   → 545/915 ❌ HTTP 404 — https://raw.githubusercontent.com/gfpcom/free-proxy-list/main/list/socks4a.txt
2026-06-03 02:41:25,782 | INFO     |   → 546/915 ❌ HTTP 404 — https://raw.githubusercontent.com/gfpcom/free-proxy-list/main/list/socks5.txt
2026-06-03 02:41:25,782 | INFO     |   → 547/915 ❌ HTTP 404 — https://raw.githubusercontent.com/gfpcom/free-proxy-list/main/list/socks5h.txt
2026-06-03 02:41:25,782 | INFO     |   → 548/915 ❌ HTTP 404 — https://raw.githubusercontent.com/gfpcom/free-proxy-list/main/list/ss.txt
2026-06-03 02:41:25,782 | INFO     |   → 549/915 ❌ HTTP 404 — https://raw.githubusercontent.com/gfpcom/free-proxy-list/main/list/ssr.txt
2026-06-03 02:41:25,782 | INFO     |   → 550/915 ❌ HTTP 404 — https://raw.githubusercontent.com/gfpcom/free-proxy-list/main/list/trojan.txt
2026-06-03 02:41:25,783 | INFO     |   → 551/915 ❌ HTTP 404 — https://raw.githubusercontent.com/gfpcom/free-proxy-list/main/list/vless.txt
2026-06-03 02:41:25,783 | INFO     |   → 552/915 ❌ HTTP 404 — https://raw.githubusercontent.com/gfpcom/free-proxy-list/main/list/vmess.txt
2026-06-03 02:41:25,783 | INFO     |   → 553/915: ✅ 0 взято | 🗑️ 17 мусор
2026-06-03 02:41:25,783 | INFO     |   → 554/915: ✅ 0 взято | 🗑️ 0 мусор
2026-06-03 02:41:25,783 | INFO     |   → 555/915: ✅ 0 взято | 🗑️ 0 мусор
2026-06-03 02:41:25,783 | INFO     |   → 556/915: ✅ 4 взято | 🗑️ 63 мусор
2026-06-03 02:41:25,783 | INFO     |   → 557/915: ✅ 469 взято | 🗑️ 1858 мусор
2026-06-03 02:41:25,783 | INFO     |   → 558/915: ✅ 297 взято | 🗑️ 1310 мусор
2026-06-03 02:41:25,783 | INFO     |   → 559/915: ✅ 250 взято | 🗑️ 4233 мусор
2026-06-03 02:41:25,783 | INFO     |   → 560/915: ✅ 11 взято | 🗑️ 2445 мусор
2026-06-03 02:41:25,783 | INFO     |   → 561/915 ❌ HTTP 404 — https://raw.githubusercontent.com/hameed-maleki/TVC/89a4522969c57dcc22458cae9898426e5c4f2679/lite/config.txt
2026-06-03 02:41:25,783 | INFO     |   → 562/915: ✅ 0 взято | 🗑️ 0 мусор
2026-06-03 02:41:25,783 | INFO     |   → 563/915: ✅ 5 взято | 🗑️ 132 мусор
2026-06-03 02:41:25,783 | INFO     |   → 564/915: ✅ 0 взято | 🗑️ 56 мусор
2026-06-03 02:41:25,783 | INFO     |   → 565/915 ❌ HTTP 404 — https://raw.githubusercontent.com/hkaa0/permalink/main/proxy/V2ray
2026-06-03 02:41:25,783 | INFO     |   → 566/915: ✅ 2 взято | 🗑️ 131 мусор
2026-06-03 02:41:25,783 | INFO     |   → 567/915 ❌ HTTP 404 — https://raw.githubusercontent.com/hkaa0/permalink/main/proxy/clash
2026-06-03 02:41:25,783 | INFO     |   → 568/915 ❌ HTTP 404 — https://raw.githubusercontent.com/hkpc/Autoproxy/6cf946ddfc677a29062007e4b47d70674474baa7/sub/2401/240110.txt
2026-06-03 02:41:25,783 | INFO     |   → 569/915 ❌ HTTP 404 — https://raw.githubusercontent.com/hkpc/V2ray-Configs/7d9aa0dabf947af180a7dd6302818ed37950531a/Sub1.txt
2026-06-03 02:41:25,784 | INFO     |   → 570/915: ✅ 0 взято | 🗑️ 14 мусор
2026-06-03 02:41:25,784 | INFO     |   → 571/915: ✅ 0 взято | 🗑️ 16 мусор
2026-06-03 02:41:25,784 | INFO     |   → 572/915 ❌ HTTP 404 — https://raw.githubusercontent.com/iboxz/free-v2ray-collector/main/main
2026-06-03 02:41:25,784 | INFO     |   → 573/915: ✅ 117 взято | 🗑️ 266 мусор
2026-06-03 02:41:25,784 | INFO     |   → 574/915: ✅ 0 взято | 🗑️ 21 мусор
2026-06-03 02:41:25,784 | INFO     |   → 575/915: ✅ 0 взято | 🗑️ 13 мусор
2026-06-03 02:41:25,784 | INFO     |   → 576/915: ✅ 0 взято | 🗑️ 218 мусор
2026-06-03 02:41:25,784 | INFO     |   → 577/915: ✅ 0 взято | 🗑️ 14 мусор
2026-06-03 02:41:25,784 | INFO     |   → 578/915: ✅ 7 взято | 🗑️ 5 мусор
2026-06-03 02:41:25,784 | INFO     |   → 579/915: ✅ 106 взято | 🗑️ 46 мусор
2026-06-03 02:41:25,784 | INFO     |   → 580/915: ✅ 0 взято | 🗑️ 43 мусор
2026-06-03 02:41:25,784 | INFO     |   → 581/915 ❌ HTTP 404 — https://raw.githubusercontent.com/igareck/vpn-configs-for-russia/refs/heads/main/Vless-Reality-White-Lists-Rus-Cable.txt
2026-06-03 02:41:25,784 | INFO     |   → 582/915: ✅ 105 взято | 🗑️ 32 мусор
2026-06-03 02:41:25,784 | INFO     |   → 583/915: ✅ 0 взято | 🗑️ 0 мусор
2026-06-03 02:41:25,784 | INFO     |   → 584/915: ✅ 0 взято | 🗑️ 0 мусор
2026-06-03 02:41:25,784 | INFO     |   → 585/915: ✅ 0 взято | 🗑️ 9 мусор
2026-06-03 02:41:25,784 | INFO     |   → 586/915: ✅ 20 взято | 🗑️ 370 мусор
2026-06-03 02:41:25,784 | INFO     |   → 587/915: ✅ 0 взято | 🗑️ 0 мусор
2026-06-03 02:41:25,784 | INFO     |   → 588/915: ✅ 0 взято | 🗑️ 0 мусор
2026-06-03 02:41:25,784 | INFO     |   → 589/915: ✅ 0 взято | 🗑️ 12 мусор
2026-06-03 02:41:25,784 | INFO     |   → 590/915: ✅ 0 взято | 🗑️ 43 мусор
2026-06-03 02:41:25,784 | INFO     |   → 591/915 ❌ HTTP 404 — https://raw.githubusercontent.com/jw853355718/clash_233/master/config.yml
2026-06-03 02:41:25,784 | INFO     |   → 592/915: ✅ 0 взято | 🗑️ 210 мусор
2026-06-03 02:41:25,784 | INFO     |   → 593/915: ✅ 0 взято | 🗑️ 0 мусор
2026-06-03 02:41:25,784 | INFO     |   → 594/915 ❌ HTTP 404 — https://raw.githubusercontent.com/kismetpro/NodeSuber/main/Splitted-By-Protocol/vless.txt
2026-06-03 02:41:25,784 | INFO     |   → 595/915 ❌ HTTP 404 — https://raw.githubusercontent.com/kismetpro/NodeSuber/main/out/All_Configs_Sub.txt
2026-06-03 02:41:25,784 | INFO     |   → 596/915 ❌ HTTP 404 — https://raw.githubusercontent.com/kort0881/vpn-key-vless/main/subscriptions/all.txt
2026-06-03 02:41:25,784 | INFO     |   → 597/915: ✅ 224 взято | 🗑️ 176 мусор
2026-06-03 02:41:25,784 | INFO     |   → 598/915: ✅ 0 взято | 🗑️ 29 мусор
2026-06-03 02:41:25,784 | INFO     |   → 599/915 ❌ HTTP 404 — https://raw.githubusercontent.com/koteey/Ms.Kerosin-VPN/main/proxies.txt
2026-06-03 02:41:25,784 | INFO     |   → 600/915: ✅ 534 взято | 🗑️ 1494 мусор
2026-06-03 02:41:25,784 | INFO     |   → 601/915: ✅ 1 взято | 🗑️ 121 мусор
2026-06-03 02:41:25,785 | INFO     |   → 602/915: ✅ 0 взято | 🗑️ 0 мусор
2026-06-03 02:41:25,785 | INFO     |   → 603/915 ❌ HTTP 404 — https://raw.githubusercontent.com/lcx12901/v2ray-/master/sspool.herokuapp.com/yzcloud.yaml
2026-06-03 02:41:25,785 | INFO     |   → 604/915 ❌ HTTP 404 — https://raw.githubusercontent.com/lcx12901/v2ray-/master/sspool.herokuapp.com/yzcloud2.yaml
2026-06-03 02:41:25,785 | INFO     |   → 605/915: ✅ 0 взято | 🗑️ 0 мусор
2026-06-03 02:41:25,785 | INFO     |   → 606/915 ❌ HTTP 404 — https://raw.githubusercontent.com/learnhard-cn/free_proxy_ss/main/clash/config.yaml
2026-06-03 02:41:25,785 | INFO     |   → 607/915: ✅ 0 взято | 🗑️ 8 мусор
2026-06-03 02:41:25,785 | INFO     |   → 608/915: ✅ 0 взято | 🗑️ 4 мусор
2026-06-03 02:41:25,785 | INFO     |   → 609/915: ✅ 0 взято | 🗑️ 0 мусор
2026-06-03 02:41:25,785 | INFO     |   → 610/915: ✅ 0 взято | 🗑️ 4 мусор
2026-06-03 02:41:25,785 | INFO     |   → 611/915: ✅ 0 взято | 🗑️ 149 мусор
2026-06-03 02:41:25,785 | INFO     |   → 612/915: ✅ 0 взято | 🗑️ 421 мусор
2026-06-03 02:41:25,785 | INFO     |   → 613/915: ✅ 213 взято | 🗑️ 1155 мусор
2026-06-03 02:41:25,785 | INFO     |   → 614/915 ❌ HTTP 404 — https://raw.githubusercontent.com/lisylva-lee/v2dyku/main/ssr
2026-06-03 02:41:25,785 | INFO     |   → 615/915 ❌ HTTP 404 — https://raw.githubusercontent.com/lisylva-lee/v2dyku/main/v2dy
2026-06-03 02:41:25,785 | INFO     |   → 616/915: ✅ 0 взято | 🗑️ 53 мусор
2026-06-03 02:41:25,785 | INFO     |   → 617/915: ✅ 0 взято | 🗑️ 0 мусор
2026-06-03 02:41:25,785 | INFO     |   → 618/915: ✅ 0 взято | 🗑️ 0 мусор
2026-06-03 02:41:25,785 | INFO     |   → 619/915 ❌ HTTP 404 — https://raw.githubusercontent.com/luxl-1379/merge/77247d23def72b25226dfa741614e9b07a569c72/sub/sub_merge_base64.txt
2026-06-03 02:41:25,785 | INFO     |   → 620/915 ❌ HTTP 404 — https://raw.githubusercontent.com/luxl-1379/merge/main/sub/sub_merge_base64.txt
2026-06-03 02:41:25,785 | INFO     |   → 621/915: ✅ 146 взято | 🗑️ 343 мусор
2026-06-03 02:41:25,785 | INFO     |   → 622/915: ✅ 0 взято | 🗑️ 0 мусор
2026-06-03 02:41:25,785 | INFO     |   → 623/915: ✅ 0 взято | 🗑️ 133 мусор
2026-06-03 02:41:25,785 | INFO     |   → 624/915: ✅ 0 взято | 🗑️ 133 мусор
2026-06-03 02:41:25,785 | INFO     |   → 625/915: ✅ 0 взято | 🗑️ 0 мусор
2026-06-03 02:41:25,785 | INFO     |   → 626/915: ✅ 0 взято | 🗑️ 0 мусор
2026-06-03 02:41:25,785 | INFO     |   → 627/915: ✅ 0 взято | 🗑️ 3519 мусор
2026-06-03 02:41:25,785 | INFO     |   → 628/915: ✅ 0 взято | 🗑️ 133 мусор
2026-06-03 02:41:25,785 | INFO     |   → 629/915: ✅ 0 взято | 🗑️ 0 мусор
2026-06-03 02:41:25,785 | INFO     |   → 630/915: ✅ 0 взято | 🗑️ 3519 мусор
2026-06-03 02:41:25,786 | INFO     |   → 631/915: ✅ 0 взято | 🗑️ 0 мусор
2026-06-03 02:41:25,786 | INFO     |   → 632/915: ✅ 20 взято | 🗑️ 370 мусор
2026-06-03 02:41:25,786 | INFO     |   → 633/915: ✅ 0 взято | 🗑️ 370 мусор
2026-06-03 02:41:25,786 | INFO     |   → 634/915 ❌ HTTP 404 — https://raw.githubusercontent.com/mermeroo/Clash-V2ray/main/v2ray
2026-06-03 02:41:25,786 | INFO     |   → 635/915: ✅ 714 взято | 🗑️ 6258 мусор
2026-06-03 02:41:25,786 | INFO     |   → 636/915: ✅ 15 взято | 🗑️ 417 мусор
2026-06-03 02:41:25,786 | INFO     |   → 637/915: ✅ 6 взято | 🗑️ 102 мусор
2026-06-03 02:41:25,786 | INFO     |   → 638/915: ✅ 0 взято | 🗑️ 6258 мусор
2026-06-03 02:41:25,786 | INFO     |   → 639/915: ✅ 8 взято | 🗑️ 853 мусор
2026-06-03 02:41:25,786 | INFO     |   → 640/915: ✅ 0 взято | 🗑️ 853 мусор
2026-06-03 02:41:25,786 | INFO     |   → 641/915: ✅ 32 взято | 🗑️ 69 мусор
2026-06-03 02:41:25,786 | INFO     |   → 642/915 ❌ HTTP 404 — https://raw.githubusercontent.com/mermeroo/free-v2ray-collector/main/main/mix
2026-06-03 02:41:25,786 | INFO     |   → 643/915 ❌ HTTP 404 — https://raw.githubusercontent.com/mermeroo/free-v2ray-collector/main/main/reality
2026-06-03 02:41:25,786 | INFO     |   → 644/915 ❌ HTTP 404 — https://raw.githubusercontent.com/mermeroo/free-v2ray-collector/main/main/shadowsocks
2026-06-03 02:41:25,786 | INFO     |   → 645/915 ❌ HTTP 404 — https://raw.githubusercontent.com/mermeroo/free-v2ray-collector/main/main/trojan
2026-06-03 02:41:25,786 | INFO     |   → 646/915 ❌ HTTP 404 — https://raw.githubusercontent.com/mermeroo/free-v2ray-collector/main/main/vless
2026-06-03 02:41:25,786 | INFO     |   → 647/915 ❌ HTTP 404 — https://raw.githubusercontent.com/mermeroo/free-v2ray-collector/main/main/vmess
2026-06-03 02:41:25,786 | INFO     |   → 648/915: ✅ 0 взято | 🗑️ 0 мусор
2026-06-03 02:41:25,786 | INFO     |   → 649/915: ✅ 0 взято | 🗑️ 0 мусор
2026-06-03 02:41:25,786 | INFO     |   → 650/915 ❌ HTTP 404 — https://raw.githubusercontent.com/mfuu/v2ray/master/merge/merge.txt
2026-06-03 02:41:25,786 | INFO     |   → 651/915: ✅ 0 взято | 🗑️ 279 мусор
2026-06-03 02:41:25,786 | INFO     |   → 652/915: ✅ 0 взято | 🗑️ 279 мусор
2026-06-03 02:41:25,786 | INFO     |   → 653/915: ✅ 0 взято | 🗑️ 25 мусор
2026-06-03 02:41:25,786 | INFO     |   → 654/915: ✅ 574 взято | 🗑️ 13533 мусор
2026-06-03 02:41:25,786 | INFO     |   → 655/915: ✅ 0 взято | 🗑️ 13533 мусор
2026-06-03 02:41:25,786 | INFO     |   → 656/915: ✅ 0 взято | 🗑️ 2773 мусор
2026-06-03 02:41:25,786 | INFO     |   → 657/915: ✅ 0 взято | 🗑️ 1866 мусор
2026-06-03 02:41:25,786 | INFO     |   → 658/915: ✅ 0 взято | 🗑️ 4536 мусор
2026-06-03 02:41:25,786 | INFO     |   → 659/915: ✅ 0 взято | 🗑️ 4358 мусор
2026-06-03 02:41:25,786 | INFO     |   → 660/915 ❌ HTTP 404 — https://raw.githubusercontent.com/miladtahanian/V2RayCFGDumper/refs/heads/main/config.txt
2026-06-03 02:41:25,786 | INFO     |   → 661/915 ❌ HTTP 404 — https://raw.githubusercontent.com/miladtahanian/multi-proxy-config-fetcher/refs/heads/main/configs/proxy_configs.txt
2026-06-03 02:41:25,786 | INFO     |   → 662/915: ✅ 0 взято | 🗑️ 0 мусор
2026-06-03 02:41:25,786 | INFO     |   → 663/915: ✅ 0 взято | 🗑️ 0 мусор
2026-06-03 02:41:25,786 | INFO     |   → 664/915: ✅ 0 взято | 🗑️ 0 мусор
2026-06-03 02:41:25,786 | INFO     |   → 665/915: ✅ 15 взято | 🗑️ 46 мусор
2026-06-03 02:41:25,786 | INFO     |   → 666/915: ✅ 0 взято | 🗑️ 12 мусор
2026-06-03 02:41:25,786 | INFO     |   → 667/915: ✅ 0 взято | 🗑️ 218 мусор
2026-06-03 02:41:25,786 | INFO     |   → 668/915: ✅ 0 взято | 🗑️ 34 мусор
2026-06-03 02:41:25,787 | INFO     |   → 669/915: ✅ 0 взято | 🗑️ 0 мусор
2026-06-03 02:41:25,787 | INFO     |   → 670/915: ✅ 28 взято | 🗑️ 93 мусор
2026-06-03 02:41:25,787 | INFO     |   → 671/915: ✅ 74 взято | 🗑️ 425 мусор
2026-06-03 02:41:25,787 | INFO     |   → 672/915: ✅ 168 взято | 🗑️ 330 мусор
2026-06-03 02:41:25,787 | INFO     |   → 673/915: ✅ 0 взято | 🗑️ 0 мусор
2026-06-03 02:41:25,787 | INFO     |   → 674/915: ✅ 15 взято | 🗑️ 70 мусор
2026-06-03 02:41:25,787 | INFO     |   → 675/915: ✅ 127 взято | 🗑️ 492 мусор
2026-06-03 02:41:25,787 | INFO     |   → 676/915: ✅ 331 взято | 🗑️ 190 мусор
2026-06-03 02:41:25,787 | INFO     |   → 677/915: ✅ 0 взято | 🗑️ 2127 мусор
2026-06-03 02:41:25,787 | INFO     |   → 678/915: ✅ 58 взято | 🗑️ 1249 мусор
2026-06-03 02:41:25,787 | INFO     |   → 679/915: ✅ 11 взято | 🗑️ 327 мусор
2026-06-03 02:41:25,787 | INFO     |   → 680/915: ✅ 0 взято | 🗑️ 610 мусор
2026-06-03 02:41:25,787 | INFO     |   → 681/915 ❌ HTTP 404 — https://raw.githubusercontent.com/obscure1990/freeVM/master/snippets/nodes.yml
2026-06-03 02:41:25,787 | INFO     |   → 682/915: ✅ 1181 взято | 🗑️ 177 мусор
2026-06-03 02:41:25,787 | INFO     |   → 683/915 ❌ HTTP 404 — https://raw.githubusercontent.com/op30mmd/things/909b38024ba14d69dc0f95c238f63bc6e930a00f/eut.txt
2026-06-03 02:41:25,787 | INFO     |   → 684/915 ❌ HTTP 404 — https://raw.githubusercontent.com/openRunner/clash-freenode/main/v2ray.txt
2026-06-03 02:41:25,787 | INFO     |   → 685/915 ❌ HTTP 404 — https://raw.githubusercontent.com/oslook/clash-freenode/main/clash.yaml
2026-06-03 02:41:25,787 | INFO     |   → 686/915: ✅ 0 взято | 🗑️ 0 мусор
2026-06-03 02:41:25,787 | INFO     |   → 687/915: ✅ 4 взято | 🗑️ 1 мусор
2026-06-03 02:41:25,787 | INFO     |   → 688/915: ✅ 0 взято | 🗑️ 0 мусор
2026-06-03 02:41:25,788 | INFO     |   → 689/915: ✅ 47 взято | 🗑️ 113 мусор
2026-06-03 02:41:25,788 | INFO     |   → 690/915: ✅ 0 взято | 🗑️ 0 мусор
2026-06-03 02:41:25,788 | INFO     |   → 691/915: ✅ 0 взято | 🗑️ 113 мусор
2026-06-03 02:41:25,788 | INFO     |   → 692/915: ✅ 0 взято | 🗑️ 113 мусор
2026-06-03 02:41:25,788 | INFO     |   → 693/915: ✅ 4 взято | 🗑️ 3 мусор
2026-06-03 02:41:25,788 | INFO     |   → 694/915: ✅ 6703 взято | 🗑️ 35561 мусор
2026-06-03 02:41:25,788 | INFO     |   → 695/915: ✅ 0 взято | 🗑️ 0 мусор
2026-06-03 02:41:25,788 | INFO     |   → 696/915: ✅ 0 взято | 🗑️ 0 мусор
2026-06-03 02:41:25,788 | INFO     |   → 697/915: ✅ 0 взято | 🗑️ 19 мусор
2026-06-03 02:41:25,788 | INFO     |   → 698/915: ✅ 0 взято | 🗑️ 0 мусор
2026-06-03 02:41:25,788 | INFO     |   → 699/915: ✅ 0 взято | 🗑️ 111 мусор
2026-06-03 02:41:25,788 | INFO     |   → 700/915: ✅ 0 взято | 🗑️ 1 мусор
2026-06-03 02:41:25,788 | INFO     |   → 701/915: ✅ 0 взято | 🗑️ 44 мусор
2026-06-03 02:41:25,788 | INFO     |   → 702/915: ✅ 63 взято | 🗑️ 521 мусор
2026-06-03 02:41:25,788 | INFO     |   → 703/915: ✅ 165 взято | 🗑️ 273 мусор
2026-06-03 02:41:25,788 | INFO     |   → 704/915: ✅ 0 взято | 🗑️ 0 мусор
2026-06-03 02:41:25,788 | INFO     |   → 705/915: ✅ 13 взято | 🗑️ 211 мусор
2026-06-03 02:41:25,788 | INFO     |   → 706/915: ✅ 3 взято | 🗑️ 56 мусор
2026-06-03 02:41:25,788 | INFO     |   → 707/915: ✅ 0 взято | 🗑️ 79 мусор
2026-06-03 02:41:25,788 | INFO     |   → 708/915: ✅ 13 взято | 🗑️ 32 мусор
2026-06-03 02:41:25,789 | INFO     |   → 709/915: ✅ 0 взято | 🗑️ 0 мусор
2026-06-03 02:41:25,789 | INFO     |   → 710/915: ✅ 2 взято | 🗑️ 9 мусор
2026-06-03 02:41:25,789 | INFO     |   → 711/915: ✅ 11 взято | 🗑️ 76 мусор
2026-06-03 02:41:25,789 | INFO     |   → 712/915: ✅ 0 взято | 🗑️ 168 мусор
2026-06-03 02:41:25,789 | INFO     |   → 713/915: ✅ 0 взято | 🗑️ 79 мусор
2026-06-03 02:41:25,789 | INFO     |   → 714/915: ✅ 0 взято | 🗑️ 0 мусор
2026-06-03 02:41:25,789 | INFO     |   → 715/915: ✅ 0 взято | 🗑️ 15 мусор
2026-06-03 02:41:25,789 | INFO     |   → 716/915 ❌ HTTP 404 — https://raw.githubusercontent.com/ronghuaxueleng/get_v2/main/pub/changfengoss.yaml
2026-06-03 02:41:25,789 | INFO     |   → 717/915: ✅ 0 взято | 🗑️ 0 мусор
2026-06-03 02:41:25,789 | INFO     |   → 718/915: ✅ 20 взято | 🗑️ 85 мусор
2026-06-03 02:41:25,789 | INFO     |   → 719/915: ✅ 0 взято | 🗑️ 85 мусор
2026-06-03 02:41:25,789 | INFO     |   → 720/915 ❌ HTTP 404 — https://raw.githubusercontent.com/rxsweet/CM_Vmess/refs/heads/main/test.txt
2026-06-03 02:41:25,789 | INFO     |   → 721/915 ❌ HTTP 404 — https://raw.githubusercontent.com/rxsweet/proxies/main/sub/free.yaml
2026-06-03 02:41:25,789 | INFO     |   → 722/915 ❌ HTTP 404 — https://raw.githubusercontent.com/rxsweet/proxies/main/sub/rx.yaml
2026-06-03 02:41:25,789 | INFO     |   → 723/915 ❌ HTTP 404 — https://raw.githubusercontent.com/rxsweet/proxies/main/sub/sources/dynamicAll.yaml
2026-06-03 02:41:25,789 | INFO     |   → 724/915 ❌ HTTP 404 — https://raw.githubusercontent.com/rxsweet/proxies/main/sub/sources/miningAll.yaml
2026-06-03 02:41:25,789 | INFO     |   → 725/915 ❌ HTTP 404 — https://raw.githubusercontent.com/rxsweet/proxies/main/sub/srx.yaml
2026-06-03 02:41:25,789 | INFO     |   → 726/915: ✅ 330 взято | 🗑️ 1468 мусор
2026-06-03 02:41:25,789 | INFO     |   → 727/915 ❌ HTTP 404 — https://raw.githubusercontent.com/sajad-sajadi/V2ray-Collector/raw/main/output/protocols/vmess.txt
2026-06-03 02:41:25,789 | INFO     |   → 728/915: ✅ 1474 взято | 🗑️ 1756 мусор
2026-06-03 02:41:25,790 | INFO     |   → 729/915 ❌ HTTP 404 — https://raw.githubusercontent.com/sakha1370/OpenRay/raw/refs/heads/main/output/all_valid_proxies.txt
2026-06-03 02:41:25,790 | INFO     |   → 730/915: ✅ 2 взято | 🗑️ 399 мусор
2026-06-03 02:41:25,790 | INFO     |   → 731/915: ✅ 0 взято | 🗑️ 399 мусор
2026-06-03 02:41:25,790 | INFO     |   → 732/915 ❌ HTTP 404 — https://raw.githubusercontent.com/samjoeyang/subscribe/main/fly
2026-06-03 02:41:25,790 | INFO     |   → 733/915: ✅ 0 взято | 🗑️ 0 мусор
2026-06-03 02:41:25,790 | INFO     |   → 734/915 ❌ HTTP 404 — https://raw.githubusercontent.com/satrom/V2SSR/master/SSR/Sub.txt
2026-06-03 02:41:25,790 | INFO     |   → 735/915 ❌ HTTP 404 — https://raw.githubusercontent.com/satrom/V2SSR/master/V2RAY/Sub.txt
2026-06-03 02:41:25,790 | INFO     |   → 736/915: ✅ 5090 взято | 🗑️ 104157 мусор
2026-06-03 02:41:25,790 | INFO     |   → 737/915: ✅ 0 взято | 🗑️ 0 мусор
2026-06-03 02:41:25,790 | INFO     |   → 738/915: ✅ 0 взято | 🗑️ 0 мусор
2026-06-03 02:41:25,790 | INFO     |   → 739/915: ✅ 3 взято | 🗑️ 49 мусор
2026-06-03 02:41:25,790 | INFO     |   → 740/915: ✅ 0 взято | 🗑️ 1548 мусор
2026-06-03 02:41:25,790 | INFO     |   → 741/915: ✅ 0 взято | 🗑️ 783 мусор
2026-06-03 02:41:25,790 | INFO     |   → 742/915: ✅ 0 взято | 🗑️ 81 мусор
2026-06-03 02:41:25,790 | INFO     |   → 743/915: ✅ 0 взято | 🗑️ 659 мусор
2026-06-03 02:41:25,790 | INFO     |   → 744/915: ✅ 0 взято | 🗑️ 25 мусор
2026-06-03 02:41:25,790 | INFO     |   → 745/915: ✅ 0 взято | 🗑️ 1548 мусор
2026-06-03 02:41:25,790 | INFO     |   → 746/915: ✅ 0 взято | 🗑️ 0 мусор
2026-06-03 02:41:25,790 | INFO     |   → 747/915: ✅ 0 взято | 🗑️ 0 мусор
2026-06-03 02:41:25,790 | INFO     |   → 748/915 ❌ HTTP 404 — https://raw.githubusercontent.com/shirkerboy/scp/main/sub
2026-06-03 02:41:25,790 | INFO     |   → 749/915 ❌ HTTP 404 — https://raw.githubusercontent.com/skywrt/v2ray-Collector/master/v2ray
2026-06-03 02:41:25,790 | INFO     |   → 750/915 ❌ HTTP 404 — https://raw.githubusercontent.com/snakem982/proxypool/main/nodelist.txt
2026-06-03 02:41:25,790 | INFO     |   → 751/915: ✅ 0 взято | 🗑️ 0 мусор
2026-06-03 02:41:25,791 | INFO     |   → 752/915: ✅ 0 взято | 🗑️ 3 мусор
2026-06-03 02:41:25,791 | INFO     |   → 753/915 ❌ HTTP 404 — https://raw.githubusercontent.com/snakem982/proxypool/main/source/v2ray.txt
2026-06-03 02:41:25,791 | INFO     |   → 754/915 ❌ HTTP 404 — https://raw.githubusercontent.com/soroushmirzaei/telegram-configs-collector/main/channels/protocols/hysteria
2026-06-03 02:41:25,791 | INFO     |   → 755/915 ❌ HTTP 404 — https://raw.githubusercontent.com/soroushmirzaei/telegram-configs-collector/main/channels/protocols/juicity
2026-06-03 02:41:25,791 | INFO     |   → 756/915 ❌ HTTP 404 — https://raw.githubusercontent.com/soroushmirzaei/telegram-configs-collector/main/channels/protocols/reality
2026-06-03 02:41:25,791 | INFO     |   → 757/915 ❌ HTTP 404 — https://raw.githubusercontent.com/soroushmirzaei/telegram-configs-collector/main/channels/protocols/shadowsocks
2026-06-03 02:41:25,791 | INFO     |   → 758/915 ❌ HTTP 404 — https://raw.githubusercontent.com/soroushmirzaei/telegram-configs-collector/main/channels/protocols/trojan
2026-06-03 02:41:25,791 | INFO     |   → 759/915 ❌ HTTP 404 — https://raw.githubusercontent.com/soroushmirzaei/telegram-configs-collector/main/channels/protocols/tuic
2026-06-03 02:41:25,791 | INFO     |   → 760/915 ❌ HTTP 404 — https://raw.githubusercontent.com/soroushmirzaei/telegram-configs-collector/main/channels/protocols/vless
2026-06-03 02:41:25,791 | INFO     |   → 761/915 ❌ HTTP 404 — https://raw.githubusercontent.com/soroushmirzaei/telegram-configs-collector/main/channels/protocols/vmess
2026-06-03 02:41:25,791 | INFO     |   → 762/915 ❌ HTTP 404 — https://raw.githubusercontent.com/soroushmirzaei/telegram-configs-collector/main/countries/jp/mixed
2026-06-03 02:41:25,791 | INFO     |   → 763/915 ❌ HTTP 404 — https://raw.githubusercontent.com/soroushmirzaei/telegram-configs-collector/main/protocols/hysteria
2026-06-03 02:41:25,791 | INFO     |   → 764/915 ❌ HTTP 404 — https://raw.githubusercontent.com/soroushmirzaei/telegram-configs-collector/main/protocols/juicity
2026-06-03 02:41:25,791 | INFO     |   → 765/915 ❌ HTTP 404 — https://raw.githubusercontent.com/soroushmirzaei/telegram-configs-collector/main/protocols/reality
2026-06-03 02:41:25,791 | INFO     |   → 766/915 ❌ HTTP 404 — https://raw.githubusercontent.com/soroushmirzaei/telegram-configs-collector/main/protocols/shadowsocks
2026-06-03 02:41:25,791 | INFO     |   → 767/915 ❌ HTTP 404 — https://raw.githubusercontent.com/soroushmirzaei/telegram-configs-collector/main/protocols/trojan
2026-06-03 02:41:25,791 | INFO     |   → 768/915 ❌ HTTP 404 — https://raw.githubusercontent.com/soroushmirzaei/telegram-configs-collector/main/protocols/tuic
2026-06-03 02:41:25,791 | INFO     |   → 769/915 ❌ HTTP 404 — https://raw.githubusercontent.com/soroushmirzaei/telegram-configs-collector/main/protocols/vless
2026-06-03 02:41:25,791 | INFO     |   → 770/915 ❌ HTTP 404 — https://raw.githubusercontent.com/soroushmirzaei/telegram-configs-collector/main/protocols/vmess
2026-06-03 02:41:25,791 | INFO     |   → 771/915 ❌ HTTP 404 — https://raw.githubusercontent.com/soroushmirzaei/telegram-configs-collector/main/splitted/subscribe
2026-06-03 02:41:25,792 | INFO     |   → 772/915 ❌ HTTP 404 — https://raw.githubusercontent.com/ssrsub/ssr/master/Clash.yml
2026-06-03 02:41:25,792 | INFO     |   → 773/915 ❌ HTTP 404 — https://raw.githubusercontent.com/ssrsub/ssr/master/V2Ray
2026-06-03 02:41:25,792 | INFO     |   → 774/915 ❌ HTTP 404 — https://raw.githubusercontent.com/ssrsub/ssr/master/ss-sub
2026-06-03 02:41:25,792 | INFO     |   → 775/915 ❌ HTTP 404 — https://raw.githubusercontent.com/ssrsub/ssr/master/ssrsub
2026-06-03 02:41:25,792 | INFO     |   → 776/915 ❌ HTTP 404 — https://raw.githubusercontent.com/ssrsub/ssr/master/trojan
2026-06-03 02:41:25,792 | INFO     |   → 777/915 ❌ HTTP 404 — https://raw.githubusercontent.com/ssrsub/ssr/master/vless.txt
2026-06-03 02:41:25,792 | INFO     |   → 778/915: ✅ 0 взято | 🗑️ 0 мусор
2026-06-03 02:41:25,792 | INFO     |   → 779/915: ✅ 2 взято | 🗑️ 12 мусор
2026-06-03 02:41:25,792 | INFO     |   → 780/915: ✅ 0 взято | 🗑️ 13 мусор
2026-06-03 02:41:25,792 | INFO     |   → 781/915: ✅ 0 взято | 🗑️ 13 мусор
2026-06-03 02:41:25,792 | INFO     |   → 782/915 ❌ HTTP 404 — https://raw.githubusercontent.com/tbbatbb/Proxy/master/dist/clash.config.yaml
2026-06-03 02:41:25,792 | INFO     |   → 783/915: ✅ 63 взято | 🗑️ 237 мусор
2026-06-03 02:41:25,792 | INFO     |   → 784/915: ✅ 49 взято | 🗑️ 251 мусор
2026-06-03 02:41:25,792 | INFO     |   → 785/915: ✅ 25 взято | 🗑️ 275 мусор
2026-06-03 02:41:25,792 | INFO     |   → 786/915: ✅ 26 взято | 🗑️ 274 мусор
2026-06-03 02:41:25,792 | INFO     |   → 787/915: ✅ 48 взято | 🗑️ 252 мусор
2026-06-03 02:41:25,792 | INFO     |   → 788/915: ✅ 32 взято | 🗑️ 268 мусор
2026-06-03 02:41:25,792 | INFO     |   → 789/915: ✅ 99 взято | 🗑️ 201 мусор
2026-06-03 02:41:25,792 | INFO     |   → 790/915: ✅ 159 взято | 🗑️ 141 мусор
2026-06-03 02:41:25,792 | INFO     |   → 791/915 ❌ HTTP 404 — https://raw.githubusercontent.com/thuhollow2/myconfig/main/config.yaml
2026-06-03 02:41:25,792 | INFO     |   → 792/915: ✅ 2 взято | 🗑️ 35 мусор
2026-06-03 02:41:25,793 | INFO     |   → 793/915: ✅ 0 взято | 🗑️ 0 мусор
2026-06-03 02:41:25,793 | INFO     |   → 794/915: ✅ 5 взято | 🗑️ 111 мусор
2026-06-03 02:41:25,793 | INFO     |   → 795/915: ✅ 0 взято | 🗑️ 0 мусор
2026-06-03 02:41:25,793 | INFO     |   → 796/915: ✅ 0 взято | 🗑️ 43 мусор
2026-06-03 02:41:25,793 | INFO     |   → 797/915 ❌ HTTP 404 — https://raw.githubusercontent.com/v2clash/Autoproxy/a81f840ab2364124133572ec94e4b81fb0d4e58d/sub/2401/240104.txt
2026-06-03 02:41:25,793 | INFO     |   → 798/915 ❌ HTTP 404 — https://raw.githubusercontent.com/v2clash/V2ray-Configs/31f493c584d0c7b56350f4a34d80c53ad82bcc18/Sub9.txt
2026-06-03 02:41:25,793 | INFO     |   → 799/915: ✅ 36 взято | 🗑️ 303 мусор
2026-06-03 02:41:25,793 | INFO     |   → 800/915: ✅ 0 взято | 🗑️ 0 мусор
2026-06-03 02:41:25,793 | INFO     |   → 801/915: ✅ 0 взято | 🗑️ 0 мусор
2026-06-03 02:41:25,793 | INFO     |   → 802/915: ✅ 0 взято | 🗑️ 0 мусор
2026-06-03 02:41:25,793 | INFO     |   → 803/915: ✅ 283 взято | 🗑️ 9640 мусор
2026-06-03 02:41:25,793 | INFO     |   → 804/915: ✅ 281 взято | 🗑️ 10086 мусор
2026-06-03 02:41:25,793 | INFO     |   → 805/915: ✅ 280 взято | 🗑️ 9675 мусор
2026-06-03 02:41:25,793 | INFO     |   → 806/915: ✅ 334 взято | 🗑️ 9823 мусор
2026-06-03 02:41:25,793 | INFO     |   → 807/915: ✅ 350 взято | 🗑️ 9639 мусор
2026-06-03 02:41:25,793 | INFO     |   → 808/915: ✅ 125 взято | 🗑️ 7919 мусор
2026-06-03 02:41:25,793 | INFO     |   → 809/915: ✅ 135 взято | 🗑️ 4836 мусор
2026-06-03 02:41:25,793 | INFO     |   → 810/915: ✅ 502 взято | 🗑️ 7659 мусор
2026-06-03 02:41:25,793 | INFO     |   → 811/915: ✅ 631 взято | 🗑️ 8081 мусор
2026-06-03 02:41:25,794 | INFO     |   → 812/915: ✅ 202 взято | 🗑️ 5131 мусор
2026-06-03 02:41:25,794 | INFO     |   → 813/915 ❌ HTTP 404 — https://raw.githubusercontent.com/vsevjik/OBSpiskov/main/wwh
2026-06-03 02:41:25,794 | INFO     |   → 814/915 ❌ HTTP 404 — https://raw.githubusercontent.com/vsevjik/OBSpiskov/main/wwhjk
2026-06-03 02:41:25,794 | INFO     |   → 815/915 ❌ HTTP 404 — https://raw.githubusercontent.com/vsevjik/OBSpiskov/main/wwhljjjkk
2026-06-03 02:41:25,794 | INFO     |   → 816/915 ❌ HTTP 404 — https://raw.githubusercontent.com/vveg26/chromego_merge/main/sub/merged_proxies.yaml
2026-06-03 02:41:25,794 | INFO     |   → 817/915 ❌ HTTP 404 — https://raw.githubusercontent.com/vveg26/get_proxy/main/dist/clash.config.yaml
2026-06-03 02:41:25,794 | INFO     |   → 818/915: ✅ 0 взято | 🗑️ 0 мусор
2026-06-03 02:41:25,794 | INFO     |   → 819/915: ✅ 0 взято | 🗑️ 10 мусор
2026-06-03 02:41:25,794 | INFO     |   → 820/915: ✅ 0 взято | 🗑️ 10 мусор
2026-06-03 02:41:25,794 | INFO     |   → 821/915: ✅ 0 взято | 🗑️ 4 мусор
2026-06-03 02:41:25,794 | INFO     |   → 822/915: ✅ 0 взято | 🗑️ 0 мусор
2026-06-03 02:41:25,794 | INFO     |   → 823/915: ✅ 0 взято | 🗑️ 4 мусор
2026-06-03 02:41:25,794 | INFO     |   → 824/915: ✅ 106 взято | 🗑️ 689 мусор
2026-06-03 02:41:25,794 | INFO     |   → 825/915: ✅ 48 взято | 🗑️ 841 мусор
2026-06-03 02:41:25,794 | INFO     |   → 826/915: ✅ 21 взято | 🗑️ 789 мусор
2026-06-03 02:41:25,794 | INFO     |   → 827/915: ✅ 24 взято | 🗑️ 774 мусор
2026-06-03 02:41:25,794 | INFO     |   → 828/915: ✅ 52 взято | 🗑️ 756 мусор
2026-06-03 02:41:25,794 | INFO     |   → 829/915: ✅ 191 взято | 🗑️ 745 мусор
2026-06-03 02:41:25,794 | INFO     |   → 830/915: ✅ 9 взято | 🗑️ 651 мусор
2026-06-03 02:41:25,794 | INFO     |   → 831/915: ✅ 185 взято | 🗑️ 388 мусор
2026-06-03 02:41:25,795 | INFO     |   → 832/915: ✅ 130 взято | 🗑️ 523 мусор
2026-06-03 02:41:25,795 | INFO     |   → 833/915: ✅ 67 взято | 🗑️ 533 мусор
2026-06-03 02:41:25,795 | INFO     |   → 834/915: ✅ 98 взято | 🗑️ 444 мусор
2026-06-03 02:41:25,795 | INFO     |   → 835/915: ✅ 102 взято | 🗑️ 670 мусор
2026-06-03 02:41:25,795 | INFO     |   → 836/915: ✅ 86 взято | 🗑️ 476 мусор
2026-06-03 02:41:25,795 | INFO     |   → 837/915: ✅ 95 взято | 🗑️ 657 мусор
2026-06-03 02:41:25,795 | INFO     |   → 838/915: ✅ 105 взято | 🗑️ 645 мусор
2026-06-03 02:41:25,795 | INFO     |   → 839/915: ✅ 115 взято | 🗑️ 985 мусор
2026-06-03 02:41:25,795 | INFO     |   → 840/915: ✅ 3 взято | 🗑️ 63 мусор
2026-06-03 02:41:25,795 | INFO     |   → 841/915: ✅ 3 взято | 🗑️ 62 мусор
2026-06-03 02:41:25,795 | INFO     |   → 842/915: ✅ 13 взято | 🗑️ 489 мусор
2026-06-03 02:41:25,795 | INFO     |   → 843/915: ✅ 0 взято | 🗑️ 0 мусор
2026-06-03 02:41:25,795 | INFO     |   → 844/915: ✅ 0 взято | 🗑️ 0 мусор
2026-06-03 02:41:25,795 | INFO     |   → 845/915: ✅ 0 взято | 🗑️ 0 мусор
2026-06-03 02:41:25,795 | INFO     |   → 846/915: ✅ 0 взято | 🗑️ 0 мусор
2026-06-03 02:41:25,795 | INFO     |   → 847/915: ✅ 0 взято | 🗑️ 0 мусор
2026-06-03 02:41:25,795 | INFO     |   → 848/915: ✅ 0 взято | 🗑️ 0 мусор
2026-06-03 02:41:25,795 | INFO     |   → 849/915: ✅ 0 взято | 🗑️ 52 мусор
2026-06-03 02:41:25,795 | INFO     |   → 850/915: ✅ 5 взято | 🗑️ 10 мусор
2026-06-03 02:41:25,795 | INFO     |   → 851/915: ✅ 1 взято | 🗑️ 124 мусор
2026-06-03 02:41:25,796 | INFO     |   → 852/915: ✅ 142 взято | 🗑️ 161 мусор
2026-06-03 02:41:25,796 | INFO     |   → 853/915: ✅ 0 взято | 🗑️ 9 мусор
2026-06-03 02:41:25,796 | INFO     |   → 854/915: ✅ 5 взято | 🗑️ 484 мусор
2026-06-03 02:41:25,796 | INFO     |   → 855/915: ✅ 0 взято | 🗑️ 464 мусор
2026-06-03 02:41:25,796 | INFO     |   → 856/915: ✅ 0 взято | 🗑️ 13 мусор
2026-06-03 02:41:25,796 | INFO     |   → 857/915: ✅ 0 взято | 🗑️ 0 мусор
2026-06-03 02:41:25,796 | INFO     |   → 858/915: ✅ 0 взято | 🗑️ 484 мусор
2026-06-03 02:41:25,796 | INFO     |   → 859/915 ❌ HTTP 404 — https://raw.githubusercontent.com/xiaozhu2007/xiaozhu2007/61a755a044dbaeea678bc2d1e20f21a21c6d7170/docs/fxxk.txt
2026-06-03 02:41:25,796 | INFO     |   → 860/915: ✅ 0 взято | 🗑️ 159 мусор
2026-06-03 02:41:25,796 | INFO     |   → 861/915: ✅ 0 взято | 🗑️ 22 мусор
2026-06-03 02:41:25,796 | INFO     |   → 862/915: ✅ 0 взято | 🗑️ 0 мусор
2026-06-03 02:41:25,796 | INFO     |   → 863/915 ❌ HTTP 404 — https://raw.githubusercontent.com/yebekhe/TVC/0f745f92bf381e505f1245abbc7c145b19b11503/config.txt
2026-06-03 02:41:25,796 | INFO     |   → 864/915 ❌ HTTP 404 — https://raw.githubusercontent.com/yebekhe/TVC/9fac69239c69327fb7a61f5a8d79d107133889e1/lite/config.txt
2026-06-03 02:41:25,796 | INFO     |   → 865/915 ❌ HTTP 404 — https://raw.githubusercontent.com/yebekhe/TelegramV2rayCollector/main/sub/normal/donated
2026-06-03 02:41:25,796 | INFO     |   → 866/915 ❌ HTTP 404 — https://raw.githubusercontent.com/yebekhe/TelegramV2rayCollector/main/sub/normal/hysteria2
2026-06-03 02:41:25,796 | INFO     |   → 867/915 ❌ HTTP 404 — https://raw.githubusercontent.com/yebekhe/TelegramV2rayCollector/main/sub/normal/mix
2026-06-03 02:41:25,796 | INFO     |   → 868/915 ❌ HTTP 404 — https://raw.githubusercontent.com/yebekhe/TelegramV2rayCollector/main/sub/normal/reality
2026-06-03 02:41:25,796 | INFO     |   → 869/915 ❌ HTTP 404 — https://raw.githubusercontent.com/yebekhe/TelegramV2rayCollector/main/sub/normal/shadowsocks
2026-06-03 02:41:25,796 | INFO     |   → 870/915 ❌ HTTP 404 — https://raw.githubusercontent.com/yebekhe/TelegramV2rayCollector/main/sub/normal/trojan
2026-06-03 02:41:25,796 | INFO     |   → 871/915 ❌ HTTP 404 — https://raw.githubusercontent.com/yebekhe/TelegramV2rayCollector/main/sub/normal/tuic
2026-06-03 02:41:25,797 | INFO     |   → 872/915 ❌ HTTP 404 — https://raw.githubusercontent.com/yebekhe/TelegramV2rayCollector/main/sub/normal/vless
2026-06-03 02:41:25,797 | INFO     |   → 873/915 ❌ HTTP 404 — https://raw.githubusercontent.com/yebekhe/TelegramV2rayCollector/main/sub/normal/vmess
2026-06-03 02:41:25,797 | INFO     |   → 874/915 ❌ HTTP 404 — https://raw.githubusercontent.com/yebekhe/V2Hub/main/Split/Normal/shadowsocks
2026-06-03 02:41:25,797 | INFO     |   → 875/915 ❌ HTTP 404 — https://raw.githubusercontent.com/yebekhe/V2Hub/main/merged
2026-06-03 02:41:25,797 | INFO     |   → 876/915: ✅ 0 взято | 🗑️ 30 мусор
2026-06-03 02:41:25,797 | INFO     |   → 877/915: ✅ 976 взято | 🗑️ 8320 мусор
2026-06-03 02:41:25,797 | INFO     |   → 878/915: ✅ 0 взято | 🗑️ 8320 мусор
2026-06-03 02:41:25,797 | INFO     |   → 879/915: ✅ 6 взято | 🗑️ 358 мусор
2026-06-03 02:41:25,797 | INFO     |   → 880/915: ✅ 14 взято | 🗑️ 329 мусор
2026-06-03 02:41:25,797 | INFO     |   → 881/915: ✅ 235 взято | 🗑️ 325 мусор
2026-06-03 02:41:25,797 | INFO     |   → 882/915: ✅ 0 взято | 🗑️ 1473 мусор
2026-06-03 02:41:25,797 | INFO     |   → 883/915: ✅ 1 взято | 🗑️ 394 мусор
2026-06-03 02:41:25,797 | INFO     |   → 884/915 ❌ HTTP 404 — https://raw.githubusercontent.com/yyyr-otz/tele-providers-collector/019cb3e07ee52fddbc7caa54fc670c6b9bae6539/sub/proxies.txt
2026-06-03 02:41:25,797 | INFO     |   → 885/915 ❌ HTTP 404 — https://raw.githubusercontent.com/yyyr-otz/tele-providers-collector/b7a74ee98bcf02c5a507d688a1bed3aa9f7f4ed1/script/raw/protocols/mixed.txt
2026-06-03 02:41:25,797 | INFO     |   → 886/915: ✅ 0 взято | 🗑️ 0 мусор
2026-06-03 02:41:25,797 | INFO     |   → 887/915: ✅ 0 взято | 🗑️ 0 мусор
2026-06-03 02:41:25,797 | INFO     |   → 888/915: ✅ 0 взято | 🗑️ 18 мусор
2026-06-03 02:41:25,797 | INFO     |   → 889/915: ✅ 407 взято | 🗑️ 47 мусор
2026-06-03 02:41:25,797 | INFO     |   → 890/915: ✅ 30 взято | 🗑️ 1029 мусор
2026-06-03 02:41:25,797 | INFO     |   → 891/915: ✅ 0 взято | 🗑️ 5 мусор
2026-06-03 02:41:25,797 | INFO     |   → 892/915: ✅ 0 взято | 🗑️ 0 мусор
2026-06-03 02:41:25,798 | INFO     |   → 893/915 ⚠️ Ошибка: ('Connection aborted.', RemoteDisconnected('Remote end closed connection without response')) — https://sub.pmsub.me/clash.yaml
2026-06-03 02:41:25,798 | INFO     |   → 894/915: ✅ 0 взято | 🗑️ 0 мусор
2026-06-03 02:41:25,798 | INFO     |   → 895/915: ✅ 0 взято | 🗑️ 0 мусор
2026-06-03 02:41:25,798 | INFO     |   → 896/915: ✅ 0 взято | 🗑️ 0 мусор
2026-06-03 02:41:25,798 | INFO     |   → 897/915: ✅ 0 взято | 🗑️ 0 мусор
2026-06-03 02:41:25,798 | INFO     |   → 898/915: ✅ 0 взято | 🗑️ 0 мусор
2026-06-03 02:41:25,798 | INFO     |   → 899/915: ✅ 0 взято | 🗑️ 0 мусор
2026-06-03 02:41:25,798 | INFO     |   → 900/915: ✅ 0 взято | 🗑️ 0 мусор
2026-06-03 02:41:25,798 | INFO     |   → 901/915: ✅ 0 взято | 🗑️ 1 мусор
2026-06-03 02:41:25,798 | INFO     |   → 902/915: ✅ 7 взято | 🗑️ 12 мусор
2026-06-03 02:41:25,798 | INFO     |   → 903/915: ✅ 0 взято | 🗑️ 0 мусор
2026-06-03 02:41:25,798 | INFO     |   → 904/915: ✅ 0 взято | 🗑️ 7 мусор
2026-06-03 02:41:25,798 | INFO     |   → 905/915: ✅ 0 взято | 🗑️ 0 мусор
2026-06-03 02:41:25,798 | INFO     |   → 906/915: ✅ 5 взято | 🗑️ 8 мусор
2026-06-03 02:41:25,798 | INFO     |   → 907/915: ✅ 0 взято | 🗑️ 0 мусор
2026-06-03 02:41:25,798 | INFO     |   → 908/915: ✅ 9 взято | 🗑️ 12 мусор
2026-06-03 02:41:25,798 | INFO     |   → 909/915: ✅ 0 взято | 🗑️ 0 мусор
2026-06-03 02:41:25,798 | INFO     |   → 910/915: ✅ 3 взято | 🗑️ 12 мусор
2026-06-03 02:41:25,798 | INFO     |   → 911/915: ✅ 0 взято | 🗑️ 0 мусор
2026-06-03 02:41:25,798 | INFO     |   → 912/915: ✅ 8 взято | 🗑️ 12 мусор
2026-06-03 02:41:25,799 | INFO     |   → 913/915: ✅ 0 взято | 🗑️ 0 мусор
2026-06-03 02:41:25,799 | INFO     |   → 914/915 ⚠️ Ошибка: HTTPSConnectionPool(host='v2rayshare.githubrowcontent.com', port=443): Max retries exceeded with url: /%7BYYYY%7D/%7BMM%7D/%7BYYYY%7D%7BMM%7D%7BDD%7D.txt (Caused by NameResolutionError("HTTPSConnection(host='v2rayshare.githubrowcontent.com', port=443): Failed to resolve 'v2rayshare.githubrowcontent.com' ([Errno -2] Name or service not known)")) — https://v2rayshare.githubrowcontent.com/{YYYY}/{MM}/{YYYY}{MM}{DD}.txt
2026-06-03 02:41:25,799 | INFO     |   → 915/915: ✅ 0 взято | 🗑️ 29 мусор
2026-06-03 02:41:25,799 | INFO     |   → 📡 С sstap.org получено 0 ключей
2026-06-03 02:41:25,799 | INFO     |   → 📡 С sstap.org не добавлено ни одного ключа (все 0 отклонены фильтром)
2026-06-03 02:41:25,799 | INFO     |   → ✅ ГОТОВО!
2026-06-03 02:41:25,799 | INFO     |   →    📥 Всего ключей после фильтра: 67897
2026-06-03 02:41:25,799 | INFO     |   →    🔗 Уникальных IP:PORT:SCHEME: 23564
2026-06-03 02:41:25,799 | INFO     |   →    🗑️ Выброшено мусора: 1110499
2026-06-03 02:41:25,799 | INFO     |   → 📊 По протоколам:
2026-06-03 02:41:25,799 | INFO     |   →    vless: 9829
2026-06-03 02:41:25,799 | INFO     |   →    vmess: 4400
2026-06-03 02:41:25,799 | INFO     |   →    trojan: 3916
2026-06-03 02:41:25,799 | INFO     |   →    ss: 5227
2026-06-03 02:41:25,799 | INFO     |   →    hysteria: 17
2026-06-03 02:41:25,799 | INFO     |   →    hysteria2: 61
2026-06-03 02:41:25,799 | INFO     |   →    hy2: 61
2026-06-03 02:41:25,799 | INFO     |   →    tuic: 53
2026-06-03 02:41:25,799 | INFO     | ✅ mirror.py завершён успешно
2026-06-03 02:41:25,799 | INFO     | 
2026-06-03 02:41:25,800 | INFO     | 
2026-06-03 02:41:25,800 | INFO     | ──────────────────────────────────────────────────────────────────────
2026-06-03 02:41:25,800 | INFO     | 📌 ЭТАП: Генерация 50 уникальных CF-VLESS
2026-06-03 02:41:25,800 | INFO     | ──────────────────────────────────────────────────────────────────────
2026-06-03 02:41:25,800 | INFO     | 🚀 Запуск generate_cf_vless.py (50 новых CF-VLESS)...
2026-06-03 02:41:25,983 | INFO     |   → === Генератор свежих VLESS-конфигов на IP Cloudflare ===
2026-06-03 02:41:25,983 | INFO     |   → ✅ Сгенерировано и сохранено 50 VLESS-конфигов.
2026-06-03 02:41:25,983 | INFO     |   → 📂 Файл: /home/runner/work/vpn-vless-configs-russia/vpn-vless-configs-russia/data/githubmirror/new/cf_fresh.txt
2026-06-03 02:41:25,983 | INFO     | ✅ generate_cf_vless.py завершён успешно
2026-06-03 02:41:25,983 | INFO     | 
2026-06-03 02:41:25,983 | INFO     | 
2026-06-03 02:41:25,983 | INFO     | ──────────────────────────────────────────────────────────────────────
2026-06-03 02:41:25,984 | INFO     | 📌 ЭТАП: Слияние CF с основным списком
2026-06-03 02:41:25,984 | INFO     | ──────────────────────────────────────────────────────────────────────
2026-06-03 02:41:26,104 | INFO     | 🔄 Добавлено 49 новых CF-VLESS в /home/runner/work/vpn-vless-configs-russia/vpn-vless-configs-russia/data/githubmirror/clean/vless.txt
2026-06-03 02:41:26,104 | INFO     | 📊 Всего в clean/vless.txt теперь: 9878
2026-06-03 02:41:26,107 | INFO     | 
2026-06-03 02:41:26,107 | INFO     | 
2026-06-03 02:41:26,107 | INFO     | ──────────────────────────────────────────────────────────────────────
2026-06-03 02:41:26,107 | INFO     | 📌 ЭТАП: Фильтрация по реальному SNI
2026-06-03 02:41:26,107 | INFO     | ──────────────────────────────────────────────────────────────────────
2026-06-03 02:41:26,107 | INFO     | 🚀 Запуск filter_ru_sni.py (Фильтр по реальному SNI (CDN+RU))...
2026-06-03 02:41:26,690 | INFO     |   → hy2.txt: 61 → 19 (SNI-filtered)
2026-06-03 02:41:26,690 | INFO     |   →   hysteria.txt: 17 → 0 (SNI-filtered)
2026-06-03 02:41:26,690 | INFO     |   →   hysteria2.txt: 61 → 4 (SNI-filtered)
2026-06-03 02:41:26,690 | INFO     |   →   ss.txt: 5227 → 360 (SNI-filtered)
2026-06-03 02:41:26,690 | INFO     |   →   trojan.txt: 3916 → 15 (SNI-filtered)
2026-06-03 02:41:26,690 | INFO     |   →   tuic.txt: 53 → 0 (SNI-filtered)
2026-06-03 02:41:26,690 | INFO     |   →   vless.txt: 9878 → 1697 (SNI-filtered)
2026-06-03 02:41:26,690 | INFO     |   →   vmess.txt: 4400 → 52 (SNI-filtered)
2026-06-03 02:41:26,690 | INFO     |   → ==================================================
2026-06-03 02:41:26,690 | INFO     |   →   Всего входных:  23613
2026-06-03 02:41:26,690 | INFO     |   →   Прошли фильтр:  2147
2026-06-03 02:41:26,690 | INFO     |   →   Отброшено:      21466
2026-06-03 02:41:26,690 | INFO     |   → ==================================================
2026-06-03 02:41:26,690 | INFO     |   → Готово → /home/runner/work/vpn-vless-configs-russia/vpn-vless-configs-russia/data/githubmirror/ru-sni
2026-06-03 02:41:26,690 | INFO     | ✅ filter_ru_sni.py завершён успешно
2026-06-03 02:41:26,690 | INFO     | 
2026-06-03 02:41:26,690 | INFO     | 
2026-06-03 02:41:26,690 | INFO     | ──────────────────────────────────────────────────────────────────────
2026-06-03 02:41:26,690 | INFO     | 📌 ЭТАП: Экспериментальный RU-SNI фильтр
2026-06-03 02:41:26,691 | INFO     | ──────────────────────────────────────────────────────────────────────
2026-06-03 02:41:26,691 | INFO     | 🚀 Запуск filter_ru_sni_local.py (Экспериментальный фильтр по RU-SNI)...
2026-06-03 02:41:27,072 | INFO     |   → hy2.txt: 61 → 0 (RU-SNI)
2026-06-03 02:41:27,072 | INFO     |   → hysteria.txt: 17 → 0 (RU-SNI)
2026-06-03 02:41:27,072 | INFO     |   → hysteria2.txt: 61 → 0 (RU-SNI)
2026-06-03 02:41:27,072 | INFO     |   → ss.txt: 5227 → 93 (RU-SNI)
2026-06-03 02:41:27,072 | INFO     |   → trojan.txt: 3916 → 0 (RU-SNI)
2026-06-03 02:41:27,072 | INFO     |   → tuic.txt: 53 → 0 (RU-SNI)
2026-06-03 02:41:27,072 | INFO     |   → vless.txt: 9878 → 737 (RU-SNI)
2026-06-03 02:41:27,072 | INFO     |   → vmess.txt: 4400 → 0 (RU-SNI)
2026-06-03 02:41:27,072 | INFO     |   → ==================================================
2026-06-03 02:41:27,072 | INFO     |   → Всего входных:  23613
2026-06-03 02:41:27,072 | INFO     |   → Прошли RU-SNI:  830
2026-06-03 02:41:27,072 | INFO     |   → Отброшено:      22783
2026-06-03 02:41:27,072 | INFO     |   → ==================================================
2026-06-03 02:41:27,072 | INFO     |   → Готово → /home/runner/work/vpn-vless-configs-russia/vpn-vless-configs-russia/data/githubmirror/ru-sni-local
2026-06-03 02:41:27,072 | INFO     | ✅ filter_ru_sni_local.py завершён успешно
2026-06-03 02:41:27,072 | INFO     | 
2026-06-03 02:41:27,072 | INFO     | 
2026-06-03 02:41:27,072 | INFO     | ──────────────────────────────────────────────────────────────────────
2026-06-03 02:41:27,072 | INFO     | 📌 ЭТАП: Сбор статистики
2026-06-03 02:41:27,072 | INFO     | ──────────────────────────────────────────────────────────────────────
2026-06-03 02:41:27,073 | INFO     | 📊 Сбор статистики...
2026-06-03 02:41:27,073 | INFO     |   📁 githubmirror/clean:
2026-06-03 02:41:27,073 | INFO     |     • hy2         :    61 конфигов
2026-06-03 02:41:27,073 | INFO     |     • hysteria    :    17 конфигов
2026-06-03 02:41:27,074 | INFO     |     • hysteria2   :    61 конфигов
2026-06-03 02:41:27,077 | INFO     |     • ss          :  5227 конфигов
2026-06-03 02:41:27,080 | INFO     |     • trojan      :  3916 конфигов
2026-06-03 02:41:27,081 | INFO     |     • tuic        :    53 конфигов
2026-06-03 02:41:27,089 | INFO     |     • vless       :  9878 конфигов
2026-06-03 02:41:27,092 | INFO     |     • vmess       :  4400 конфигов
2026-06-03 02:41:27,092 | INFO     |   📁 githubmirror/ru-sni:
2026-06-03 02:41:27,093 | INFO     |     • hy2         :    19 конфигов ( 31.1% от clean)
2026-06-03 02:41:27,093 | INFO     |     • hysteria    :     0 конфигов (  0.0% от clean)
2026-06-03 02:41:27,093 | INFO     |     • hysteria2   :     4 конфигов (  6.6% от clean)
2026-06-03 02:41:27,094 | INFO     |     • ss          :   360 конфигов (  6.9% от clean)
2026-06-03 02:41:27,094 | INFO     |     • trojan      :    15 конфигов (  0.4% от clean)
2026-06-03 02:41:27,094 | INFO     |     • tuic        :     0 конфигов (  0.0% от clean)
2026-06-03 02:41:27,096 | INFO     |     • vless       :  1697 конфигов ( 17.2% от clean)
2026-06-03 02:41:27,096 | INFO     |     • vmess       :    52 конфигов (  1.2% от clean)
2026-06-03 02:41:27,096 | INFO     |   ✨ Новых CF-VLESS в этом запуске: 50
2026-06-03 02:41:27,096 | INFO     | 
2026-06-03 02:41:27,096 | INFO     |   ──────────────────────────────────────────────────
2026-06-03 02:41:27,096 | INFO     |   📈 ИТОГО:
2026-06-03 02:41:27,096 | INFO     |     Clean (после geo-фильтра):    23613
2026-06-03 02:41:27,096 | INFO     |     RU-SNI (после SNI-фильтра):    2147
2026-06-03 02:41:27,096 | INFO     |     Прошло фильтр:                  9.1%
2026-06-03 02:41:27,097 | INFO     |   ──────────────────────────────────────────────────
2026-06-03 02:41:27,097 | INFO     | ✅ Статистика сохранена: /home/runner/work/vpn-vless-configs-russia/vpn-vless-configs-russia/data/stats.json
2026-06-03 02:41:27,097 | INFO     | 
2026-06-03 02:41:27,097 | INFO     | ======================================================================
2026-06-03 02:41:27,097 | INFO     | 📊 ИТОГОВЫЙ ОТЧЁТ
2026-06-03 02:41:27,097 | INFO     | ======================================================================
2026-06-03 02:41:27,097 | INFO     |   ✅ OK         | Загрузка и geo-фильтрация
2026-06-03 02:41:27,097 | INFO     |   ✅ OK         | Генерация 50 уникальных CF-VLESS
2026-06-03 02:41:27,097 | INFO     |   ✅ OK         | Слияние CF с основным списком
2026-06-03 02:41:27,097 | INFO     |   ✅ OK         | Фильтрация по реальному SNI
2026-06-03 02:41:27,097 | INFO     |   ✅ OK         | Экспериментальный RU-SNI фильтр
2026-06-03 02:41:27,097 | INFO     |   ✅ OK         | Сбор статистики
2026-06-03 02:41:27,097 | INFO     | ──────────────────────────────────────────────────────────────────────
2026-06-03 02:41:27,098 | INFO     | ✅ ВСЕ ЭТАПЫ УСПЕШНЫ (6/6)
2026-06-03 02:41:27,098 | INFO     | ⏰ Время завершения: 2026-06-03 02:41:27
2026-06-03 02:41:27,098 | INFO     | ======================================================================
