2026-06-03 14:27:17,420 | INFO     | ======================================================================
2026-06-03 14:27:17,420 | INFO     | 🔍 VPN KEY CHECKER - Начало проверки
2026-06-03 14:27:17,420 | INFO     | ⏰ Время старта: 2026-06-03 14:27:17
2026-06-03 14:27:17,420 | INFO     | 📂 Рабочая директория: /home/runner/work/vpn-vless-configs-russia/vpn-vless-configs-russia
2026-06-03 14:27:17,421 | INFO     | ======================================================================
2026-06-03 14:27:17,421 | INFO     | 
2026-06-03 14:27:17,421 | INFO     | 🔍 Проверка наличия скриптов...
2026-06-03 14:27:17,421 | INFO     |   ✅ mirror.py
2026-06-03 14:27:17,421 | INFO     |   ✅ generate_cf_vless.py
2026-06-03 14:27:17,421 | INFO     |   ✅ filter_ru_sni.py
2026-06-03 14:27:17,421 | INFO     |   ✅ filter_ru_sni_local.py
2026-06-03 14:27:17,421 | INFO     | 
2026-06-03 14:27:17,421 | INFO     | ──────────────────────────────────────────────────────────────────────
2026-06-03 14:27:17,421 | INFO     | 📌 ЭТАП: Загрузка и geo-фильтрация
2026-06-03 14:27:17,421 | INFO     | ──────────────────────────────────────────────────────────────────────
2026-06-03 14:27:17,421 | INFO     | 🚀 Запуск mirror.py (Загрузка и фильтрация по РФ/СНГ/Европа)...
2026-06-03 14:30:54,372 | INFO     |   → DEBUG: mirror.py started
2026-06-03 14:30:54,372 | INFO     |   → DEBUG: BASE_PATH = /home/runner/work/vpn-vless-configs-russia/vpn-vless-configs-russia
2026-06-03 14:30:54,372 | INFO     |   → DEBUG: CONFIG_SOURCES_FILE = /home/runner/work/vpn-vless-configs-russia/vpn-vless-configs-russia/data/config_sources.json
2026-06-03 14:30:54,372 | INFO     |   → 📂 Загружено 923 источников из /home/runner/work/vpn-vless-configs-russia/vpn-vless-configs-russia/data/config_sources.json
2026-06-03 14:30:54,372 | INFO     |   → 🚀 Старт: всего источников: 923
2026-06-03 14:30:54,372 | INFO     |   → 1/923: ✅ 0 взято | 🗑️ 0 мусор
2026-06-03 14:30:54,372 | INFO     |   → 2/923: ✅ 13 взято | 🗑️ 242 мусор
2026-06-03 14:30:54,373 | INFO     |   → 3/923 ⚠️ Ошибка: HTTPSConnectionPool(host='a.nodeshare.xyz', port=443): Max retries exceeded with url: /uploads/%7BYYYY%7D/%7BM%7D/%7BYYYY%7D%7BMM%7D%7BDD%7D.txt (Caused by SSLError(SSLError(1, '[SSL: TLSV1_UNRECOGNIZED_NAME] tlsv1 unrecognized name (_ssl.c:1016)'))) — https://a.nodeshare.xyz/uploads/{YYYY}/{M}/{YYYY}{MM}{DD}.txt
2026-06-03 14:30:54,373 | INFO     |   → 4/923: ✅ 0 взято | 🗑️ 0 мусор
2026-06-03 14:30:54,373 | INFO     |   → 5/923 ❌ HTTP 404 — https://bitbucket.org/huwo1/proxy_nodes/raw/f31ca9ec67b84071515729ff45b011b6b09c10f2/clash.yaml
2026-06-03 14:30:54,373 | INFO     |   → 6/923 ❌ HTTP 404 — https://cdn.jsdelivr.net/gh/cry0ice/genode@main/public/all.txt
2026-06-03 14:30:54,373 | INFO     |   → 7/923 ❌ HTTP 404 — https://cdn.jsdelivr.net/gh/cry0ice/genode@main/public/ss.txt
2026-06-03 14:30:54,373 | INFO     |   → 8/923 ❌ HTTP 404 — https://cdn.jsdelivr.net/gh/cry0ice/genode@main/public/ssr.txt
2026-06-03 14:30:54,373 | INFO     |   → 9/923 ❌ HTTP 404 — https://cdn.jsdelivr.net/gh/cry0ice/genode@main/public/trojan.txt
2026-06-03 14:30:54,373 | INFO     |   → 10/923 ❌ HTTP 404 — https://cdn.jsdelivr.net/gh/cry0ice/genode@main/public/vless.txt
2026-06-03 14:30:54,373 | INFO     |   → 11/923 ❌ HTTP 404 — https://cdn.jsdelivr.net/gh/cry0ice/genode@main/public/vmess.txt
2026-06-03 14:30:54,373 | INFO     |   → 12/923: ✅ 0 взято | 🗑️ 0 мусор
2026-06-03 14:30:54,373 | INFO     |   → 13/923: ✅ 0 взято | 🗑️ 0 мусор
2026-06-03 14:30:54,373 | INFO     |   → 14/923: ✅ 0 взято | 🗑️ 0 мусор
2026-06-03 14:30:54,373 | INFO     |   → 15/923: ✅ 0 взято | 🗑️ 0 мусор
2026-06-03 14:30:54,373 | INFO     |   → 16/923: ✅ 0 взято | 🗑️ 0 мусор
2026-06-03 14:30:54,373 | INFO     |   → 17/923: ✅ 0 взято | 🗑️ 0 мусор
2026-06-03 14:30:54,373 | INFO     |   → 18/923: ✅ 0 взято | 🗑️ 0 мусор
2026-06-03 14:30:54,373 | INFO     |   → 19/923: ✅ 0 взято | 🗑️ 0 мусор
2026-06-03 14:30:54,373 | INFO     |   → 20/923: ✅ 0 взято | 🗑️ 0 мусор
2026-06-03 14:30:54,373 | INFO     |   → 21/923: ✅ 0 взято | 🗑️ 0 мусор
2026-06-03 14:30:54,373 | INFO     |   → 22/923 ❌ HTTP 404 — https://free.datiya.com/uploads/{YYYY}{MM}{DD}-v2ray.txt
2026-06-03 14:30:54,373 | INFO     |   → 23/923 ❌ HTTP 404 — https://freessrnode.github.io/uploads/2024/08/0-20240822.txt
2026-06-03 14:30:54,373 | INFO     |   → 24/923 ❌ HTTP 404 — https://freessrnode.github.io/uploads/2024/08/1-20240822.txt
2026-06-03 14:30:54,373 | INFO     |   → 25/923 ❌ HTTP 404 — https://freessrnode.github.io/uploads/2024/08/2-20240822.txt
2026-06-03 14:30:54,373 | INFO     |   → 26/923 ❌ HTTP 404 — https://freessrnode.github.io/uploads/2024/08/3-20240822.txt
2026-06-03 14:30:54,373 | INFO     |   → 27/923 ❌ HTTP 404 — https://freessrnode.github.io/uploads/2024/08/4-20240822.txt
2026-06-03 14:30:54,373 | INFO     |   → 28/923 ⚠️ Ошибка: HTTPSConnectionPool(host='freevpnspy.githubrowcontent.com', port=443): Max retries exceeded with url: /2024/08/20240802_novless.yaml (Caused by NameResolutionError("HTTPSConnection(host='freevpnspy.githubrowcontent.com', port=443): Failed to resolve 'freevpnspy.githubrowcontent.com' ([Errno -2] Name or service not known)")) — https://freevpnspy.githubrowcontent.com/2024/08/20240802_novless.yaml
2026-06-03 14:30:54,374 | INFO     |   → 29/923 ⚠️ Ошибка: HTTPSConnectionPool(host='freevpnspy.githubrowcontent.com', port=443): Max retries exceeded with url: /2024/08/20240802_vless.yaml (Caused by NameResolutionError("HTTPSConnection(host='freevpnspy.githubrowcontent.com', port=443): Failed to resolve 'freevpnspy.githubrowcontent.com' ([Errno -2] Name or service not known)")) — https://freevpnspy.githubrowcontent.com/2024/08/20240802_vless.yaml
2026-06-03 14:30:54,374 | INFO     |   → 30/923: ✅ 0 взято | 🗑️ 0 мусор
2026-06-03 14:30:54,374 | INFO     |   → 31/923: ✅ 14 взято | 🗑️ 152 мусор
2026-06-03 14:30:54,374 | INFO     |   → 32/923: ✅ 0 взято | 🗑️ 0 мусор
2026-06-03 14:30:54,374 | INFO     |   → 33/923: ✅ 1 взято | 🗑️ 125 мусор
2026-06-03 14:30:54,374 | INFO     |   → 34/923: ✅ 0 взято | 🗑️ 130 мусор
2026-06-03 14:30:54,374 | INFO     |   → 35/923: ✅ 2 взято | 🗑️ 105 мусор
2026-06-03 14:30:54,374 | INFO     |   → 36/923: ✅ 0 взято | 🗑️ 0 мусор
2026-06-03 14:30:54,374 | INFO     |   → 37/923: ✅ 0 взято | 🗑️ 0 мусор
2026-06-03 14:30:54,374 | INFO     |   → 38/923 ❌ HTTP 404 — https://github.com/Epodonios/bulk-xray-v2ray-vless-vmess-...-configs/raw/main/sub/Albania/config.txt
2026-06-03 14:30:54,374 | INFO     |   → 39/923 ❌ HTTP 404 — https://github.com/Epodonios/bulk-xray-v2ray-vless-vmess-...-configs/raw/main/sub/Cura%C3%A7ao/config.txt
2026-06-03 14:30:54,374 | INFO     |   → 40/923 ❌ HTTP 404 — https://github.com/Epodonios/bulk-xray-v2ray-vless-vmess-...-configs/raw/main/sub/Finland/config.txt
2026-06-03 14:30:54,374 | INFO     |   → 41/923 ❌ HTTP 404 — https://github.com/Epodonios/bulk-xray-v2ray-vless-vmess-...-configs/raw/main/sub/Iran/config.txt
2026-06-03 14:30:54,374 | INFO     |   → 42/923 ❌ HTTP 404 — https://github.com/Epodonios/bulk-xray-v2ray-vless-vmess-...-configs/raw/main/sub/Netherlands/config.txt
2026-06-03 14:30:54,374 | INFO     |   → 43/923 ❌ HTTP 404 — https://github.com/Epodonios/bulk-xray-v2ray-vless-vmess-...-configs/raw/main/sub/Norway/config.txt
2026-06-03 14:30:54,374 | INFO     |   → 44/923 ❌ HTTP 404 — https://github.com/Epodonios/bulk-xray-v2ray-vless-vmess-...-configs/raw/main/sub/Russia/config.txt
2026-06-03 14:30:54,374 | INFO     |   → 45/923: ✅ 13 взято | 🗑️ 70 мусор
2026-06-03 14:30:54,374 | INFO     |   → 46/923: ✅ 0 взято | 🗑️ 4 мусор
2026-06-03 14:30:54,374 | INFO     |   → 47/923: ✅ 0 взято | 🗑️ 7 мусор
2026-06-03 14:30:54,374 | INFO     |   → 48/923: ✅ 0 взято | 🗑️ 51 мусор
2026-06-03 14:30:54,374 | INFO     |   → 49/923: ✅ 0 взято | 🗑️ 8 мусор
2026-06-03 14:30:54,374 | INFO     |   → 50/923: ✅ 0 взято | 🗑️ 0 мусор
2026-06-03 14:30:54,374 | INFO     |   → 51/923: ✅ 17 взято | 🗑️ 119 мусор
2026-06-03 14:30:54,375 | INFO     |   → 52/923 ❌ HTTP 404 — https://github.com/MrMohebi/xray-proxy-grabber-telegram/raw/master/collected-proxies/clash-meta/all.yaml
2026-06-03 14:30:54,375 | INFO     |   → 53/923 ❌ HTTP 404 — https://github.com/MrMohebi/xray-proxy-grabber-telegram/raw/master/collected-proxies/row-url/all.txt
2026-06-03 14:30:54,375 | INFO     |   → 54/923: ✅ 0 взято | 🗑️ 0 мусор
2026-06-03 14:30:54,375 | INFO     |   → 55/923: ✅ 0 взято | 🗑️ 113 мусор
2026-06-03 14:30:54,375 | INFO     |   → 56/923: ✅ 0 взято | 🗑️ 119 мусор
2026-06-03 14:30:54,375 | INFO     |   → 57/923: ✅ 0 взято | 🗑️ 0 мусор
2026-06-03 14:30:54,375 | INFO     |   → 58/923: ✅ 0 взято | 🗑️ 0 мусор
2026-06-03 14:30:54,375 | INFO     |   → 59/923: ✅ 0 взято | 🗑️ 0 мусор
2026-06-03 14:30:54,375 | INFO     |   → 60/923: ✅ 0 взято | 🗑️ 0 мусор
2026-06-03 14:30:54,375 | INFO     |   → 61/923: ✅ 0 взято | 🗑️ 0 мусор
2026-06-03 14:30:54,375 | INFO     |   → 62/923: ✅ 0 взято | 🗑️ 0 мусор
2026-06-03 14:30:54,375 | INFO     |   → 63/923: ✅ 0 взято | 🗑️ 0 мусор
2026-06-03 14:30:54,375 | INFO     |   → 64/923 ❌ HTTP 404 — https://github.com/mermeroo/V2RAY-FREE/raw/main/All_Configs_base64_Sub.txt
2026-06-03 14:30:54,375 | INFO     |   → 65/923 ❌ HTTP 404 — https://github.com/mermeroo/V2RAY-FREE/raw/main/Base64/Sub1_base64.txt
2026-06-03 14:30:54,375 | INFO     |   → 66/923 ❌ HTTP 404 — https://github.com/mermeroo/V2RAY-FREE/raw/main/Base64/Sub2_base64.txt
2026-06-03 14:30:54,375 | INFO     |   → 67/923 ❌ HTTP 404 — https://github.com/mermeroo/V2RAY-FREE/raw/main/Base64/Sub3_base64.txt
2026-06-03 14:30:54,375 | INFO     |   → 68/923 ❌ HTTP 404 — https://github.com/mermeroo/V2RAY-FREE/raw/main/Base64/Sub4_base64.txt
2026-06-03 14:30:54,375 | INFO     |   → 69/923 ❌ HTTP 404 — https://github.com/mermeroo/V2RAY-FREE/raw/main/Base64/Sub5_base64.txt
2026-06-03 14:30:54,375 | INFO     |   → 70/923 ❌ HTTP 404 — https://github.com/mermeroo/telegram-configs-collector/raw/main/protocols/hysteria
2026-06-03 14:30:54,375 | INFO     |   → 71/923 ❌ HTTP 404 — https://github.com/mermeroo/telegram-configs-collector/raw/main/protocols/juicity
2026-06-03 14:30:54,375 | INFO     |   → 72/923 ❌ HTTP 404 — https://github.com/mermeroo/telegram-configs-collector/raw/main/protocols/tuic
2026-06-03 14:30:54,375 | INFO     |   → 73/923: ✅ 5 взято | 🗑️ 16 мусор
2026-06-03 14:30:54,375 | INFO     |   → 74/923: ✅ 0 взято | 🗑️ 0 мусор
2026-06-03 14:30:54,375 | INFO     |   → 75/923: ✅ 0 взято | 🗑️ 0 мусор
2026-06-03 14:30:54,375 | INFO     |   → 76/923 ❌ HTTP 403 — https://gitlab.com/colloq168/nodefiltrate/-/raw/main/filtrate?ref_type=heads
2026-06-03 14:30:54,376 | INFO     |   → 77/923: ✅ 0 взято | 🗑️ 0 мусор
2026-06-03 14:30:54,376 | INFO     |   → 78/923: ✅ 0 взято | 🗑️ 103 мусор
2026-06-03 14:30:54,376 | INFO     |   → 79/923: ✅ 0 взято | 🗑️ 0 мусор
2026-06-03 14:30:54,376 | INFO     |   → 80/923: ✅ 3 взято | 🗑️ 213 мусор
2026-06-03 14:30:54,376 | INFO     |   → 81/923: ✅ 0 взято | 🗑️ 0 мусор
2026-06-03 14:30:54,376 | INFO     |   → 82/923: ✅ 1 взято | 🗑️ 130 мусор
2026-06-03 14:30:54,376 | INFO     |   → 83/923: ✅ 0 взято | 🗑️ 0 мусор
2026-06-03 14:30:54,376 | INFO     |   → 84/923: ✅ 0 взято | 🗑️ 135 мусор
2026-06-03 14:30:54,376 | INFO     |   → 85/923: ✅ 0 взято | 🗑️ 0 мусор
2026-06-03 14:30:54,376 | INFO     |   → 86/923 ⚠️ Ошибка: HTTPSConnectionPool(host='ivuxy.tech', port=443): Max retries exceeded with url: /v.txt (Caused by NameResolutionError("HTTPSConnection(host='ivuxy.tech', port=443): Failed to resolve 'ivuxy.tech' ([Errno -2] Name or service not known)")) — https://ivuxy.tech/v.txt
2026-06-03 14:30:54,376 | INFO     |   → 87/923 ⚠️ Ошибка: HTTPSConnectionPool(host='mirror.ghproxy.com', port=443): Max retries exceeded with url: /https://raw.githubusercontent.com/Barabama/FreeNodes/master/nodes/blues.txt (Caused by NameResolutionError("HTTPSConnection(host='mirror.ghproxy.com', port=443): Failed to resolve 'mirror.ghproxy.com' ([Errno -2] Name or service not known)")) — https://mirror.ghproxy.com/https://raw.githubusercontent.com/Barabama/FreeNodes/master/nodes/blues.txt
2026-06-03 14:30:54,376 | INFO     |   → 88/923 ⚠️ Ошибка: HTTPSConnectionPool(host='mirror.ghproxy.com', port=443): Max retries exceeded with url: /https://raw.githubusercontent.com/Barabama/FreeNodes/master/nodes/halekj.txt (Caused by NameResolutionError("HTTPSConnection(host='mirror.ghproxy.com', port=443): Failed to resolve 'mirror.ghproxy.com' ([Errno -2] Name or service not known)")) — https://mirror.ghproxy.com/https://raw.githubusercontent.com/Barabama/FreeNodes/master/nodes/halekj.txt
2026-06-03 14:30:54,376 | INFO     |   → 89/923 ⚠️ Ошибка: HTTPSConnectionPool(host='mirror.ghproxy.com', port=443): Max retries exceeded with url: /https://raw.githubusercontent.com/Barabama/FreeNodes/master/nodes/kkzui.txt (Caused by NameResolutionError("HTTPSConnection(host='mirror.ghproxy.com', port=443): Failed to resolve 'mirror.ghproxy.com' ([Errno -2] Name or service not known)")) — https://mirror.ghproxy.com/https://raw.githubusercontent.com/Barabama/FreeNodes/master/nodes/kkzui.txt
2026-06-03 14:30:54,376 | INFO     |   → 90/923 ⚠️ Ошибка: HTTPSConnectionPool(host='mirror.ghproxy.com', port=443): Max retries exceeded with url: /https://raw.githubusercontent.com/Barabama/FreeNodes/master/nodes/merged.txt (Caused by NameResolutionError("HTTPSConnection(host='mirror.ghproxy.com', port=443): Failed to resolve 'mirror.ghproxy.com' ([Errno -2] Name or service not known)")) — https://mirror.ghproxy.com/https://raw.githubusercontent.com/Barabama/FreeNodes/master/nodes/merged.txt
2026-06-03 14:30:54,376 | INFO     |   → 91/923 ⚠️ Ошибка: HTTPSConnectionPool(host='mirror.ghproxy.com', port=443): Max retries exceeded with url: /https://raw.githubusercontent.com/Barabama/FreeNodes/master/nodes/nodefree.txt (Caused by NameResolutionError("HTTPSConnection(host='mirror.ghproxy.com', port=443): Failed to resolve 'mirror.ghproxy.com' ([Errno -2] Name or service not known)")) — https://mirror.ghproxy.com/https://raw.githubusercontent.com/Barabama/FreeNodes/master/nodes/nodefree.txt
2026-06-03 14:30:54,376 | INFO     |   → 92/923 ⚠️ Ошибка: HTTPSConnectionPool(host='mirror.ghproxy.com', port=443): Max retries exceeded with url: /https://raw.githubusercontent.com/Barabama/FreeNodes/master/nodes/openrunner.txt (Caused by NameResolutionError("HTTPSConnection(host='mirror.ghproxy.com', port=443): Failed to resolve 'mirror.ghproxy.com' ([Errno -2] Name or service not known)")) — https://mirror.ghproxy.com/https://raw.githubusercontent.com/Barabama/FreeNodes/master/nodes/openrunner.txt
2026-06-03 14:30:54,376 | INFO     |   → 93/923 ⚠️ Ошибка: HTTPSConnectionPool(host='mirror.ghproxy.com', port=443): Max retries exceeded with url: /https://raw.githubusercontent.com/Barabama/FreeNodes/master/nodes/v2rayshare.txt (Caused by NameResolutionError("HTTPSConnection(host='mirror.ghproxy.com', port=443): Failed to resolve 'mirror.ghproxy.com' ([Errno -2] Name or service not known)")) — https://mirror.ghproxy.com/https://raw.githubusercontent.com/Barabama/FreeNodes/master/nodes/v2rayshare.txt
2026-06-03 14:30:54,376 | INFO     |   → 94/923 ⚠️ Ошибка: HTTPSConnectionPool(host='mirror.ghproxy.com', port=443): Max retries exceeded with url: /https://raw.githubusercontent.com/Barabama/FreeNodes/master/nodes/wenode.txt (Caused by NameResolutionError("HTTPSConnection(host='mirror.ghproxy.com', port=443): Failed to resolve 'mirror.ghproxy.com' ([Errno -2] Name or service not known)")) — https://mirror.ghproxy.com/https://raw.githubusercontent.com/Barabama/FreeNodes/master/nodes/wenode.txt
2026-06-03 14:30:54,376 | INFO     |   → 95/923 ⚠️ Ошибка: HTTPSConnectionPool(host='mirror.ghproxy.com', port=443): Max retries exceeded with url: /https://raw.githubusercontent.com/Barabama/FreeNodes/master/nodes/yudou66.txt (Caused by NameResolutionError("HTTPSConnection(host='mirror.ghproxy.com', port=443): Failed to resolve 'mirror.ghproxy.com' ([Errno -2] Name or service not known)")) — https://mirror.ghproxy.com/https://raw.githubusercontent.com/Barabama/FreeNodes/master/nodes/yudou66.txt
2026-06-03 14:30:54,376 | INFO     |   → 96/923 ❌ HTTP 404 — https://node.freeclashnode.com/uploads/{YYYY}/{MM}/0-{YYYY}{MM}{DD}.txt
2026-06-03 14:30:54,376 | INFO     |   → 97/923 ❌ HTTP 404 — https://node.freeclashnode.com/uploads/{YYYY}/{MM}/1-{YYYY}{MM}{DD}.txt
2026-06-03 14:30:54,376 | INFO     |   → 98/923 ❌ HTTP 404 — https://node.freeclashnode.com/uploads/{YYYY}/{MM}/2-{YYYY}{MM}{DD}.txt
2026-06-03 14:30:54,376 | INFO     |   → 99/923 ❌ HTTP 404 — https://node.freeclashnode.com/uploads/{YYYY}/{MM}/3-{YYYY}{MM}{DD}.txt
2026-06-03 14:30:54,376 | INFO     |   → 100/923 ❌ HTTP 404 — https://node.freeclashnode.com/uploads/{YYYY}/{MM}/4-{YYYY}{MM}{DD}.txt
2026-06-03 14:30:54,376 | INFO     |   → 101/923: ✅ 6 взято | 🗑️ 24 мусор
2026-06-03 14:30:54,376 | INFO     |   → 102/923: ✅ 13 взято | 🗑️ 7 мусор
2026-06-03 14:30:54,377 | INFO     |   → 103/923: ✅ 0 взято | 🗑️ 7 мусор
2026-06-03 14:30:54,377 | INFO     |   → 104/923: ✅ 0 взято | 🗑️ 7 мусор
2026-06-03 14:30:54,377 | INFO     |   → 105/923 ⚠️ Ошибка: HTTPSConnectionPool(host='nodefree.githubrowcontent.com', port=443): Max retries exceeded with url: /%7BYYYY%7D/%7BMM%7D/%7BYYYY%7D%7BMM%7D%7BDD%7D.txt (Caused by NameResolutionError("HTTPSConnection(host='nodefree.githubrowcontent.com', port=443): Failed to resolve 'nodefree.githubrowcontent.com' ([Errno -2] Name or service not known)")) — https://nodefree.githubrowcontent.com/{YYYY}/{MM}/{YYYY}{MM}{DD}.txt
2026-06-03 14:30:54,377 | INFO     |   → 106/923 ⚠️ Ошибка: HTTPSConnectionPool(host='nodefree.githubrowcontent.com', port=443): Max retries exceeded with url: /2024/07/20240705.yaml (Caused by NameResolutionError("HTTPSConnection(host='nodefree.githubrowcontent.com', port=443): Failed to resolve 'nodefree.githubrowcontent.com' ([Errno -2] Name or service not known)")) — https://nodefree.org/dy/2023/08/20230806.yaml
2026-06-03 14:30:54,377 | INFO     |   → 107/923 ⚠️ Ошибка: HTTPSConnectionPool(host='nodefree.githubrowcontent.com', port=443): Max retries exceeded with url: /2024/07/20240705.txt (Caused by NameResolutionError("HTTPSConnection(host='nodefree.githubrowcontent.com', port=443): Failed to resolve 'nodefree.githubrowcontent.com' ([Errno -2] Name or service not known)")) — https://nodefree.org/dy/2023/12/20231221.txt
2026-06-03 14:30:54,377 | INFO     |   → 108/923: ✅ 0 взято | 🗑️ 24 мусор
2026-06-03 14:30:54,377 | INFO     |   → 109/923: ✅ 0 взято | 🗑️ 7 мусор
2026-06-03 14:30:54,377 | INFO     |   → 110/923: ✅ 0 взято | 🗑️ 7 мусор
2026-06-03 14:30:54,377 | INFO     |   → 111/923: ✅ 0 взято | 🗑️ 7 мусор
2026-06-03 14:30:54,377 | INFO     |   → 112/923: ✅ 0 взято | 🗑️ 0 мусор
2026-06-03 14:30:54,377 | INFO     |   → 113/923: ✅ 0 взято | 🗑️ 0 мусор
2026-06-03 14:30:54,377 | INFO     |   → 114/923: ✅ 0 взято | 🗑️ 0 мусор
2026-06-03 14:30:54,377 | INFO     |   → 115/923: ✅ 0 взято | 🗑️ 0 мусор
2026-06-03 14:30:54,377 | INFO     |   → 116/923: ✅ 0 взято | 🗑️ 0 мусор
2026-06-03 14:30:54,377 | INFO     |   → 117/923: ✅ 0 взято | 🗑️ 0 мусор
2026-06-03 14:30:54,377 | INFO     |   → 118/923: ✅ 0 взято | 🗑️ 0 мусор
2026-06-03 14:30:54,377 | INFO     |   → 119/923: ✅ 0 взято | 🗑️ 0 мусор
2026-06-03 14:30:54,377 | INFO     |   → 120/923: ✅ 0 взято | 🗑️ 0 мусор
2026-06-03 14:30:54,377 | INFO     |   → 121/923: ✅ 0 взято | 🗑️ 0 мусор
2026-06-03 14:30:54,377 | INFO     |   → 122/923: ✅ 0 взято | 🗑️ 0 мусор
2026-06-03 14:30:54,377 | INFO     |   → 123/923: ✅ 0 взято | 🗑️ 0 мусор
2026-06-03 14:30:54,377 | INFO     |   → 124/923 ❌ HTTP 404 — https://raw.githubusercontent.com/10ium/MihomoSaz/main/Sublist/shatakvpn.yaml4_Sub.txt
2026-06-03 14:30:54,377 | INFO     |   → 125/923: ✅ 0 взято | 🗑️ 0 мусор
2026-06-03 14:30:54,377 | INFO     |   → 126/923: ✅ 0 взято | 🗑️ 0 мусор
2026-06-03 14:30:54,377 | INFO     |   → 127/923: ✅ 1181 взято | 🗑️ 3351 мусор
2026-06-03 14:30:54,377 | INFO     |   → 128/923: ✅ 10 взято | 🗑️ 368 мусор
2026-06-03 14:30:54,377 | INFO     |   → 129/923: ✅ 859 взято | 🗑️ 2443 мусор
2026-06-03 14:30:54,377 | INFO     |   → 130/923: ✅ 167 взято | 🗑️ 672 мусор
2026-06-03 14:30:54,377 | INFO     |   → 131/923: ✅ 0 взято | 🗑️ 0 мусор
2026-06-03 14:30:54,377 | INFO     |   → 132/923: ✅ 0 взято | 🗑️ 0 мусор
2026-06-03 14:30:54,378 | INFO     |   → 133/923: ✅ 11 взято | 🗑️ 399 мусор
2026-06-03 14:30:54,378 | INFO     |   → 134/923: ✅ 849 взято | 🗑️ 1525 мусор
2026-06-03 14:30:54,378 | INFO     |   → 135/923: ✅ 32 взято | 🗑️ 5 мусор
2026-06-03 14:30:54,378 | INFO     |   → 136/923: ✅ 0 взято | 🗑️ 0 мусор
2026-06-03 14:30:54,378 | INFO     |   → 137/923 ❌ HTTP 404 — https://raw.githubusercontent.com/9Fork/openit/main/Clash.yaml
2026-06-03 14:30:54,378 | INFO     |   → 138/923: ✅ 50 взято | 🗑️ 74 мусор
2026-06-03 14:30:54,378 | INFO     |   → 139/923: ✅ 0 взято | 🗑️ 74 мусор
2026-06-03 14:30:54,378 | INFO     |   → 140/923: ✅ 63 взято | 🗑️ 237 мусор
2026-06-03 14:30:54,378 | INFO     |   → 141/923: ✅ 49 взято | 🗑️ 251 мусор
2026-06-03 14:30:54,378 | INFO     |   → 142/923: ✅ 25 взято | 🗑️ 275 мусор
2026-06-03 14:30:54,378 | INFO     |   → 143/923: ✅ 21 взято | 🗑️ 54 мусор
2026-06-03 14:30:54,378 | INFO     |   → 144/923: ✅ 32 взято | 🗑️ 268 мусор
2026-06-03 14:30:54,378 | INFO     |   → 145/923: ✅ 99 взято | 🗑️ 201 мусор
2026-06-03 14:30:54,378 | INFO     |   → 146/923: ✅ 159 взято | 🗑️ 141 мусор
2026-06-03 14:30:54,378 | INFO     |   → 147/923: ✅ 9 взято | 🗑️ 356 мусор
2026-06-03 14:30:54,378 | INFO     |   → 148/923: ✅ 19 взято | 🗑️ 81 мусор
2026-06-03 14:30:54,378 | INFO     |   → 149/923: ✅ 11 взято | 🗑️ 87 мусор
2026-06-03 14:30:54,378 | INFO     |   → 150/923: ✅ 27 взято | 🗑️ 73 мусор
2026-06-03 14:30:54,378 | INFO     |   → 151/923: ✅ 13 взято | 🗑️ 75 мусор
2026-06-03 14:30:54,378 | INFO     |   → 152/923: ✅ 10 взято | 🗑️ 83 мусор
2026-06-03 14:30:54,378 | INFO     |   → 153/923: ✅ 12 взято | 🗑️ 86 мусор
2026-06-03 14:30:54,378 | INFO     |   → 154/923: ✅ 11 взято | 🗑️ 87 мусор
2026-06-03 14:30:54,378 | INFO     |   → 155/923: ✅ 11 взято | 🗑️ 80 мусор
2026-06-03 14:30:54,378 | INFO     |   → 156/923: ✅ 9 взято | 🗑️ 82 мусор
2026-06-03 14:30:54,378 | INFO     |   → 157/923: ✅ 69 взято | 🗑️ 3 мусор
2026-06-03 14:30:54,378 | INFO     |   → 158/923: ✅ 3 взято | 🗑️ 75 мусор
2026-06-03 14:30:54,378 | INFO     |   → 159/923: ✅ 4 взято | 🗑️ 69 мусор
2026-06-03 14:30:54,378 | INFO     |   → 160/923: ✅ 4 взято | 🗑️ 80 мусор
2026-06-03 14:30:54,378 | INFO     |   → 161/923: ✅ 6 взято | 🗑️ 81 мусор
2026-06-03 14:30:54,378 | INFO     |   → 162/923: ✅ 5 взято | 🗑️ 79 мусор
2026-06-03 14:30:54,378 | INFO     |   → 163/923: ✅ 11 взято | 🗑️ 78 мусор
2026-06-03 14:30:54,379 | INFO     |   → 164/923: ✅ 3 взято | 🗑️ 83 мусор
2026-06-03 14:30:54,379 | INFO     |   → 165/923: ✅ 14 взято | 🗑️ 76 мусор
2026-06-03 14:30:54,379 | INFO     |   → 166/923: ✅ 12 взято | 🗑️ 78 мусор
2026-06-03 14:30:54,379 | INFO     |   → 167/923: ✅ 26 взято | 🗑️ 218 мусор
2026-06-03 14:30:54,379 | INFO     |   → 168/923: ✅ 44 взято | 🗑️ 141 мусор
2026-06-03 14:30:54,379 | INFO     |   → 169/923: ✅ 10 взято | 🗑️ 71 мусор
2026-06-03 14:30:54,379 | INFO     |   → 170/923: ✅ 2 взято | 🗑️ 88 мусор
2026-06-03 14:30:54,379 | INFO     |   → 171/923: ✅ 0 взято | 🗑️ 3 мусор
2026-06-03 14:30:54,379 | INFO     |   → 172/923: ✅ 14 взято | 🗑️ 4 мусор
2026-06-03 14:30:54,379 | INFO     |   → 173/923: ✅ 699 взято | 🗑️ 2511 мусор
2026-06-03 14:30:54,379 | INFO     |   → 174/923 ❌ HTTP 404 — https://raw.githubusercontent.com/Alvin9999/pac2/master/clash/1/config.yaml
2026-06-03 14:30:54,379 | INFO     |   → 175/923 ❌ HTTP 404 — https://raw.githubusercontent.com/AmirHDevo/temp2/7f15e7ddb311a6f8c5ab338bd1af0e1f2136a84b/configs.txt
2026-06-03 14:30:54,379 | INFO     |   → 176/923: ✅ 214 взято | 🗑️ 2195 мусор
2026-06-03 14:30:54,379 | INFO     |   → 177/923: ✅ 2 взято | 🗑️ 171 мусор
2026-06-03 14:30:54,379 | INFO     |   → 178/923: ✅ 4020 взято | 🗑️ 63467 мусор
2026-06-03 14:30:54,379 | INFO     |   → 179/923: ✅ 5 взято | 🗑️ 47 мусор
2026-06-03 14:30:54,379 | INFO     |   → 180/923: ✅ 0 взято | 🗑️ 44 мусор
2026-06-03 14:30:54,379 | INFO     |   → 181/923: ✅ 21 взято | 🗑️ 107 мусор
2026-06-03 14:30:54,379 | INFO     |   → 182/923: ✅ 78 взято | 🗑️ 347 мусор
2026-06-03 14:30:54,379 | INFO     |   → 183/923: ✅ 0 взято | 🗑️ 1373 мусор
2026-06-03 14:30:54,379 | INFO     |   → 184/923: ✅ 83 взято | 🗑️ 799 мусор
2026-06-03 14:30:54,379 | INFO     |   → 185/923: ✅ 339 взято | 🗑️ 1542 мусор
2026-06-03 14:30:54,379 | INFO     |   → 186/923: ✅ 0 взято | 🗑️ 6 мусор
2026-06-03 14:30:54,379 | INFO     |   → 187/923: ✅ 0 взято | 🗑️ 0 мусор
2026-06-03 14:30:54,379 | INFO     |   → 188/923: ✅ 1 взято | 🗑️ 235 мусор
2026-06-03 14:30:54,379 | INFO     |   → 189/923: ✅ 49 взято | 🗑️ 86 мусор
2026-06-03 14:30:54,379 | INFO     |   → 190/923: ✅ 0 взято | 🗑️ 16 мусор
2026-06-03 14:30:54,379 | INFO     |   → 191/923: ✅ 6 взято | 🗑️ 17 мусор
2026-06-03 14:30:54,379 | INFO     |   → 192/923: ✅ 1 взято | 🗑️ 12 мусор
2026-06-03 14:30:54,380 | INFO     |   → 193/923: ✅ 0 взято | 🗑️ 17 мусор
2026-06-03 14:30:54,380 | INFO     |   → 194/923: ✅ 0 взято | 🗑️ 17 мусор
2026-06-03 14:30:54,380 | INFO     |   → 195/923: ✅ 23 взято | 🗑️ 516 мусор
2026-06-03 14:30:54,380 | INFO     |   → 196/923: ✅ 1 взято | 🗑️ 324 мусор
2026-06-03 14:30:54,380 | INFO     |   → 197/923: ✅ 1 взято | 🗑️ 192 мусор
2026-06-03 14:30:54,380 | INFO     |   → 198/923: ✅ 5 взято | 🗑️ 158 мусор
2026-06-03 14:30:54,380 | INFO     |   → 199/923: ✅ 0 взято | 🗑️ 16 мусор
2026-06-03 14:30:54,380 | INFO     |   → 200/923: ✅ 0 взято | 🗑️ 0 мусор
2026-06-03 14:30:54,380 | INFO     |   → 201/923: ✅ 0 взято | 🗑️ 14 мусор
2026-06-03 14:30:54,380 | INFO     |   → 202/923: ✅ 0 взято | 🗑️ 0 мусор
2026-06-03 14:30:54,380 | INFO     |   → 203/923: ✅ 0 взято | 🗑️ 17 мусор
2026-06-03 14:30:54,380 | INFO     |   → 204/923: ✅ 0 взято | 🗑️ 0 мусор
2026-06-03 14:30:54,380 | INFO     |   → 205/923: ✅ 0 взято | 🗑️ 12 мусор
2026-06-03 14:30:54,380 | INFO     |   → 206/923: ✅ 0 взято | 🗑️ 0 мусор
2026-06-03 14:30:54,380 | INFO     |   → 207/923: ✅ 0 взято | 🗑️ 17 мусор
2026-06-03 14:30:54,380 | INFO     |   → 208/923: ✅ 0 взято | 🗑️ 0 мусор
2026-06-03 14:30:54,380 | INFO     |   → 209/923: ✅ 0 взято | 🗑️ 17 мусор
2026-06-03 14:30:54,380 | INFO     |   → 210/923: ✅ 0 взято | 🗑️ 0 мусор
2026-06-03 14:30:54,380 | INFO     |   → 211/923: ✅ 2 взято | 🗑️ 161 мусор
2026-06-03 14:30:54,380 | INFO     |   → 212/923: ✅ 0 взято | 🗑️ 0 мусор
2026-06-03 14:30:54,380 | INFO     |   → 213/923: ✅ 26 взято | 🗑️ 331 мусор
2026-06-03 14:30:54,380 | INFO     |   → 214/923: ✅ 28 взято | 🗑️ 7 мусор
2026-06-03 14:30:54,380 | INFO     |   → 215/923: ✅ 5 взято | 🗑️ 76 мусор
2026-06-03 14:30:54,380 | INFO     |   → 216/923: ✅ 80 взято | 🗑️ 1110 мусор
2026-06-03 14:30:54,380 | INFO     |   → 217/923: ✅ 20 взято | 🗑️ 1156 мусор
2026-06-03 14:30:54,380 | INFO     |   → 218/923 ❌ HTTP 404 — https://raw.githubusercontent.com/Egkaz/Proxy-list-20k-server/main/stable.txt
2026-06-03 14:30:54,380 | INFO     |   → 219/923: ✅ 5 взято | 🗑️ 13 мусор
2026-06-03 14:30:54,380 | INFO     |   → 220/923 ❌ HTTP 404 — https://raw.githubusercontent.com/Epodonios/bulk-xray-v2ray-vless-vmess-...-configs/main/sub/Austria/config.txt
2026-06-03 14:30:54,381 | INFO     |   → 221/923 ❌ HTTP 404 — https://raw.githubusercontent.com/Epodonios/bulk-xray-v2ray-vless-vmess-...-configs/main/sub/Canada/config.txt
2026-06-03 14:30:54,381 | INFO     |   → 222/923 ❌ HTTP 404 — https://raw.githubusercontent.com/Epodonios/bulk-xray-v2ray-vless-vmess-...-configs/main/sub/Costa%20Rica/config.txt
2026-06-03 14:30:54,381 | INFO     |   → 223/923 ❌ HTTP 404 — https://raw.githubusercontent.com/Epodonios/bulk-xray-v2ray-vless-vmess-...-configs/main/sub/France/config.txt
2026-06-03 14:30:54,381 | INFO     |   → 224/923 ❌ HTTP 404 — https://raw.githubusercontent.com/Epodonios/bulk-xray-v2ray-vless-vmess-...-configs/main/sub/Germany/config.txt
2026-06-03 14:30:54,381 | INFO     |   → 225/923 ❌ HTTP 404 — https://raw.githubusercontent.com/Epodonios/bulk-xray-v2ray-vless-vmess-...-configs/main/sub/Indonesia/config.txt
2026-06-03 14:30:54,381 | INFO     |   → 226/923 ❌ HTTP 404 — https://raw.githubusercontent.com/Epodonios/bulk-xray-v2ray-vless-vmess-...-configs/main/sub/Ireland/config.txt
2026-06-03 14:30:54,381 | INFO     |   → 227/923 ❌ HTTP 404 — https://raw.githubusercontent.com/Epodonios/bulk-xray-v2ray-vless-vmess-...-configs/main/sub/Republic%20of%20Lithuania/config.txt
2026-06-03 14:30:54,381 | INFO     |   → 228/923 ❌ HTTP 404 — https://raw.githubusercontent.com/Epodonios/bulk-xray-v2ray-vless-vmess-...-configs/main/sub/South%20Africa/config.txt
2026-06-03 14:30:54,381 | INFO     |   → 229/923 ❌ HTTP 404 — https://raw.githubusercontent.com/Epodonios/bulk-xray-v2ray-vless-vmess-...-configs/main/sub/Sweden/config.txt
2026-06-03 14:30:54,381 | INFO     |   → 230/923 ❌ HTTP 404 — https://raw.githubusercontent.com/Epodonios/bulk-xray-v2ray-vless-vmess-...-configs/main/sub/Turkey/config.txt
2026-06-03 14:30:54,381 | INFO     |   → 231/923 ❌ HTTP 404 — https://raw.githubusercontent.com/Epodonios/bulk-xray-v2ray-vless-vmess-...-configs/main/sub/United%20Arab%20Emirates/config.txt
2026-06-03 14:30:54,381 | INFO     |   → 232/923 ❌ HTTP 404 — https://raw.githubusercontent.com/Epodonios/bulk-xray-v2ray-vless-vmess-...-configs/main/sub/United%20Kingdom/config.txt
2026-06-03 14:30:54,381 | INFO     |   → 233/923 ❌ HTTP 404 — https://raw.githubusercontent.com/Epodonios/bulk-xray-v2ray-vless-vmess-...-configs/main/sub/United%20States/config.txt
2026-06-03 14:30:54,381 | INFO     |   → 234/923 ❌ HTTP 404 — https://raw.githubusercontent.com/Epodonios/v2ray-configs/main/Splitted-By-Protocol/mix.txt
2026-06-03 14:30:54,381 | INFO     |   → 235/923: ✅ 44 взято | 🗑️ 326 мусор
2026-06-03 14:30:54,381 | INFO     |   → 236/923: ✅ 0 взято | 🗑️ 0 мусор
2026-06-03 14:30:54,381 | INFO     |   → 237/923: ✅ 82 взято | 🗑️ 378 мусор
2026-06-03 14:30:54,381 | INFO     |   → 238/923: ✅ 298 взято | 🗑️ 2462 мусор
2026-06-03 14:30:54,381 | INFO     |   → 239/923: ✅ 42 взято | 🗑️ 571 мусор
2026-06-03 14:30:54,381 | INFO     |   → 240/923 ❌ HTTP 404 — https://raw.githubusercontent.com/Epodonios/v2ray-configs/raw/main/Splitted-By-Protocol/trojan.txt
2026-06-03 14:30:54,381 | INFO     |   → 241/923 ❌ HTTP 404 — https://raw.githubusercontent.com/Epodonios/v2ray-configs/raw/main/Splitted-By-Protocol/vmess.txt
2026-06-03 14:30:54,381 | INFO     |   → 242/923: ✅ 265 взято | 🗑️ 3549 мусор
2026-06-03 14:30:54,381 | INFO     |   → 243/923: ✅ 0 взято | 🗑️ 326 мусор
2026-06-03 14:30:54,381 | INFO     |   → 244/923: ✅ 0 взято | 🗑️ 0 мусор
2026-06-03 14:30:54,382 | INFO     |   → 245/923: ✅ 0 взято | 🗑️ 378 мусор
2026-06-03 14:30:54,382 | INFO     |   → 246/923: ✅ 0 взято | 🗑️ 2462 мусор
2026-06-03 14:30:54,382 | INFO     |   → 247/923: ✅ 0 взято | 🗑️ 571 мусор
2026-06-03 14:30:54,382 | INFO     |   → 248/923: ✅ 549 взято | 🗑️ 478 мусор
2026-06-03 14:30:54,382 | INFO     |   → 249/923: ✅ 0 взято | 🗑️ 98 мусор
2026-06-03 14:30:54,382 | INFO     |   → 250/923: ✅ 0 взято | 🗑️ 153 мусор
2026-06-03 14:30:54,382 | INFO     |   → 251/923: ✅ 180 взято | 🗑️ 96 мусор
2026-06-03 14:30:54,382 | INFO     |   → 252/923: ✅ 109 взято | 🗑️ 7 мусор
2026-06-03 14:30:54,382 | INFO     |   → 253/923: ✅ 8 взято | 🗑️ 354 мусор
2026-06-03 14:30:54,382 | INFO     |   → 254/923 ❌ HTTP 404 — https://raw.githubusercontent.com/Fido6/FreeNodes/57221e59caddde55ffdda21d491ae952cd608049/nodes/halekj.txt
2026-06-03 14:30:54,382 | INFO     |   → 255/923 ❌ HTTP 404 — https://raw.githubusercontent.com/Fido6/FreeNodes/57221e59caddde55ffdda21d491ae952cd608049/nodes/kkzui.txt
2026-06-03 14:30:54,382 | INFO     |   → 256/923 ❌ HTTP 404 — https://raw.githubusercontent.com/Fido6/FreeNodes/57221e59caddde55ffdda21d491ae952cd608049/nodes/wenode.txt
2026-06-03 14:30:54,382 | INFO     |   → 257/923 ❌ HTTP 404 — https://raw.githubusercontent.com/Firmfox/Proxify/main/v2ray_configs/mixed/subscription-2.txt
2026-06-03 14:30:54,382 | INFO     |   → 258/923 ❌ HTTP 404 — https://raw.githubusercontent.com/Firmfox/Proxify/main/v2ray_configs/seperated_by_protocol/other.txt
2026-06-03 14:30:54,382 | INFO     |   → 259/923 ❌ HTTP 404 — https://raw.githubusercontent.com/Firmfox/Proxify/main/v2ray_configs/seperated_by_protocol/shadowsocks.txt
2026-06-03 14:30:54,382 | INFO     |   → 260/923 ❌ HTTP 404 — https://raw.githubusercontent.com/Firmfox/Proxify/main/v2ray_configs/seperated_by_protocol/trojan.txt
2026-06-03 14:30:54,382 | INFO     |   → 261/923 ❌ HTTP 404 — https://raw.githubusercontent.com/Firmfox/Proxify/main/v2ray_configs/seperated_by_protocol/vless.txt
2026-06-03 14:30:54,382 | INFO     |   → 262/923 ❌ HTTP 404 — https://raw.githubusercontent.com/Firmfox/Proxify/main/v2ray_configs/seperated_by_protocol/vmess.txt
2026-06-03 14:30:54,382 | INFO     |   → 263/923: ✅ 0 взято | 🗑️ 0 мусор
2026-06-03 14:30:54,382 | INFO     |   → 264/923: ✅ 0 взято | 🗑️ 0 мусор
2026-06-03 14:30:54,382 | INFO     |   → 265/923: ✅ 14 взято | 🗑️ 250 мусор
2026-06-03 14:30:54,382 | INFO     |   → 266/923: ✅ 1 взято | 🗑️ 26 мусор
2026-06-03 14:30:54,382 | INFO     |   → 267/923: ✅ 15 взято | 🗑️ 0 мусор
2026-06-03 14:30:54,382 | INFO     |   → 268/923: ✅ 0 взято | 🗑️ 609 мусор
2026-06-03 14:30:54,383 | INFO     |   → 269/923: ✅ 18 взято | 🗑️ 63 мусор
2026-06-03 14:30:54,383 | INFO     |   → 270/923: ✅ 1 взято | 🗑️ 17 мусор
2026-06-03 14:30:54,383 | INFO     |   → 271/923: ✅ 4 взято | 🗑️ 11 мусор
2026-06-03 14:30:54,383 | INFO     |   → 272/923: ✅ 0 взято | 🗑️ 0 мусор
2026-06-03 14:30:54,383 | INFO     |   → 273/923: ✅ 0 взято | 🗑️ 137 мусор
2026-06-03 14:30:54,383 | INFO     |   → 274/923: ✅ 0 взято | 🗑️ 32 мусор
2026-06-03 14:30:54,383 | INFO     |   → 275/923: ✅ 2 взято | 🗑️ 19 мусор
2026-06-03 14:30:54,383 | INFO     |   → 276/923: ✅ 0 взято | 🗑️ 43 мусор
2026-06-03 14:30:54,383 | INFO     |   → 277/923: ✅ 0 взято | 🗑️ 43 мусор
2026-06-03 14:30:54,383 | INFO     |   → 278/923: ✅ 0 взято | 🗑️ 1 мусор
2026-06-03 14:30:54,383 | INFO     |   → 279/923: ✅ 0 взято | 🗑️ 1 мусор
2026-06-03 14:30:54,383 | INFO     |   → 280/923: ✅ 0 взято | 🗑️ 28 мусор
2026-06-03 14:30:54,383 | INFO     |   → 281/923: ✅ 14 взято | 🗑️ 282 мусор
2026-06-03 14:30:54,383 | INFO     |   → 282/923: ✅ 0 взято | 🗑️ 94 мусор
2026-06-03 14:30:54,383 | INFO     |   → 283/923: ✅ 0 взято | 🗑️ 0 мусор
2026-06-03 14:30:54,383 | INFO     |   → 284/923: ✅ 0 взято | 🗑️ 0 мусор
2026-06-03 14:30:54,383 | INFO     |   → 285/923: ✅ 392 взято | 🗑️ 87 мусор
2026-06-03 14:30:54,383 | INFO     |   → 286/923: ✅ 113 взято | 🗑️ 390 мусор
2026-06-03 14:30:54,383 | INFO     |   → 287/923: ✅ 125 взято | 🗑️ 374 мусор
2026-06-03 14:30:54,383 | INFO     |   → 288/923: ✅ 5939 взято | 🗑️ 46237 мусор
2026-06-03 14:30:54,383 | INFO     |   → 289/923: ✅ 0 взято | 🗑️ 35 мусор
2026-06-03 14:30:54,383 | INFO     |   → 290/923: ✅ 0 взято | 🗑️ 9698 мусор
2026-06-03 14:30:54,383 | INFO     |   → 291/923: ✅ 0 взято | 🗑️ 31035 мусор
2026-06-03 14:30:54,383 | INFO     |   → 292/923: ✅ 0 взято | 🗑️ 5 мусор
2026-06-03 14:30:54,383 | INFO     |   → 293/923: ✅ 0 взято | 🗑️ 4 мусор
2026-06-03 14:30:54,383 | INFO     |   → 294/923: ✅ 0 взято | 🗑️ 51 мусор
2026-06-03 14:30:54,383 | INFO     |   → 295/923: ✅ 0 взято | 🗑️ 8 мусор
2026-06-03 14:30:54,384 | INFO     |   → 296/923 ❌ HTTP 404 — https://raw.githubusercontent.com/Kwinshadow/TelegramV2rayCollector/raw/refs/heads/main/sublinks/mix.txt
2026-06-03 14:30:54,384 | INFO     |   → 297/923: ✅ 7 взято | 🗑️ 919 мусор
2026-06-03 14:30:54,384 | INFO     |   → 298/923 ❌ HTTP 404 — https://raw.githubusercontent.com/LalatinaHub/Mineral/raw/refs/heads/master/result/nodes
2026-06-03 14:30:54,384 | INFO     |   → 299/923: ✅ 2 взято | 🗑️ 115 мусор
2026-06-03 14:30:54,384 | INFO     |   → 300/923 ❌ HTTP 404 — https://raw.githubusercontent.com/Leon406/SubCrawler/main/sub/share/all3
2026-06-03 14:30:54,384 | INFO     |   → 301/923 ❌ HTTP 404 — https://raw.githubusercontent.com/Leon406/SubCrawler/main/sub/share/all4
2026-06-03 14:30:54,384 | INFO     |   → 302/923: ✅ 4 взято | 🗑️ 335 мусор
2026-06-03 14:30:54,384 | INFO     |   → 303/923: ✅ 369 взято | 🗑️ 20054 мусор
2026-06-03 14:30:54,384 | INFO     |   → 304/923: ✅ 0 взято | 🗑️ 33 мусор
2026-06-03 14:30:54,384 | INFO     |   → 305/923: ✅ 0 взято | 🗑️ 6 мусор
2026-06-03 14:30:54,384 | INFO     |   → 306/923: ✅ 87 взято | 🗑️ 14 мусор
2026-06-03 14:30:54,384 | INFO     |   → 307/923: ✅ 0 взято | 🗑️ 147 мусор
2026-06-03 14:30:54,384 | INFO     |   → 308/923 ❌ HTTP 404 — https://raw.githubusercontent.com/M-Mashreghi/free-config-collector/main/Splitted-By-Protocol/ssr.txt
2026-06-03 14:30:54,384 | INFO     |   → 309/923: ✅ 139 взято | 🗑️ 114 мусор
2026-06-03 14:30:54,384 | INFO     |   → 310/923: ✅ 126 взято | 🗑️ 137 мусор
2026-06-03 14:30:54,384 | INFO     |   → 311/923: ✅ 0 взято | 🗑️ 12 мусор
2026-06-03 14:30:54,384 | INFO     |   → 312/923: ✅ 0 взято | 🗑️ 1 мусор
2026-06-03 14:30:54,384 | INFO     |   → 313/923: ✅ 65 взято | 🗑️ 280 мусор
2026-06-03 14:30:54,384 | INFO     |   → 314/923: ✅ 0 взято | 🗑️ 280 мусор
2026-06-03 14:30:54,384 | INFO     |   → 315/923: ✅ 0 взято | 🗑️ 91 мусор
2026-06-03 14:30:54,384 | INFO     |   → 316/923 ❌ HTTP 404 — https://raw.githubusercontent.com/MatinGhanbari/v2ray-configs/main/subscriptions/filtered/subs/hy2.txt
2026-06-03 14:30:54,384 | INFO     |   → 317/923: ✅ 27 взято | 🗑️ 1451 мусор
2026-06-03 14:30:54,384 | INFO     |   → 318/923 ❌ HTTP 404 — https://raw.githubusercontent.com/MatinGhanbari/v2ray-configs/main/subscriptions/filtered/subs/ssr.txt
2026-06-03 14:30:54,384 | INFO     |   → 319/923: ✅ 58 взято | 🗑️ 537 мусор
2026-06-03 14:30:54,384 | INFO     |   → 320/923 ❌ HTTP 404 — https://raw.githubusercontent.com/MatinGhanbari/v2ray-configs/main/subscriptions/filtered/subs/tuic.txt
2026-06-03 14:30:54,384 | INFO     |   → 321/923: ✅ 4 взято | 🗑️ 54 мусор
2026-06-03 14:30:54,384 | INFO     |   → 322/923: ✅ 242 взято | 🗑️ 1551 мусор
2026-06-03 14:30:54,385 | INFO     |   → 323/923: ✅ 100 взято | 🗑️ 3607 мусор
2026-06-03 14:30:54,385 | INFO     |   → 324/923: ✅ 24 взято | 🗑️ 170 мусор
2026-06-03 14:30:54,385 | INFO     |   → 325/923: ✅ 0 взято | 🗑️ 2 мусор
2026-06-03 14:30:54,385 | INFO     |   → 326/923: ✅ 84 взято | 🗑️ 1009 мусор
2026-06-03 14:30:54,385 | INFO     |   → 327/923: ✅ 0 взято | 🗑️ 512 мусор
2026-06-03 14:30:54,385 | INFO     |   → 328/923: ✅ 0 взято | 🗑️ 512 мусор
2026-06-03 14:30:54,385 | INFO     |   → 329/923: ✅ 0 взято | 🗑️ 36 мусор
2026-06-03 14:30:54,385 | INFO     |   → 330/923: ✅ 0 взято | 🗑️ 2 мусор
2026-06-03 14:30:54,385 | INFO     |   → 331/923: ✅ 0 взято | 🗑️ 388 мусор
2026-06-03 14:30:54,385 | INFO     |   → 332/923: ✅ 0 взято | 🗑️ 79 мусор
2026-06-03 14:30:54,385 | INFO     |   → 333/923 ❌ HTTP 404 — https://raw.githubusercontent.com/MhdiTaheri/V2rayCollector/raw/refs/heads/main/sub/mix
2026-06-03 14:30:54,385 | INFO     |   → 334/923: ✅ 53 взято | 🗑️ 267 мусор
2026-06-03 14:30:54,385 | INFO     |   → 335/923 ❌ HTTP 404 — https://raw.githubusercontent.com/MhdiTaheri/V2rayCollector_Py/raw/refs/heads/main/sub/Mix/mix.txt
2026-06-03 14:30:54,385 | INFO     |   → 336/923: ✅ 0 взято | 🗑️ 0 мусор
2026-06-03 14:30:54,385 | INFO     |   → 337/923: ✅ 43 взято | 🗑️ 217 мусор
2026-06-03 14:30:54,385 | INFO     |   → 338/923: ✅ 0 взято | 🗑️ 31 мусор
2026-06-03 14:30:54,385 | INFO     |   → 339/923: ✅ 92 взято | 🗑️ 282 мусор
2026-06-03 14:30:54,385 | INFO     |   → 340/923: ✅ 0 взято | 🗑️ 26 мусор
2026-06-03 14:30:54,385 | INFO     |   → 341/923: ✅ 3 взято | 🗑️ 2 мусор
2026-06-03 14:30:54,385 | INFO     |   → 342/923 ❌ HTTP 404 — https://raw.githubusercontent.com/MrMohebi/xray-proxy-grabber-telegram/master/collected-proxies/clash-meta/all.yaml
2026-06-03 14:30:54,385 | INFO     |   → 343/923 ❌ HTTP 404 — https://raw.githubusercontent.com/MrMohebi/xray-proxy-grabber-telegram/master/collected-proxies/row-url/actives.txt
2026-06-03 14:30:54,385 | INFO     |   → 344/923 ❌ HTTP 404 — https://raw.githubusercontent.com/MrMohebi/xray-proxy-grabber-telegram/master/collected-proxies/row-url/all.txt
2026-06-03 14:30:54,385 | INFO     |   → 345/923: ✅ 0 взято | 🗑️ 13 мусор
2026-06-03 14:30:54,385 | INFO     |   → 346/923: ✅ 0 взято | 🗑️ 13 мусор
2026-06-03 14:30:54,385 | INFO     |   → 347/923: ✅ 5 взято | 🗑️ 15 мусор
2026-06-03 14:30:54,385 | INFO     |   → 348/923: ✅ 0 взято | 🗑️ 30 мусор
2026-06-03 14:30:54,385 | INFO     |   → 349/923: ✅ 0 взято | 🗑️ 15 мусор
2026-06-03 14:30:54,385 | INFO     |   → 350/923: ✅ 66 взято | 🗑️ 123 мусор
2026-06-03 14:30:54,385 | INFO     |   → 351/923: ✅ 50 взято | 🗑️ 30 мусор
2026-06-03 14:30:54,386 | INFO     |   → 352/923: ✅ 2 взято | 🗑️ 13 мусор
2026-06-03 14:30:54,386 | INFO     |   → 353/923: ✅ 0 взято | 🗑️ 0 мусор
2026-06-03 14:30:54,386 | INFO     |   → 354/923 ❌ HTTP 404 — https://raw.githubusercontent.com/OpenCNLink/freevpn/3cfcff048bfdd1493ccffa52ecf30ce7f9fc6b28/src/list/vmess.txt
2026-06-03 14:30:54,386 | INFO     |   → 355/923: ✅ 1 взято | 🗑️ 10 мусор
2026-06-03 14:30:54,386 | INFO     |   → 356/923: ✅ 0 взято | 🗑️ 10 мусор
2026-06-03 14:30:54,386 | INFO     |   → 357/923: ✅ 0 взято | 🗑️ 0 мусор
2026-06-03 14:30:54,386 | INFO     |   → 358/923: ✅ 0 взято | 🗑️ 0 мусор
2026-06-03 14:30:54,386 | INFO     |   → 359/923: ✅ 0 взято | 🗑️ 0 мусор
2026-06-03 14:30:54,386 | INFO     |   → 360/923: ✅ 0 взято | 🗑️ 0 мусор
2026-06-03 14:30:54,386 | INFO     |   → 361/923: ✅ 0 взято | 🗑️ 0 мусор
2026-06-03 14:30:54,386 | INFO     |   → 362/923: ✅ 0 взято | 🗑️ 0 мусор
2026-06-03 14:30:54,386 | INFO     |   → 363/923: ✅ 42 взято | 🗑️ 84 мусор
2026-06-03 14:30:54,386 | INFO     |   → 364/923 ❌ HTTP 404 — https://raw.githubusercontent.com/RKPchannel/RKP_bypass_configs/main/configs
2026-06-03 14:30:54,386 | INFO     |   → 365/923: ✅ 0 взято | 🗑️ 35 мусор
2026-06-03 14:30:54,386 | INFO     |   → 366/923: ✅ 0 взято | 🗑️ 0 мусор
2026-06-03 14:30:54,386 | INFO     |   → 367/923: ✅ 0 взято | 🗑️ 50 мусор
2026-06-03 14:30:54,386 | INFO     |   → 368/923: ✅ 0 взято | 🗑️ 0 мусор
2026-06-03 14:30:54,386 | INFO     |   → 369/923: ✅ 0 взято | 🗑️ 0 мусор
2026-06-03 14:30:54,386 | INFO     |   → 370/923: ✅ 5 взято | 🗑️ 206 мусор
2026-06-03 14:30:54,386 | INFO     |   → 371/923: ✅ 21 взято | 🗑️ 138 мусор
2026-06-03 14:30:54,386 | INFO     |   → 372/923: ✅ 23 взято | 🗑️ 89 мусор
2026-06-03 14:30:54,386 | INFO     |   → 373/923: ✅ 9 взято | 🗑️ 85 мусор
2026-06-03 14:30:54,386 | INFO     |   → 374/923: ✅ 0 взято | 🗑️ 129 мусор
2026-06-03 14:30:54,386 | INFO     |   → 375/923: ✅ 0 взято | 🗑️ 81 мусор
2026-06-03 14:30:54,386 | INFO     |   → 376/923 ❌ HTTP 404 — https://raw.githubusercontent.com/STR97/STRUGOV/main/BYPASS
2026-06-03 14:30:54,386 | INFO     |   → 377/923 ❌ HTTP 404 — https://raw.githubusercontent.com/STR97/STRUGOV/main/CUSTOM
2026-06-03 14:30:54,386 | INFO     |   → 378/923 ❌ HTTP 404 — https://raw.githubusercontent.com/STR97/STRUGOV/main/STR
2026-06-03 14:30:54,386 | INFO     |   → 379/923 ❌ HTTP 404 — https://raw.githubusercontent.com/STR97/STRUGOV/main/STR.BYPASS
2026-06-03 14:30:54,386 | INFO     |   → 380/923 ❌ HTTP 404 — https://raw.githubusercontent.com/STR97/STRUGOV/main/Vless
2026-06-03 14:30:54,387 | INFO     |   → 381/923 ❌ HTTP 404 — https://raw.githubusercontent.com/STR97/STRUGOV/refs/heads/main/STR.BYPASS
2026-06-03 14:30:54,387 | INFO     |   → 382/923: ✅ 4 взято | 🗑️ 34 мусор
2026-06-03 14:30:54,387 | INFO     |   → 383/923: ✅ 11 взято | 🗑️ 16 мусор
2026-06-03 14:30:54,387 | INFO     |   → 384/923: ✅ 0 взято | 🗑️ 16 мусор
2026-06-03 14:30:54,387 | INFO     |   → 385/923: ✅ 0 взято | 🗑️ 27 мусор
2026-06-03 14:30:54,387 | INFO     |   → 386/923: ✅ 140 взято | 🗑️ 1153 мусор
2026-06-03 14:30:54,387 | INFO     |   → 387/923: ✅ 110 взято | 🗑️ 2434 мусор
2026-06-03 14:30:54,387 | INFO     |   → 388/923: ✅ 14 взято | 🗑️ 1021 мусор
2026-06-03 14:30:54,387 | INFO     |   → 389/923: ✅ 120 взято | 🗑️ 2838 мусор
2026-06-03 14:30:54,387 | INFO     |   → 390/923: ✅ 191 взято | 🗑️ 457 мусор
2026-06-03 14:30:54,387 | INFO     |   → 391/923: ✅ 52 взято | 🗑️ 4434 мусор
2026-06-03 14:30:54,387 | INFO     |   → 392/923: ✅ 76 взято | 🗑️ 362 мусор
2026-06-03 14:30:54,387 | INFO     |   → 393/923: ✅ 29 взято | 🗑️ 54 мусор
2026-06-03 14:30:54,387 | INFO     |   → 394/923: ✅ 0 взято | 🗑️ 0 мусор
2026-06-03 14:30:54,387 | INFO     |   → 395/923: ✅ 0 взято | 🗑️ 0 мусор
2026-06-03 14:30:54,387 | INFO     |   → 396/923: ✅ 0 взято | 🗑️ 2291 мусор
2026-06-03 14:30:54,387 | INFO     |   → 397/923: ✅ 0 взято | 🗑️ 0 мусор
2026-06-03 14:30:54,387 | INFO     |   → 398/923: ✅ 0 взято | 🗑️ 0 мусор
2026-06-03 14:30:54,387 | INFO     |   → 399/923: ✅ 0 взято | 🗑️ 76 мусор
2026-06-03 14:30:54,387 | INFO     |   → 400/923: ✅ 0 взято | 🗑️ 155 мусор
2026-06-03 14:30:54,387 | INFO     |   → 401/923: ✅ 0 взято | 🗑️ 1786 мусор
2026-06-03 14:30:54,387 | INFO     |   → 402/923: ✅ 0 взято | 🗑️ 85 мусор
2026-06-03 14:30:54,387 | INFO     |   → 403/923: ✅ 0 взято | 🗑️ 0 мусор
2026-06-03 14:30:54,387 | INFO     |   → 404/923: ✅ 0 взято | 🗑️ 76 мусор
2026-06-03 14:30:54,387 | INFO     |   → 405/923 ❌ HTTP 404 — https://raw.githubusercontent.com/Syavar/V2ray-Configs/main/OK_TLS_activision.com.txt
2026-06-03 14:30:54,387 | INFO     |   → 406/923: ✅ 3 взято | 🗑️ 1 мусор
2026-06-03 14:30:54,387 | INFO     |   → 407/923: ✅ 3 взято | 🗑️ 1 мусор
2026-06-03 14:30:54,387 | INFO     |   → 408/923: ✅ 3 взято | 🗑️ 1 мусор
2026-06-03 14:30:54,388 | INFO     |   → 409/923: ✅ 3 взято | 🗑️ 1 мусор
2026-06-03 14:30:54,388 | INFO     |   → 410/923 ❌ HTTP 404 — https://raw.githubusercontent.com/Syavar/V2ray-Configs/main/OK_TLS_viber.com.txt
2026-06-03 14:30:54,388 | INFO     |   → 411/923: ✅ 3 взято | 🗑️ 1 мусор
2026-06-03 14:30:54,388 | INFO     |   → 412/923: ✅ 3 взято | 🗑️ 1 мусор
2026-06-03 14:30:54,388 | INFO     |   → 413/923 ❌ HTTP 404 — https://raw.githubusercontent.com/Syavar/V2ray-Configs/main/OK_activision.com.txt
2026-06-03 14:30:54,388 | INFO     |   → 414/923 ❌ HTTP 404 — https://raw.githubusercontent.com/Syavar/V2ray-Configs/main/OK_css.rbxcdn.com.txt
2026-06-03 14:30:54,388 | INFO     |   → 415/923 ❌ HTTP 404 — https://raw.githubusercontent.com/Syavar/V2ray-Configs/main/OK_google.com.txt
2026-06-03 14:30:54,388 | INFO     |   → 416/923 ❌ HTTP 404 — https://raw.githubusercontent.com/Syavar/V2ray-Configs/main/OK_speedtest.tinkoff.ru.txt
2026-06-03 14:30:54,388 | INFO     |   → 417/923 ❌ HTTP 404 — https://raw.githubusercontent.com/Syavar/V2ray-Configs/main/OK_telegram.org.txt
2026-06-03 14:30:54,388 | INFO     |   → 418/923 ❌ HTTP 404 — https://raw.githubusercontent.com/Syavar/V2ray-Configs/main/OK_viber.com.txt
2026-06-03 14:30:54,388 | INFO     |   → 419/923 ❌ HTTP 404 — https://raw.githubusercontent.com/Syavar/V2ray-Configs/main/OK_vk.com.txt
2026-06-03 14:30:54,388 | INFO     |   → 420/923 ❌ HTTP 404 — https://raw.githubusercontent.com/Syavar/V2ray-Configs/main/OK_whatsapp.com.txt
2026-06-03 14:30:54,388 | INFO     |   → 421/923: ✅ 305 взято | 🗑️ 727 мусор
2026-06-03 14:30:54,388 | INFO     |   → 422/923: ✅ 4 взято | 🗑️ 291 мусор
2026-06-03 14:30:54,388 | INFO     |   → 423/923: ✅ 0 взято | 🗑️ 119 мусор
2026-06-03 14:30:54,388 | INFO     |   → 424/923: ✅ 0 взято | 🗑️ 0 мусор
2026-06-03 14:30:54,388 | INFO     |   → 425/923 ❌ HTTP 404 — https://raw.githubusercontent.com/V2RAYCONFIGSPOOL/V2RAY_SUB/main/V2RAY_SUB.txt
2026-06-03 14:30:54,388 | INFO     |   → 426/923: ✅ 11 взято | 🗑️ 9 мусор
2026-06-03 14:30:54,388 | INFO     |   → 427/923: ✅ 3 взято | 🗑️ 16 мусор
2026-06-03 14:30:54,388 | INFO     |   → 428/923: ✅ 7 взято | 🗑️ 13 мусор
2026-06-03 14:30:54,388 | INFO     |   → 429/923: ✅ 4 взято | 🗑️ 14 мусор
2026-06-03 14:30:54,388 | INFO     |   → 430/923: ✅ 11 взято | 🗑️ 4 мусор
2026-06-03 14:30:54,388 | INFO     |   → 431/923: ✅ 5 взято | 🗑️ 8 мусор
2026-06-03 14:30:54,388 | INFO     |   → 432/923: ✅ 6 взято | 🗑️ 5 мусор
2026-06-03 14:30:54,388 | INFO     |   → 433/923: ✅ 3 взято | 🗑️ 4 мусор
2026-06-03 14:30:54,388 | INFO     |   → 434/923: ✅ 5 взято | 🗑️ 8 мусор
2026-06-03 14:30:54,388 | INFO     |   → 435/923: ✅ 1 взято | 🗑️ 16 мусор
2026-06-03 14:30:54,388 | INFO     |   → 436/923: ✅ 45 взято | 🗑️ 140 мусор
2026-06-03 14:30:54,389 | INFO     |   → 437/923: ✅ 0 взято | 🗑️ 5 мусор
2026-06-03 14:30:54,389 | INFO     |   → 438/923: ✅ 0 взято | 🗑️ 0 мусор
2026-06-03 14:30:54,389 | INFO     |   → 439/923: ✅ 16 взято | 🗑️ 17 мусор
2026-06-03 14:30:54,389 | INFO     |   → 440/923: ✅ 0 взято | 🗑️ 0 мусор
2026-06-03 14:30:54,389 | INFO     |   → 441/923: ✅ 0 взято | 🗑️ 17 мусор
2026-06-03 14:30:54,389 | INFO     |   → 442/923: ✅ 58 взято | 🗑️ 348 мусор
2026-06-03 14:30:54,389 | INFO     |   → 443/923: ✅ 0 взято | 🗑️ 231 мусор
2026-06-03 14:30:54,389 | INFO     |   → 444/923: ✅ 0 взято | 🗑️ 0 мусор
2026-06-03 14:30:54,389 | INFO     |   → 445/923: ✅ 0 взято | 🗑️ 0 мусор
2026-06-03 14:30:54,389 | INFO     |   → 446/923: ✅ 123 взято | 🗑️ 432 мусор
2026-06-03 14:30:54,389 | INFO     |   → 447/923: ✅ 0 взято | 🗑️ 83 мусор
2026-06-03 14:30:54,389 | INFO     |   → 448/923: ✅ 0 взято | 🗑️ 16 мусор
2026-06-03 14:30:54,389 | INFO     |   → 449/923: ✅ 0 взято | 🗑️ 16 мусор
2026-06-03 14:30:54,389 | INFO     |   → 450/923 ❌ HTTP 404 — https://raw.githubusercontent.com/aiboboxx/clashfree/main/clash.yml
2026-06-03 14:30:54,389 | INFO     |   → 451/923 ❌ HTTP 404 — https://raw.githubusercontent.com/aiboboxx/clashfree/refs/heads/main/clash.yml
2026-06-03 14:30:54,389 | INFO     |   → 452/923 ❌ HTTP 404 — https://raw.githubusercontent.com/aiboboxx/v2rayfree/main/v2
2026-06-03 14:30:54,389 | INFO     |   → 453/923 ❌ HTTP 404 — https://raw.githubusercontent.com/amirmohammad-mohammad-88/Sub-Reality-Azadi-config/Config/Azadi-Reality-Different
2026-06-03 14:30:54,389 | INFO     |   → 454/923 ❌ HTTP 404 — https://raw.githubusercontent.com/amirmohammad-mohammad-88/Sub-Reality-Azadi-config/Config/Azadi-Reality-Different-Base64
2026-06-03 14:30:54,389 | INFO     |   → 455/923: ✅ 1 взято | 🗑️ 17 мусор
2026-06-03 14:30:54,389 | INFO     |   → 456/923: ✅ 0 взято | 🗑️ 0 мусор
2026-06-03 14:30:54,389 | INFO     |   → 457/923: ✅ 0 взято | 🗑️ 0 мусор
2026-06-03 14:30:54,389 | INFO     |   → 458/923: ✅ 4 взято | 🗑️ 114 мусор
2026-06-03 14:30:54,389 | INFO     |   → 459/923: ✅ 21 взято | 🗑️ 51 мусор
2026-06-03 14:30:54,389 | INFO     |   → 460/923: ✅ 0 взято | 🗑️ 299 мусор
2026-06-03 14:30:54,389 | INFO     |   → 461/923: ✅ 0 взято | 🗑️ 189 мусор
2026-06-03 14:30:54,389 | INFO     |   → 462/923: ✅ 24 взято | 🗑️ 66 мусор
2026-06-03 14:30:54,389 | INFO     |   → 463/923 ❌ HTTP 404 — https://raw.githubusercontent.com/awesome-vpn/awesome-vpn/master/ss
2026-06-03 14:30:54,389 | INFO     |   → 464/923 ❌ HTTP 404 — https://raw.githubusercontent.com/awesome-vpn/awesome-vpn/master/ssr
2026-06-03 14:30:54,390 | INFO     |   → 465/923: ✅ 0 взято | 🗑️ 0 мусор
2026-06-03 14:30:54,390 | INFO     |   → 466/923: ✅ 0 взято | 🗑️ 22 мусор
2026-06-03 14:30:54,390 | INFO     |   → 467/923: ✅ 0 взято | 🗑️ 3061 мусор
2026-06-03 14:30:54,390 | INFO     |   → 468/923: ✅ 0 взято | 🗑️ 302 мусор
2026-06-03 14:30:54,390 | INFO     |   → 469/923: ✅ 0 взято | 🗑️ 2236 мусор
2026-06-03 14:30:54,390 | INFO     |   → 470/923: ✅ 0 взято | 🗑️ 155 мусор
2026-06-03 14:30:54,390 | INFO     |   → 471/923 ❌ HTTP 404 — https://raw.githubusercontent.com/barry-far/V2ray-Configs/ced94ddfff48276ec365b40227561f36b1b64bc8/Sub5.txt
2026-06-03 14:30:54,390 | INFO     |   → 472/923 ❌ HTTP 404 — https://raw.githubusercontent.com/barry-far/V2ray-Configs/main/Splitted-By-Protocol/hysteria2.txt
2026-06-03 14:30:54,390 | INFO     |   → 473/923 ❌ HTTP 404 — https://raw.githubusercontent.com/barry-far/V2ray-Configs/main/Splitted-By-Protocol/vless.txt
2026-06-03 14:30:54,390 | INFO     |   → 474/923 ❌ HTTP 404 — https://raw.githubusercontent.com/barry-far/V2ray-Configs/main/Sub1.txt
2026-06-03 14:30:54,390 | INFO     |   → 475/923 ❌ HTTP 404 — https://raw.githubusercontent.com/barry-far/V2ray-Configs/refs/heads/main/All_Configs_Sub.txt
2026-06-03 14:30:54,390 | INFO     |   → 476/923: ✅ 0 взято | 🗑️ 302 мусор
2026-06-03 14:30:54,390 | INFO     |   → 477/923: ✅ 0 взято | 🗑️ 2236 мусор
2026-06-03 14:30:54,390 | INFO     |   → 478/923: ✅ 0 взято | 🗑️ 155 мусор
2026-06-03 14:30:54,390 | INFO     |   → 479/923: ✅ 0 взято | 🗑️ 0 мусор
2026-06-03 14:30:54,390 | INFO     |   → 480/923 ❌ HTTP 404 — https://raw.githubusercontent.com/budamu/clashconfig/main/v2ray.txt
2026-06-03 14:30:54,390 | INFO     |   → 481/923 ❌ HTTP 404 — https://raw.githubusercontent.com/budamu/clashconfig/main/v2ray2.txt
2026-06-03 14:30:54,390 | INFO     |   → 482/923 ❌ HTTP 404 — https://raw.githubusercontent.com/bywarm/whitelists-vpns-etc/main/whitelists1-4pda.txt
2026-06-03 14:30:54,390 | INFO     |   → 483/923: ✅ 7 взято | 🗑️ 102 мусор
2026-06-03 14:30:54,390 | INFO     |   → 484/923: ✅ 0 взято | 🗑️ 0 мусор
2026-06-03 14:30:54,390 | INFO     |   → 485/923: ✅ 0 взято | 🗑️ 102 мусор
2026-06-03 14:30:54,390 | INFO     |   → 486/923: ✅ 0 взято | 🗑️ 0 мусор
2026-06-03 14:30:54,390 | INFO     |   → 487/923: ✅ 0 взято | 🗑️ 442 мусор
2026-06-03 14:30:54,390 | INFO     |   → 488/923: ✅ 0 взято | 🗑️ 0 мусор
2026-06-03 14:30:54,390 | INFO     |   → 489/923 ❌ HTTP 404 — https://raw.githubusercontent.com/chxxyz2004/zd/17fca23b73c46b5dd73e9be49b14d219b5e5f836/sub/2401/240110.txt
2026-06-03 14:30:54,390 | INFO     |   → 490/923: ✅ 0 взято | 🗑️ 44 мусор
2026-06-03 14:30:54,390 | INFO     |   → 491/923: ✅ 356 взято | 🗑️ 5284 мусор
2026-06-03 14:30:54,390 | INFO     |   → 492/923: ✅ 236 взято | 🗑️ 517 мусор
2026-06-03 14:30:54,391 | INFO     |   → 493/923 ❌ HTTP 404 — https://raw.githubusercontent.com/cxr9912/cxr2022/main/free.yaml
2026-06-03 14:30:54,391 | INFO     |   → 494/923 ❌ HTTP 404 — https://raw.githubusercontent.com/cxr9912/cxr2022/main/mix.yaml
2026-06-03 14:30:54,391 | INFO     |   → 495/923 ❌ HTTP 404 — https://raw.githubusercontent.com/cxr9912/cxr2022/main/ss.yaml
2026-06-03 14:30:54,391 | INFO     |   → 496/923 ❌ HTTP 404 — https://raw.githubusercontent.com/cxr9912/cxr2022/main/ssr.yaml
2026-06-03 14:30:54,391 | INFO     |   → 497/923 ❌ HTTP 404 — https://raw.githubusercontent.com/cxr9912/cxr2022/main/vmess.yaml
2026-06-03 14:30:54,391 | INFO     |   → 498/923 ❌ HTTP 404 — https://raw.githubusercontent.com/cxr9912/cxr2022/refs/heads/main/18cj.json
2026-06-03 14:30:54,391 | INFO     |   → 499/923 ❌ HTTP 404 — https://raw.githubusercontent.com/cxr9912/cxr2022/refs/heads/main/aaaaaaaa.yaml
2026-06-03 14:30:54,391 | INFO     |   → 500/923 ❌ HTTP 404 — https://raw.githubusercontent.com/cxr9912/cxr2022/refs/heads/main/free.yaml
2026-06-03 14:30:54,391 | INFO     |   → 501/923 ❌ HTTP 404 — https://raw.githubusercontent.com/cxr9912/cxr2022/refs/heads/main/ss2088.txt
2026-06-03 14:30:54,391 | INFO     |   → 502/923: ✅ 0 взято | 🗑️ 18 мусор
2026-06-03 14:30:54,391 | INFO     |   → 503/923: ✅ 0 взято | 🗑️ 18 мусор
2026-06-03 14:30:54,391 | INFO     |   → 504/923: ✅ 6 взято | 🗑️ 78 мусор
2026-06-03 14:30:54,391 | INFO     |   → 505/923: ✅ 6 взято | 🗑️ 4 мусор
2026-06-03 14:30:54,391 | INFO     |   → 506/923: ✅ 0 взято | 🗑️ 2 мусор
2026-06-03 14:30:54,391 | INFO     |   → 507/923: ✅ 0 взято | 🗑️ 2 мусор
2026-06-03 14:30:54,391 | INFO     |   → 508/923: ✅ 0 взято | 🗑️ 2 мусор
2026-06-03 14:30:54,391 | INFO     |   → 509/923: ✅ 0 взято | 🗑️ 3 мусор
2026-06-03 14:30:54,391 | INFO     |   → 510/923: ✅ 0 взято | 🗑️ 2 мусор
2026-06-03 14:30:54,391 | INFO     |   → 511/923: ✅ 0 взято | 🗑️ 9 мусор
2026-06-03 14:30:54,391 | INFO     |   → 512/923: ✅ 1 взято | 🗑️ 1 мусор
2026-06-03 14:30:54,391 | INFO     |   → 513/923: ✅ 0 взято | 🗑️ 10 мусор
2026-06-03 14:30:54,391 | INFO     |   → 514/923: ✅ 0 взято | 🗑️ 2 мусор
2026-06-03 14:30:54,391 | INFO     |   → 515/923: ✅ 0 взято | 🗑️ 0 мусор
2026-06-03 14:30:54,391 | INFO     |   → 516/923: ✅ 0 взято | 🗑️ 0 мусор
2026-06-03 14:30:54,391 | INFO     |   → 517/923: ✅ 6436 взято | 🗑️ 128157 мусор
2026-06-03 14:30:54,391 | INFO     |   → 518/923: ✅ 6 взято | 🗑️ 136 мусор
2026-06-03 14:30:54,391 | INFO     |   → 519/923: ✅ 6865 взято | 🗑️ 138019 мусор
2026-06-03 14:30:54,392 | INFO     |   → 520/923: ✅ 4832 взято | 🗑️ 91922 мусор
2026-06-03 14:30:54,392 | INFO     |   → 521/923: ✅ 95 взято | 🗑️ 5909 мусор
2026-06-03 14:30:54,392 | INFO     |   → 522/923: ✅ 0 взято | 🗑️ 128157 мусор
2026-06-03 14:30:54,392 | INFO     |   → 523/923: ✅ 4 взято | 🗑️ 136 мусор
2026-06-03 14:30:54,392 | INFO     |   → 524/923: ✅ 6 взято | 🗑️ 113 мусор
2026-06-03 14:30:54,392 | INFO     |   → 525/923: ✅ 0 взято | 🗑️ 0 мусор
2026-06-03 14:30:54,392 | INFO     |   → 526/923: ✅ 8 взято | 🗑️ 14 мусор
2026-06-03 14:30:54,392 | INFO     |   → 527/923: ✅ 0 взято | 🗑️ 0 мусор
2026-06-03 14:30:54,392 | INFO     |   → 528/923: ✅ 13 взято | 🗑️ 19 мусор
2026-06-03 14:30:54,392 | INFO     |   → 529/923: ✅ 0 взято | 🗑️ 5 мусор
2026-06-03 14:30:54,392 | INFO     |   → 530/923: ✅ 2 взято | 🗑️ 80 мусор
2026-06-03 14:30:54,392 | INFO     |   → 531/923: ✅ 0 взято | 🗑️ 0 мусор
2026-06-03 14:30:54,392 | INFO     |   → 532/923: ✅ 5 взято | 🗑️ 169 мусор
2026-06-03 14:30:54,392 | INFO     |   → 533/923: ✅ 34 взято | 🗑️ 121 мусор
2026-06-03 14:30:54,392 | INFO     |   → 534/923: ✅ 4 взято | 🗑️ 97 мусор
2026-06-03 14:30:54,392 | INFO     |   → 535/923 ❌ HTTP 404 — https://raw.githubusercontent.com/free18/v2ray/main/Clash.yaml
2026-06-03 14:30:54,392 | INFO     |   → 536/923: ✅ 0 взято | 🗑️ 0 мусор
2026-06-03 14:30:54,392 | INFO     |   → 537/923: ✅ 46 взято | 🗑️ 121 мусор
2026-06-03 14:30:54,392 | INFO     |   → 538/923: ✅ 0 взято | 🗑️ 0 мусор
2026-06-03 14:30:54,392 | INFO     |   → 539/923: ✅ 0 взято | 🗑️ 15 мусор
2026-06-03 14:30:54,392 | INFO     |   → 540/923: ✅ 0 взято | 🗑️ 0 мусор
2026-06-03 14:30:54,392 | INFO     |   → 541/923: ✅ 0 взято | 🗑️ 8 мусор
2026-06-03 14:30:54,392 | INFO     |   → 542/923: ✅ 0 взято | 🗑️ 8 мусор
2026-06-03 14:30:54,392 | INFO     |   → 543/923: ✅ 0 взято | 🗑️ 8 мусор
2026-06-03 14:30:54,392 | INFO     |   → 544/923: ✅ 0 взято | 🗑️ 8 мусор
2026-06-03 14:30:54,392 | INFO     |   → 545/923 ❌ HTTP 404 — https://raw.githubusercontent.com/freev2rayconfig/V2RAY_SUB/3e6a7786a1601ee3723e8d043ae79e70dbdfd9a8/v2rayconfigs.txt
2026-06-03 14:30:54,392 | INFO     |   → 546/923 ❌ HTTP 404 — https://raw.githubusercontent.com/freev2rayconfig/V2RAY_SUBSCRIPTION_LINK/main/v2rayconfigs.txt
2026-06-03 14:30:54,393 | INFO     |   → 547/923: ✅ 0 взято | 🗑️ 5 мусор
2026-06-03 14:30:54,393 | INFO     |   → 548/923 ❌ HTTP 404 — https://raw.githubusercontent.com/gfpcom/free-proxy-list/main/list/http.txt
2026-06-03 14:30:54,393 | INFO     |   → 549/923 ❌ HTTP 404 — https://raw.githubusercontent.com/gfpcom/free-proxy-list/main/list/https.txt
2026-06-03 14:30:54,393 | INFO     |   → 550/923 ❌ HTTP 404 — https://raw.githubusercontent.com/gfpcom/free-proxy-list/main/list/socks4.txt
2026-06-03 14:30:54,393 | INFO     |   → 551/923 ❌ HTTP 404 — https://raw.githubusercontent.com/gfpcom/free-proxy-list/main/list/socks4a.txt
2026-06-03 14:30:54,393 | INFO     |   → 552/923 ❌ HTTP 404 — https://raw.githubusercontent.com/gfpcom/free-proxy-list/main/list/socks5.txt
2026-06-03 14:30:54,393 | INFO     |   → 553/923 ❌ HTTP 404 — https://raw.githubusercontent.com/gfpcom/free-proxy-list/main/list/socks5h.txt
2026-06-03 14:30:54,393 | INFO     |   → 554/923 ❌ HTTP 404 — https://raw.githubusercontent.com/gfpcom/free-proxy-list/main/list/ss.txt
2026-06-03 14:30:54,393 | INFO     |   → 555/923 ❌ HTTP 404 — https://raw.githubusercontent.com/gfpcom/free-proxy-list/main/list/ssr.txt
2026-06-03 14:30:54,393 | INFO     |   → 556/923 ❌ HTTP 404 — https://raw.githubusercontent.com/gfpcom/free-proxy-list/main/list/trojan.txt
2026-06-03 14:30:54,393 | INFO     |   → 557/923 ❌ HTTP 404 — https://raw.githubusercontent.com/gfpcom/free-proxy-list/main/list/vless.txt
2026-06-03 14:30:54,393 | INFO     |   → 558/923 ❌ HTTP 404 — https://raw.githubusercontent.com/gfpcom/free-proxy-list/main/list/vmess.txt
2026-06-03 14:30:54,393 | INFO     |   → 559/923: ✅ 0 взято | 🗑️ 17 мусор
2026-06-03 14:30:54,393 | INFO     |   → 560/923: ✅ 0 взято | 🗑️ 0 мусор
2026-06-03 14:30:54,393 | INFO     |   → 561/923: ✅ 0 взято | 🗑️ 0 мусор
2026-06-03 14:30:54,393 | INFO     |   → 562/923: ✅ 4 взято | 🗑️ 63 мусор
2026-06-03 14:30:54,393 | INFO     |   → 563/923: ✅ 532 взято | 🗑️ 1798 мусор
2026-06-03 14:30:54,393 | INFO     |   → 564/923: ✅ 369 взято | 🗑️ 1171 мусор
2026-06-03 14:30:54,393 | INFO     |   → 565/923: ✅ 362 взято | 🗑️ 3955 мусор
2026-06-03 14:30:54,393 | INFO     |   → 566/923: ✅ 80 взято | 🗑️ 2433 мусор
2026-06-03 14:30:54,393 | INFO     |   → 567/923 ❌ HTTP 404 — https://raw.githubusercontent.com/hameed-maleki/TVC/89a4522969c57dcc22458cae9898426e5c4f2679/lite/config.txt
2026-06-03 14:30:54,393 | INFO     |   → 568/923: ✅ 0 взято | 🗑️ 0 мусор
2026-06-03 14:30:54,393 | INFO     |   → 569/923: ✅ 5 взято | 🗑️ 132 мусор
2026-06-03 14:30:54,393 | INFO     |   → 570/923: ✅ 0 взято | 🗑️ 56 мусор
2026-06-03 14:30:54,393 | INFO     |   → 571/923 ❌ HTTP 404 — https://raw.githubusercontent.com/hkaa0/permalink/main/proxy/V2ray
2026-06-03 14:30:54,393 | INFO     |   → 572/923: ✅ 2 взято | 🗑️ 131 мусор
2026-06-03 14:30:54,393 | INFO     |   → 573/923 ❌ HTTP 404 — https://raw.githubusercontent.com/hkaa0/permalink/main/proxy/clash
2026-06-03 14:30:54,393 | INFO     |   → 574/923 ❌ HTTP 404 — https://raw.githubusercontent.com/hkpc/Autoproxy/6cf946ddfc677a29062007e4b47d70674474baa7/sub/2401/240110.txt
2026-06-03 14:30:54,393 | INFO     |   → 575/923 ❌ HTTP 404 — https://raw.githubusercontent.com/hkpc/V2ray-Configs/7d9aa0dabf947af180a7dd6302818ed37950531a/Sub1.txt
2026-06-03 14:30:54,394 | INFO     |   → 576/923: ✅ 0 взято | 🗑️ 14 мусор
2026-06-03 14:30:54,394 | INFO     |   → 577/923: ✅ 0 взято | 🗑️ 16 мусор
2026-06-03 14:30:54,394 | INFO     |   → 578/923 ❌ HTTP 404 — https://raw.githubusercontent.com/iboxz/free-v2ray-collector/main/main
2026-06-03 14:30:54,394 | INFO     |   → 579/923: ✅ 114 взято | 🗑️ 271 мусор
2026-06-03 14:30:54,394 | INFO     |   → 580/923: ✅ 0 взято | 🗑️ 22 мусор
2026-06-03 14:30:54,394 | INFO     |   → 581/923: ✅ 0 взято | 🗑️ 23 мусор
2026-06-03 14:30:54,394 | INFO     |   → 582/923: ✅ 0 взято | 🗑️ 211 мусор
2026-06-03 14:30:54,394 | INFO     |   → 583/923: ✅ 0 взято | 🗑️ 15 мусор
2026-06-03 14:30:54,394 | INFO     |   → 584/923: ✅ 8 взято | 🗑️ 3 мусор
2026-06-03 14:30:54,394 | INFO     |   → 585/923: ✅ 27 взято | 🗑️ 7 мусор
2026-06-03 14:30:54,394 | INFO     |   → 586/923: ✅ 0 взято | 🗑️ 10 мусор
2026-06-03 14:30:54,394 | INFO     |   → 587/923 ❌ HTTP 404 — https://raw.githubusercontent.com/igareck/vpn-configs-for-russia/refs/heads/main/Vless-Reality-White-Lists-Rus-Cable.txt
2026-06-03 14:30:54,394 | INFO     |   → 588/923: ✅ 27 взято | 🗑️ 17 мусор
2026-06-03 14:30:54,394 | INFO     |   → 589/923: ✅ 0 взято | 🗑️ 0 мусор
2026-06-03 14:30:54,394 | INFO     |   → 590/923: ✅ 0 взято | 🗑️ 0 мусор
2026-06-03 14:30:54,394 | INFO     |   → 591/923: ✅ 0 взято | 🗑️ 9 мусор
2026-06-03 14:30:54,394 | INFO     |   → 592/923: ✅ 11 взято | 🗑️ 372 мусор
2026-06-03 14:30:54,394 | INFO     |   → 593/923: ✅ 0 взято | 🗑️ 0 мусор
2026-06-03 14:30:54,394 | INFO     |   → 594/923: ✅ 0 взято | 🗑️ 0 мусор
2026-06-03 14:30:54,394 | INFO     |   → 595/923: ✅ 0 взято | 🗑️ 12 мусор
2026-06-03 14:30:54,394 | INFO     |   → 596/923: ✅ 0 взято | 🗑️ 43 мусор
2026-06-03 14:30:54,394 | INFO     |   → 597/923 ❌ HTTP 404 — https://raw.githubusercontent.com/jw853355718/clash_233/master/config.yml
2026-06-03 14:30:54,394 | INFO     |   → 598/923: ✅ 0 взято | 🗑️ 210 мусор
2026-06-03 14:30:54,394 | INFO     |   → 599/923: ✅ 0 взято | 🗑️ 0 мусор
2026-06-03 14:30:54,394 | INFO     |   → 600/923 ❌ HTTP 404 — https://raw.githubusercontent.com/kismetpro/NodeSuber/main/Splitted-By-Protocol/vless.txt
2026-06-03 14:30:54,394 | INFO     |   → 601/923 ❌ HTTP 404 — https://raw.githubusercontent.com/kismetpro/NodeSuber/main/out/All_Configs_Sub.txt
2026-06-03 14:30:54,394 | INFO     |   → 602/923 ❌ HTTP 404 — https://raw.githubusercontent.com/kort0881/vpn-key-vless/main/subscriptions/all.txt
2026-06-03 14:30:54,394 | INFO     |   → 603/923: ✅ 224 взято | 🗑️ 176 мусор
2026-06-03 14:30:54,395 | INFO     |   → 604/923: ✅ 0 взято | 🗑️ 29 мусор
2026-06-03 14:30:54,395 | INFO     |   → 605/923 ❌ HTTP 404 — https://raw.githubusercontent.com/koteey/Ms.Kerosin-VPN/main/proxies.txt
2026-06-03 14:30:54,395 | INFO     |   → 606/923: ✅ 534 взято | 🗑️ 1494 мусор
2026-06-03 14:30:54,395 | INFO     |   → 607/923: ✅ 1 взято | 🗑️ 121 мусор
2026-06-03 14:30:54,395 | INFO     |   → 608/923: ✅ 0 взято | 🗑️ 0 мусор
2026-06-03 14:30:54,395 | INFO     |   → 609/923 ❌ HTTP 404 — https://raw.githubusercontent.com/lcx12901/v2ray-/master/sspool.herokuapp.com/yzcloud.yaml
2026-06-03 14:30:54,395 | INFO     |   → 610/923 ❌ HTTP 404 — https://raw.githubusercontent.com/lcx12901/v2ray-/master/sspool.herokuapp.com/yzcloud2.yaml
2026-06-03 14:30:54,395 | INFO     |   → 611/923: ✅ 0 взято | 🗑️ 0 мусор
2026-06-03 14:30:54,395 | INFO     |   → 612/923 ❌ HTTP 404 — https://raw.githubusercontent.com/learnhard-cn/free_proxy_ss/main/clash/config.yaml
2026-06-03 14:30:54,395 | INFO     |   → 613/923: ✅ 0 взято | 🗑️ 8 мусор
2026-06-03 14:30:54,395 | INFO     |   → 614/923: ✅ 0 взято | 🗑️ 4 мусор
2026-06-03 14:30:54,395 | INFO     |   → 615/923: ✅ 0 взято | 🗑️ 0 мусор
2026-06-03 14:30:54,395 | INFO     |   → 616/923: ✅ 0 взято | 🗑️ 4 мусор
2026-06-03 14:30:54,395 | INFO     |   → 617/923: ✅ 0 взято | 🗑️ 149 мусор
2026-06-03 14:30:54,395 | INFO     |   → 618/923: ✅ 0 взято | 🗑️ 421 мусор
2026-06-03 14:30:54,395 | INFO     |   → 619/923: ✅ 213 взято | 🗑️ 1155 мусор
2026-06-03 14:30:54,395 | INFO     |   → 620/923 ❌ HTTP 404 — https://raw.githubusercontent.com/lisylva-lee/v2dyku/main/ssr
2026-06-03 14:30:54,395 | INFO     |   → 621/923 ❌ HTTP 404 — https://raw.githubusercontent.com/lisylva-lee/v2dyku/main/v2dy
2026-06-03 14:30:54,395 | INFO     |   → 622/923: ✅ 0 взято | 🗑️ 53 мусор
2026-06-03 14:30:54,395 | INFO     |   → 623/923: ✅ 0 взято | 🗑️ 0 мусор
2026-06-03 14:30:54,395 | INFO     |   → 624/923: ✅ 0 взято | 🗑️ 0 мусор
2026-06-03 14:30:54,395 | INFO     |   → 625/923 ❌ HTTP 404 — https://raw.githubusercontent.com/luxl-1379/merge/77247d23def72b25226dfa741614e9b07a569c72/sub/sub_merge_base64.txt
2026-06-03 14:30:54,395 | INFO     |   → 626/923 ❌ HTTP 404 — https://raw.githubusercontent.com/luxl-1379/merge/main/sub/sub_merge_base64.txt
2026-06-03 14:30:54,395 | INFO     |   → 627/923: ✅ 146 взято | 🗑️ 343 мусор
2026-06-03 14:30:54,395 | INFO     |   → 628/923: ✅ 0 взято | 🗑️ 0 мусор
2026-06-03 14:30:54,395 | INFO     |   → 629/923: ✅ 0 взято | 🗑️ 126 мусор
2026-06-03 14:30:54,396 | INFO     |   → 630/923: ✅ 0 взято | 🗑️ 126 мусор
2026-06-03 14:30:54,396 | INFO     |   → 631/923: ✅ 0 взято | 🗑️ 0 мусор
2026-06-03 14:30:54,396 | INFO     |   → 632/923: ✅ 0 взято | 🗑️ 0 мусор
2026-06-03 14:30:54,396 | INFO     |   → 633/923: ✅ 0 взято | 🗑️ 3506 мусор
2026-06-03 14:30:54,396 | INFO     |   → 634/923: ✅ 0 взято | 🗑️ 126 мусор
2026-06-03 14:30:54,396 | INFO     |   → 635/923: ✅ 0 взято | 🗑️ 0 мусор
2026-06-03 14:30:54,396 | INFO     |   → 636/923: ✅ 0 взято | 🗑️ 3506 мусор
2026-06-03 14:30:54,396 | INFO     |   → 637/923: ✅ 0 взято | 🗑️ 0 мусор
2026-06-03 14:30:54,396 | INFO     |   → 638/923: ✅ 20 взято | 🗑️ 370 мусор
2026-06-03 14:30:54,396 | INFO     |   → 639/923: ✅ 0 взято | 🗑️ 370 мусор
2026-06-03 14:30:54,396 | INFO     |   → 640/923 ❌ HTTP 404 — https://raw.githubusercontent.com/mermeroo/Clash-V2ray/main/v2ray
2026-06-03 14:30:54,396 | INFO     |   → 641/923: ✅ 714 взято | 🗑️ 6258 мусор
2026-06-03 14:30:54,396 | INFO     |   → 642/923: ✅ 15 взято | 🗑️ 417 мусор
2026-06-03 14:30:54,396 | INFO     |   → 643/923: ✅ 6 взято | 🗑️ 102 мусор
2026-06-03 14:30:54,396 | INFO     |   → 644/923: ✅ 0 взято | 🗑️ 6258 мусор
2026-06-03 14:30:54,396 | INFO     |   → 645/923: ✅ 8 взято | 🗑️ 853 мусор
2026-06-03 14:30:54,396 | INFO     |   → 646/923: ✅ 0 взято | 🗑️ 853 мусор
2026-06-03 14:30:54,396 | INFO     |   → 647/923: ✅ 32 взято | 🗑️ 69 мусор
2026-06-03 14:30:54,396 | INFO     |   → 648/923 ❌ HTTP 404 — https://raw.githubusercontent.com/mermeroo/free-v2ray-collector/main/main/mix
2026-06-03 14:30:54,396 | INFO     |   → 649/923 ❌ HTTP 404 — https://raw.githubusercontent.com/mermeroo/free-v2ray-collector/main/main/reality
2026-06-03 14:30:54,396 | INFO     |   → 650/923 ❌ HTTP 404 — https://raw.githubusercontent.com/mermeroo/free-v2ray-collector/main/main/shadowsocks
2026-06-03 14:30:54,396 | INFO     |   → 651/923 ❌ HTTP 404 — https://raw.githubusercontent.com/mermeroo/free-v2ray-collector/main/main/trojan
2026-06-03 14:30:54,396 | INFO     |   → 652/923 ❌ HTTP 404 — https://raw.githubusercontent.com/mermeroo/free-v2ray-collector/main/main/vless
2026-06-03 14:30:54,396 | INFO     |   → 653/923 ❌ HTTP 404 — https://raw.githubusercontent.com/mermeroo/free-v2ray-collector/main/main/vmess
2026-06-03 14:30:54,396 | INFO     |   → 654/923: ✅ 0 взято | 🗑️ 0 мусор
2026-06-03 14:30:54,396 | INFO     |   → 655/923: ✅ 0 взято | 🗑️ 0 мусор
2026-06-03 14:30:54,396 | INFO     |   → 656/923 ❌ HTTP 404 — https://raw.githubusercontent.com/mfuu/v2ray/master/merge/merge.txt
2026-06-03 14:30:54,396 | INFO     |   → 657/923: ✅ 0 взято | 🗑️ 65 мусор
2026-06-03 14:30:54,397 | INFO     |   → 658/923: ✅ 0 взято | 🗑️ 65 мусор
2026-06-03 14:30:54,397 | INFO     |   → 659/923: ✅ 0 взято | 🗑️ 25 мусор
2026-06-03 14:30:54,397 | INFO     |   → 660/923: ✅ 551 взято | 🗑️ 13922 мусор
2026-06-03 14:30:54,397 | INFO     |   → 661/923: ✅ 0 взято | 🗑️ 13922 мусор
2026-06-03 14:30:54,397 | INFO     |   → 662/923: ✅ 0 взято | 🗑️ 2795 мусор
2026-06-03 14:30:54,397 | INFO     |   → 663/923: ✅ 0 взято | 🗑️ 1952 мусор
2026-06-03 14:30:54,397 | INFO     |   → 664/923: ✅ 0 взято | 🗑️ 4846 мусор
2026-06-03 14:30:54,397 | INFO     |   → 665/923: ✅ 0 взято | 🗑️ 4329 мусор
2026-06-03 14:30:54,397 | INFO     |   → 666/923 ❌ HTTP 404 — https://raw.githubusercontent.com/miladtahanian/V2RayCFGDumper/refs/heads/main/config.txt
2026-06-03 14:30:54,397 | INFO     |   → 667/923 ❌ HTTP 404 — https://raw.githubusercontent.com/miladtahanian/multi-proxy-config-fetcher/refs/heads/main/configs/proxy_configs.txt
2026-06-03 14:30:54,397 | INFO     |   → 668/923: ✅ 0 взято | 🗑️ 0 мусор
2026-06-03 14:30:54,397 | INFO     |   → 669/923: ✅ 0 взято | 🗑️ 0 мусор
2026-06-03 14:30:54,397 | INFO     |   → 670/923: ✅ 0 взято | 🗑️ 0 мусор
2026-06-03 14:30:54,397 | INFO     |   → 671/923: ✅ 15 взято | 🗑️ 46 мусор
2026-06-03 14:30:54,397 | INFO     |   → 672/923: ✅ 0 взято | 🗑️ 10 мусор
2026-06-03 14:30:54,397 | INFO     |   → 673/923: ✅ 0 взято | 🗑️ 211 мусор
2026-06-03 14:30:54,397 | INFO     |   → 674/923: ✅ 0 взято | 🗑️ 31 мусор
2026-06-03 14:30:54,397 | INFO     |   → 675/923: ✅ 0 взято | 🗑️ 0 мусор
2026-06-03 14:30:54,397 | INFO     |   → 676/923: ✅ 28 взято | 🗑️ 93 мусор
2026-06-03 14:30:54,397 | INFO     |   → 677/923: ✅ 74 взято | 🗑️ 425 мусор
2026-06-03 14:30:54,397 | INFO     |   → 678/923: ✅ 168 взято | 🗑️ 330 мусор
2026-06-03 14:30:54,397 | INFO     |   → 679/923: ✅ 0 взято | 🗑️ 0 мусор
2026-06-03 14:30:54,397 | INFO     |   → 680/923: ✅ 15 взято | 🗑️ 70 мусор
2026-06-03 14:30:54,397 | INFO     |   → 681/923: ✅ 127 взято | 🗑️ 492 мусор
2026-06-03 14:30:54,397 | INFO     |   → 682/923: ✅ 331 взято | 🗑️ 190 мусор
2026-06-03 14:30:54,397 | INFO     |   → 683/923: ✅ 100 взято | 🗑️ 2127 мусор
2026-06-03 14:30:54,397 | INFO     |   → 684/923: ✅ 58 взято | 🗑️ 1249 мусор
2026-06-03 14:30:54,398 | INFO     |   → 685/923: ✅ 11 взято | 🗑️ 327 мусор
2026-06-03 14:30:54,398 | INFO     |   → 686/923: ✅ 0 взято | 🗑️ 432 мусор
2026-06-03 14:30:54,398 | INFO     |   → 687/923 ❌ HTTP 404 — https://raw.githubusercontent.com/obscure1990/freeVM/master/snippets/nodes.yml
2026-06-03 14:30:54,398 | INFO     |   → 688/923: ✅ 1181 взято | 🗑️ 177 мусор
2026-06-03 14:30:54,398 | INFO     |   → 689/923 ❌ HTTP 404 — https://raw.githubusercontent.com/op30mmd/things/909b38024ba14d69dc0f95c238f63bc6e930a00f/eut.txt
2026-06-03 14:30:54,398 | INFO     |   → 690/923 ❌ HTTP 404 — https://raw.githubusercontent.com/openRunner/clash-freenode/main/v2ray.txt
2026-06-03 14:30:54,398 | INFO     |   → 691/923 ❌ HTTP 404 — https://raw.githubusercontent.com/oslook/clash-freenode/main/clash.yaml
2026-06-03 14:30:54,398 | INFO     |   → 692/923: ✅ 0 взято | 🗑️ 0 мусор
2026-06-03 14:30:54,398 | INFO     |   → 693/923: ✅ 4 взято | 🗑️ 1 мусор
2026-06-03 14:30:54,398 | INFO     |   → 694/923: ✅ 0 взято | 🗑️ 0 мусор
2026-06-03 14:30:54,398 | INFO     |   → 695/923: ✅ 16 взято | 🗑️ 109 мусор
2026-06-03 14:30:54,398 | INFO     |   → 696/923: ✅ 0 взято | 🗑️ 0 мусор
2026-06-03 14:30:54,398 | INFO     |   → 697/923: ✅ 0 взято | 🗑️ 109 мусор
2026-06-03 14:30:54,398 | INFO     |   → 698/923: ✅ 0 взято | 🗑️ 109 мусор
2026-06-03 14:30:54,398 | INFO     |   → 699/923: ✅ 4 взято | 🗑️ 3 мусор
2026-06-03 14:30:54,398 | INFO     |   → 700/923: ✅ 6703 взято | 🗑️ 35561 мусор
2026-06-03 14:30:54,398 | INFO     |   → 701/923: ✅ 0 взято | 🗑️ 0 мусор
2026-06-03 14:30:54,398 | INFO     |   → 702/923: ✅ 0 взято | 🗑️ 0 мусор
2026-06-03 14:30:54,398 | INFO     |   → 703/923: ✅ 0 взято | 🗑️ 19 мусор
2026-06-03 14:30:54,398 | INFO     |   → 704/923: ✅ 0 взято | 🗑️ 0 мусор
2026-06-03 14:30:54,398 | INFO     |   → 705/923: ✅ 0 взято | 🗑️ 84 мусор
2026-06-03 14:30:54,398 | INFO     |   → 706/923: ✅ 0 взято | 🗑️ 1 мусор
2026-06-03 14:30:54,398 | INFO     |   → 707/923: ✅ 0 взято | 🗑️ 44 мусор
2026-06-03 14:30:54,398 | INFO     |   → 708/923: ✅ 63 взято | 🗑️ 521 мусор
2026-06-03 14:30:54,398 | INFO     |   → 709/923: ✅ 165 взято | 🗑️ 273 мусор
2026-06-03 14:30:54,398 | INFO     |   → 710/923: ✅ 0 взято | 🗑️ 0 мусор
2026-06-03 14:30:54,399 | INFO     |   → 711/923: ✅ 13 взято | 🗑️ 211 мусор
2026-06-03 14:30:54,399 | INFO     |   → 712/923: ✅ 3 взято | 🗑️ 56 мусор
2026-06-03 14:30:54,399 | INFO     |   → 713/923: ✅ 0 взято | 🗑️ 79 мусор
2026-06-03 14:30:54,399 | INFO     |   → 714/923: ✅ 13 взято | 🗑️ 32 мусор
2026-06-03 14:30:54,399 | INFO     |   → 715/923: ✅ 0 взято | 🗑️ 0 мусор
2026-06-03 14:30:54,399 | INFO     |   → 716/923: ✅ 2 взято | 🗑️ 9 мусор
2026-06-03 14:30:54,399 | INFO     |   → 717/923: ✅ 11 взято | 🗑️ 76 мусор
2026-06-03 14:30:54,399 | INFO     |   → 718/923: ✅ 0 взято | 🗑️ 168 мусор
2026-06-03 14:30:54,399 | INFO     |   → 719/923: ✅ 0 взято | 🗑️ 79 мусор
2026-06-03 14:30:54,399 | INFO     |   → 720/923: ✅ 0 взято | 🗑️ 0 мусор
2026-06-03 14:30:54,399 | INFO     |   → 721/923: ✅ 0 взято | 🗑️ 15 мусор
2026-06-03 14:30:54,399 | INFO     |   → 722/923 ❌ HTTP 404 — https://raw.githubusercontent.com/ronghuaxueleng/get_v2/main/pub/changfengoss.yaml
2026-06-03 14:30:54,399 | INFO     |   → 723/923: ✅ 0 взято | 🗑️ 0 мусор
2026-06-03 14:30:54,399 | INFO     |   → 724/923: ✅ 31 взято | 🗑️ 70 мусор
2026-06-03 14:30:54,399 | INFO     |   → 725/923: ✅ 0 взято | 🗑️ 70 мусор
2026-06-03 14:30:54,399 | INFO     |   → 726/923 ❌ HTTP 404 — https://raw.githubusercontent.com/rxsweet/CM_Vmess/refs/heads/main/test.txt
2026-06-03 14:30:54,399 | INFO     |   → 727/923 ❌ HTTP 404 — https://raw.githubusercontent.com/rxsweet/proxies/main/sub/free.yaml
2026-06-03 14:30:54,399 | INFO     |   → 728/923 ❌ HTTP 404 — https://raw.githubusercontent.com/rxsweet/proxies/main/sub/rx.yaml
2026-06-03 14:30:54,399 | INFO     |   → 729/923 ❌ HTTP 404 — https://raw.githubusercontent.com/rxsweet/proxies/main/sub/sources/dynamicAll.yaml
2026-06-03 14:30:54,399 | INFO     |   → 730/923 ❌ HTTP 404 — https://raw.githubusercontent.com/rxsweet/proxies/main/sub/sources/miningAll.yaml
2026-06-03 14:30:54,399 | INFO     |   → 731/923 ❌ HTTP 404 — https://raw.githubusercontent.com/rxsweet/proxies/main/sub/srx.yaml
2026-06-03 14:30:54,399 | INFO     |   → 732/923: ✅ 362 взято | 🗑️ 1468 мусор
2026-06-03 14:30:54,399 | INFO     |   → 733/923 ❌ HTTP 404 — https://raw.githubusercontent.com/sajad-sajadi/V2ray-Collector/raw/main/output/protocols/vmess.txt
2026-06-03 14:30:54,399 | INFO     |   → 734/923: ✅ 1437 взято | 🗑️ 1800 мусор
2026-06-03 14:30:54,399 | INFO     |   → 735/923 ❌ HTTP 404 — https://raw.githubusercontent.com/sakha1370/OpenRay/raw/refs/heads/main/output/all_valid_proxies.txt
2026-06-03 14:30:54,399 | INFO     |   → 736/923: ✅ 2 взято | 🗑️ 399 мусор
2026-06-03 14:30:54,399 | INFO     |   → 737/923: ✅ 0 взято | 🗑️ 399 мусор
2026-06-03 14:30:54,400 | INFO     |   → 738/923 ❌ HTTP 404 — https://raw.githubusercontent.com/samjoeyang/subscribe/main/fly
2026-06-03 14:30:54,400 | INFO     |   → 739/923: ✅ 0 взято | 🗑️ 0 мусор
2026-06-03 14:30:54,400 | INFO     |   → 740/923 ❌ HTTP 404 — https://raw.githubusercontent.com/satrom/V2SSR/master/SSR/Sub.txt
2026-06-03 14:30:54,400 | INFO     |   → 741/923 ❌ HTTP 404 — https://raw.githubusercontent.com/satrom/V2SSR/master/V2RAY/Sub.txt
2026-06-03 14:30:54,400 | INFO     |   → 742/923: ✅ 5364 взято | 🗑️ 105080 мусор
2026-06-03 14:30:54,400 | INFO     |   → 743/923: ✅ 0 взято | 🗑️ 0 мусор
2026-06-03 14:30:54,400 | INFO     |   → 744/923: ✅ 0 взято | 🗑️ 0 мусор
2026-06-03 14:30:54,400 | INFO     |   → 745/923: ✅ 3 взято | 🗑️ 49 мусор
2026-06-03 14:30:54,400 | INFO     |   → 746/923: ✅ 253 взято | 🗑️ 1548 мусор
2026-06-03 14:30:54,400 | INFO     |   → 747/923: ✅ 0 взято | 🗑️ 783 мусор
2026-06-03 14:30:54,400 | INFO     |   → 748/923: ✅ 0 взято | 🗑️ 81 мусор
2026-06-03 14:30:54,400 | INFO     |   → 749/923: ✅ 0 взято | 🗑️ 659 мусор
2026-06-03 14:30:54,400 | INFO     |   → 750/923: ✅ 0 взято | 🗑️ 25 мусор
2026-06-03 14:30:54,400 | INFO     |   → 751/923: ✅ 0 взято | 🗑️ 1548 мусор
2026-06-03 14:30:54,400 | INFO     |   → 752/923: ✅ 0 взято | 🗑️ 0 мусор
2026-06-03 14:30:54,400 | INFO     |   → 753/923: ✅ 0 взято | 🗑️ 0 мусор
2026-06-03 14:30:54,400 | INFO     |   → 754/923 ❌ HTTP 404 — https://raw.githubusercontent.com/shirkerboy/scp/main/sub
2026-06-03 14:30:54,400 | INFO     |   → 755/923 ❌ HTTP 404 — https://raw.githubusercontent.com/skywrt/v2ray-Collector/master/v2ray
2026-06-03 14:30:54,400 | INFO     |   → 756/923 ❌ HTTP 404 — https://raw.githubusercontent.com/snakem982/proxypool/main/nodelist.txt
2026-06-03 14:30:54,400 | INFO     |   → 757/923: ✅ 0 взято | 🗑️ 0 мусор
2026-06-03 14:30:54,400 | INFO     |   → 758/923: ✅ 2 взято | 🗑️ 5 мусор
2026-06-03 14:30:54,400 | INFO     |   → 759/923 ❌ HTTP 404 — https://raw.githubusercontent.com/snakem982/proxypool/main/source/v2ray.txt
2026-06-03 14:30:54,400 | INFO     |   → 760/923 ❌ HTTP 404 — https://raw.githubusercontent.com/soroushmirzaei/telegram-configs-collector/main/channels/protocols/hysteria
2026-06-03 14:30:54,400 | INFO     |   → 761/923 ❌ HTTP 404 — https://raw.githubusercontent.com/soroushmirzaei/telegram-configs-collector/main/channels/protocols/juicity
2026-06-03 14:30:54,400 | INFO     |   → 762/923 ❌ HTTP 404 — https://raw.githubusercontent.com/soroushmirzaei/telegram-configs-collector/main/channels/protocols/reality
2026-06-03 14:30:54,400 | INFO     |   → 763/923 ❌ HTTP 404 — https://raw.githubusercontent.com/soroushmirzaei/telegram-configs-collector/main/channels/protocols/shadowsocks
2026-06-03 14:30:54,401 | INFO     |   → 764/923 ❌ HTTP 404 — https://raw.githubusercontent.com/soroushmirzaei/telegram-configs-collector/main/channels/protocols/trojan
2026-06-03 14:30:54,401 | INFO     |   → 765/923 ❌ HTTP 404 — https://raw.githubusercontent.com/soroushmirzaei/telegram-configs-collector/main/channels/protocols/tuic
2026-06-03 14:30:54,401 | INFO     |   → 766/923 ❌ HTTP 404 — https://raw.githubusercontent.com/soroushmirzaei/telegram-configs-collector/main/channels/protocols/vless
2026-06-03 14:30:54,401 | INFO     |   → 767/923 ❌ HTTP 404 — https://raw.githubusercontent.com/soroushmirzaei/telegram-configs-collector/main/channels/protocols/vmess
2026-06-03 14:30:54,401 | INFO     |   → 768/923 ❌ HTTP 404 — https://raw.githubusercontent.com/soroushmirzaei/telegram-configs-collector/main/countries/jp/mixed
2026-06-03 14:30:54,401 | INFO     |   → 769/923 ❌ HTTP 404 — https://raw.githubusercontent.com/soroushmirzaei/telegram-configs-collector/main/protocols/hysteria
2026-06-03 14:30:54,401 | INFO     |   → 770/923 ❌ HTTP 404 — https://raw.githubusercontent.com/soroushmirzaei/telegram-configs-collector/main/protocols/juicity
2026-06-03 14:30:54,401 | INFO     |   → 771/923 ❌ HTTP 404 — https://raw.githubusercontent.com/soroushmirzaei/telegram-configs-collector/main/protocols/reality
2026-06-03 14:30:54,401 | INFO     |   → 772/923 ❌ HTTP 404 — https://raw.githubusercontent.com/soroushmirzaei/telegram-configs-collector/main/protocols/shadowsocks
2026-06-03 14:30:54,401 | INFO     |   → 773/923 ❌ HTTP 404 — https://raw.githubusercontent.com/soroushmirzaei/telegram-configs-collector/main/protocols/trojan
2026-06-03 14:30:54,401 | INFO     |   → 774/923 ❌ HTTP 404 — https://raw.githubusercontent.com/soroushmirzaei/telegram-configs-collector/main/protocols/tuic
2026-06-03 14:30:54,401 | INFO     |   → 775/923 ❌ HTTP 404 — https://raw.githubusercontent.com/soroushmirzaei/telegram-configs-collector/main/protocols/vless
2026-06-03 14:30:54,401 | INFO     |   → 776/923 ❌ HTTP 404 — https://raw.githubusercontent.com/soroushmirzaei/telegram-configs-collector/main/protocols/vmess
2026-06-03 14:30:54,401 | INFO     |   → 777/923 ❌ HTTP 404 — https://raw.githubusercontent.com/soroushmirzaei/telegram-configs-collector/main/splitted/subscribe
2026-06-03 14:30:54,401 | INFO     |   → 778/923 ❌ HTTP 404 — https://raw.githubusercontent.com/ssrsub/ssr/master/Clash.yml
2026-06-03 14:30:54,401 | INFO     |   → 779/923 ❌ HTTP 404 — https://raw.githubusercontent.com/ssrsub/ssr/master/V2Ray
2026-06-03 14:30:54,401 | INFO     |   → 780/923 ❌ HTTP 404 — https://raw.githubusercontent.com/ssrsub/ssr/master/ss-sub
2026-06-03 14:30:54,401 | INFO     |   → 781/923 ❌ HTTP 404 — https://raw.githubusercontent.com/ssrsub/ssr/master/ssrsub
2026-06-03 14:30:54,401 | INFO     |   → 782/923 ❌ HTTP 404 — https://raw.githubusercontent.com/ssrsub/ssr/master/trojan
2026-06-03 14:30:54,401 | INFO     |   → 783/923 ❌ HTTP 404 — https://raw.githubusercontent.com/ssrsub/ssr/master/vless.txt
2026-06-03 14:30:54,401 | INFO     |   → 784/923: ✅ 0 взято | 🗑️ 0 мусор
2026-06-03 14:30:54,401 | INFO     |   → 785/923: ✅ 2 взято | 🗑️ 12 мусор
2026-06-03 14:30:54,401 | INFO     |   → 786/923: ✅ 0 взято | 🗑️ 13 мусор
2026-06-03 14:30:54,401 | INFO     |   → 787/923: ✅ 0 взято | 🗑️ 13 мусор
2026-06-03 14:30:54,401 | INFO     |   → 788/923 ❌ HTTP 404 — https://raw.githubusercontent.com/tbbatbb/Proxy/master/dist/clash.config.yaml
2026-06-03 14:30:54,401 | INFO     |   → 789/923: ✅ 63 взято | 🗑️ 237 мусор
2026-06-03 14:30:54,401 | INFO     |   → 790/923: ✅ 49 взято | 🗑️ 251 мусор
2026-06-03 14:30:54,402 | INFO     |   → 791/923: ✅ 25 взято | 🗑️ 275 мусор
2026-06-03 14:30:54,402 | INFO     |   → 792/923: ✅ 26 взято | 🗑️ 274 мусор
2026-06-03 14:30:54,402 | INFO     |   → 793/923: ✅ 48 взято | 🗑️ 252 мусор
2026-06-03 14:30:54,402 | INFO     |   → 794/923: ✅ 32 взято | 🗑️ 268 мусор
2026-06-03 14:30:54,402 | INFO     |   → 795/923: ✅ 99 взято | 🗑️ 201 мусор
2026-06-03 14:30:54,402 | INFO     |   → 796/923: ✅ 159 взято | 🗑️ 141 мусор
2026-06-03 14:30:54,402 | INFO     |   → 797/923 ❌ HTTP 404 — https://raw.githubusercontent.com/thuhollow2/myconfig/main/config.yaml
2026-06-03 14:30:54,402 | INFO     |   → 798/923: ✅ 2 взято | 🗑️ 35 мусор
2026-06-03 14:30:54,402 | INFO     |   → 799/923: ✅ 0 взято | 🗑️ 0 мусор
2026-06-03 14:30:54,402 | INFO     |   → 800/923: ✅ 5 взято | 🗑️ 111 мусор
2026-06-03 14:30:54,402 | INFO     |   → 801/923: ✅ 0 взято | 🗑️ 0 мусор
2026-06-03 14:30:54,402 | INFO     |   → 802/923: ✅ 4 взято | 🗑️ 60 мусор
2026-06-03 14:30:54,402 | INFO     |   → 803/923 ❌ HTTP 404 — https://raw.githubusercontent.com/v2clash/Autoproxy/a81f840ab2364124133572ec94e4b81fb0d4e58d/sub/2401/240104.txt
2026-06-03 14:30:54,402 | INFO     |   → 804/923 ❌ HTTP 404 — https://raw.githubusercontent.com/v2clash/V2ray-Configs/31f493c584d0c7b56350f4a34d80c53ad82bcc18/Sub9.txt
2026-06-03 14:30:54,402 | INFO     |   → 805/923: ✅ 36 взято | 🗑️ 303 мусор
2026-06-03 14:30:54,402 | INFO     |   → 806/923: ✅ 0 взято | 🗑️ 0 мусор
2026-06-03 14:30:54,402 | INFO     |   → 807/923: ✅ 0 взято | 🗑️ 0 мусор
2026-06-03 14:30:54,402 | INFO     |   → 808/923: ✅ 0 взято | 🗑️ 0 мусор
2026-06-03 14:30:54,402 | INFO     |   → 809/923: ✅ 283 взято | 🗑️ 9640 мусор
2026-06-03 14:30:54,402 | INFO     |   → 810/923: ✅ 281 взято | 🗑️ 10086 мусор
2026-06-03 14:30:54,402 | INFO     |   → 811/923: ✅ 280 взято | 🗑️ 9675 мусор
2026-06-03 14:30:54,402 | INFO     |   → 812/923: ✅ 334 взято | 🗑️ 9823 мусор
2026-06-03 14:30:54,402 | INFO     |   → 813/923: ✅ 350 взято | 🗑️ 9639 мусор
2026-06-03 14:30:54,402 | INFO     |   → 814/923: ✅ 125 взято | 🗑️ 7919 мусор
2026-06-03 14:30:54,402 | INFO     |   → 815/923: ✅ 135 взято | 🗑️ 4836 мусор
2026-06-03 14:30:54,402 | INFO     |   → 816/923: ✅ 502 взято | 🗑️ 7659 мусор
2026-06-03 14:30:54,403 | INFO     |   → 817/923: ✅ 631 взято | 🗑️ 8081 мусор
2026-06-03 14:30:54,403 | INFO     |   → 818/923: ✅ 202 взято | 🗑️ 5131 мусор
2026-06-03 14:30:54,403 | INFO     |   → 819/923 ❌ HTTP 404 — https://raw.githubusercontent.com/vsevjik/OBSpiskov/main/wwh
2026-06-03 14:30:54,403 | INFO     |   → 820/923 ❌ HTTP 404 — https://raw.githubusercontent.com/vsevjik/OBSpiskov/main/wwhjk
2026-06-03 14:30:54,403 | INFO     |   → 821/923 ❌ HTTP 404 — https://raw.githubusercontent.com/vsevjik/OBSpiskov/main/wwhljjjkk
2026-06-03 14:30:54,403 | INFO     |   → 822/923 ❌ HTTP 404 — https://raw.githubusercontent.com/vveg26/chromego_merge/main/sub/merged_proxies.yaml
2026-06-03 14:30:54,403 | INFO     |   → 823/923 ❌ HTTP 404 — https://raw.githubusercontent.com/vveg26/get_proxy/main/dist/clash.config.yaml
2026-06-03 14:30:54,403 | INFO     |   → 824/923: ✅ 0 взято | 🗑️ 0 мусор
2026-06-03 14:30:54,403 | INFO     |   → 825/923: ✅ 0 взято | 🗑️ 10 мусор
2026-06-03 14:30:54,403 | INFO     |   → 826/923: ✅ 0 взято | 🗑️ 10 мусор
2026-06-03 14:30:54,403 | INFO     |   → 827/923: ✅ 0 взято | 🗑️ 4 мусор
2026-06-03 14:30:54,403 | INFO     |   → 828/923: ✅ 0 взято | 🗑️ 0 мусор
2026-06-03 14:30:54,403 | INFO     |   → 829/923: ✅ 0 взято | 🗑️ 4 мусор
2026-06-03 14:30:54,403 | INFO     |   → 830/923: ✅ 106 взято | 🗑️ 689 мусор
2026-06-03 14:30:54,403 | INFO     |   → 831/923: ✅ 48 взято | 🗑️ 841 мусор
2026-06-03 14:30:54,403 | INFO     |   → 832/923: ✅ 21 взято | 🗑️ 789 мусор
2026-06-03 14:30:54,403 | INFO     |   → 833/923: ✅ 24 взято | 🗑️ 774 мусор
2026-06-03 14:30:54,403 | INFO     |   → 834/923: ✅ 52 взято | 🗑️ 756 мусор
2026-06-03 14:30:54,403 | INFO     |   → 835/923: ✅ 191 взято | 🗑️ 745 мусор
2026-06-03 14:30:54,403 | INFO     |   → 836/923: ✅ 9 взято | 🗑️ 651 мусор
2026-06-03 14:30:54,403 | INFO     |   → 837/923: ✅ 185 взято | 🗑️ 388 мусор
2026-06-03 14:30:54,403 | INFO     |   → 838/923: ✅ 130 взято | 🗑️ 523 мусор
2026-06-03 14:30:54,403 | INFO     |   → 839/923: ✅ 67 взято | 🗑️ 533 мусор
2026-06-03 14:30:54,403 | INFO     |   → 840/923: ✅ 98 взято | 🗑️ 444 мусор
2026-06-03 14:30:54,403 | INFO     |   → 841/923: ✅ 102 взято | 🗑️ 670 мусор
2026-06-03 14:30:54,403 | INFO     |   → 842/923: ✅ 86 взято | 🗑️ 476 мусор
2026-06-03 14:30:54,403 | INFO     |   → 843/923: ✅ 95 взято | 🗑️ 657 мусор
2026-06-03 14:30:54,404 | INFO     |   → 844/923: ✅ 105 взято | 🗑️ 645 мусор
2026-06-03 14:30:54,404 | INFO     |   → 845/923: ✅ 115 взято | 🗑️ 985 мусор
2026-06-03 14:30:54,404 | INFO     |   → 846/923: ✅ 3 взято | 🗑️ 63 мусор
2026-06-03 14:30:54,404 | INFO     |   → 847/923: ✅ 3 взято | 🗑️ 62 мусор
2026-06-03 14:30:54,404 | INFO     |   → 848/923: ✅ 13 взято | 🗑️ 489 мусор
2026-06-03 14:30:54,404 | INFO     |   → 849/923: ✅ 0 взято | 🗑️ 0 мусор
2026-06-03 14:30:54,404 | INFO     |   → 850/923: ✅ 0 взято | 🗑️ 0 мусор
2026-06-03 14:30:54,404 | INFO     |   → 851/923: ✅ 0 взято | 🗑️ 0 мусор
2026-06-03 14:30:54,404 | INFO     |   → 852/923: ✅ 0 взято | 🗑️ 0 мусор
2026-06-03 14:30:54,404 | INFO     |   → 853/923: ✅ 0 взято | 🗑️ 0 мусор
2026-06-03 14:30:54,404 | INFO     |   → 854/923: ✅ 0 взято | 🗑️ 0 мусор
2026-06-03 14:30:54,404 | INFO     |   → 855/923: ✅ 0 взято | 🗑️ 52 мусор
2026-06-03 14:30:54,404 | INFO     |   → 856/923: ✅ 5 взято | 🗑️ 10 мусор
2026-06-03 14:30:54,404 | INFO     |   → 857/923: ✅ 1 взято | 🗑️ 124 мусор
2026-06-03 14:30:54,404 | INFO     |   → 858/923: ✅ 152 взято | 🗑️ 181 мусор
2026-06-03 14:30:54,404 | INFO     |   → 859/923: ✅ 0 взято | 🗑️ 9 мусор
2026-06-03 14:30:54,404 | INFO     |   → 860/923: ✅ 8 взято | 🗑️ 552 мусор
2026-06-03 14:30:54,404 | INFO     |   → 861/923: ✅ 0 взято | 🗑️ 533 мусор
2026-06-03 14:30:54,404 | INFO     |   → 862/923: ✅ 0 взято | 🗑️ 12 мусор
2026-06-03 14:30:54,404 | INFO     |   → 863/923: ✅ 0 взято | 🗑️ 0 мусор
2026-06-03 14:30:54,404 | INFO     |   → 864/923: ✅ 0 взято | 🗑️ 552 мусор
2026-06-03 14:30:54,404 | INFO     |   → 865/923 ❌ HTTP 404 — https://raw.githubusercontent.com/xiaozhu2007/xiaozhu2007/61a755a044dbaeea678bc2d1e20f21a21c6d7170/docs/fxxk.txt
2026-06-03 14:30:54,404 | INFO     |   → 866/923: ✅ 0 взято | 🗑️ 159 мусор
2026-06-03 14:30:54,404 | INFO     |   → 867/923: ✅ 0 взято | 🗑️ 22 мусор
2026-06-03 14:30:54,404 | INFO     |   → 868/923: ✅ 0 взято | 🗑️ 0 мусор
2026-06-03 14:30:54,404 | INFO     |   → 869/923 ❌ HTTP 404 — https://raw.githubusercontent.com/yebekhe/TVC/0f745f92bf381e505f1245abbc7c145b19b11503/config.txt
2026-06-03 14:30:54,404 | INFO     |   → 870/923 ❌ HTTP 404 — https://raw.githubusercontent.com/yebekhe/TVC/9fac69239c69327fb7a61f5a8d79d107133889e1/lite/config.txt
2026-06-03 14:30:54,404 | INFO     |   → 871/923 ❌ HTTP 404 — https://raw.githubusercontent.com/yebekhe/TelegramV2rayCollector/main/sub/normal/donated
2026-06-03 14:30:54,404 | INFO     |   → 872/923 ❌ HTTP 404 — https://raw.githubusercontent.com/yebekhe/TelegramV2rayCollector/main/sub/normal/hysteria2
2026-06-03 14:30:54,404 | INFO     |   → 873/923 ❌ HTTP 404 — https://raw.githubusercontent.com/yebekhe/TelegramV2rayCollector/main/sub/normal/mix
2026-06-03 14:30:54,405 | INFO     |   → 874/923 ❌ HTTP 404 — https://raw.githubusercontent.com/yebekhe/TelegramV2rayCollector/main/sub/normal/reality
2026-06-03 14:30:54,405 | INFO     |   → 875/923 ❌ HTTP 404 — https://raw.githubusercontent.com/yebekhe/TelegramV2rayCollector/main/sub/normal/shadowsocks
2026-06-03 14:30:54,405 | INFO     |   → 876/923 ❌ HTTP 404 — https://raw.githubusercontent.com/yebekhe/TelegramV2rayCollector/main/sub/normal/trojan
2026-06-03 14:30:54,405 | INFO     |   → 877/923 ❌ HTTP 404 — https://raw.githubusercontent.com/yebekhe/TelegramV2rayCollector/main/sub/normal/tuic
2026-06-03 14:30:54,405 | INFO     |   → 878/923 ❌ HTTP 404 — https://raw.githubusercontent.com/yebekhe/TelegramV2rayCollector/main/sub/normal/vless
2026-06-03 14:30:54,405 | INFO     |   → 879/923 ❌ HTTP 404 — https://raw.githubusercontent.com/yebekhe/TelegramV2rayCollector/main/sub/normal/vmess
2026-06-03 14:30:54,405 | INFO     |   → 880/923 ❌ HTTP 404 — https://raw.githubusercontent.com/yebekhe/V2Hub/main/Split/Normal/shadowsocks
2026-06-03 14:30:54,405 | INFO     |   → 881/923 ❌ HTTP 404 — https://raw.githubusercontent.com/yebekhe/V2Hub/main/merged
2026-06-03 14:30:54,405 | INFO     |   → 882/923: ✅ 0 взято | 🗑️ 30 мусор
2026-06-03 14:30:54,405 | INFO     |   → 883/923: ✅ 964 взято | 🗑️ 8284 мусор
2026-06-03 14:30:54,405 | INFO     |   → 884/923: ✅ 0 взято | 🗑️ 8284 мусор
2026-06-03 14:30:54,405 | INFO     |   → 885/923: ✅ 8 взято | 🗑️ 362 мусор
2026-06-03 14:30:54,405 | INFO     |   → 886/923: ✅ 12 взято | 🗑️ 329 мусор
2026-06-03 14:30:54,405 | INFO     |   → 887/923: ✅ 229 взято | 🗑️ 312 мусор
2026-06-03 14:30:54,405 | INFO     |   → 888/923: ✅ 111 взято | 🗑️ 1449 мусор
2026-06-03 14:30:54,405 | INFO     |   → 889/923: ✅ 1 взято | 🗑️ 394 мусор
2026-06-03 14:30:54,405 | INFO     |   → 890/923 ❌ HTTP 404 — https://raw.githubusercontent.com/yyyr-otz/tele-providers-collector/019cb3e07ee52fddbc7caa54fc670c6b9bae6539/sub/proxies.txt
2026-06-03 14:30:54,405 | INFO     |   → 891/923 ❌ HTTP 404 — https://raw.githubusercontent.com/yyyr-otz/tele-providers-collector/b7a74ee98bcf02c5a507d688a1bed3aa9f7f4ed1/script/raw/protocols/mixed.txt
2026-06-03 14:30:54,405 | INFO     |   → 892/923: ✅ 0 взято | 🗑️ 0 мусор
2026-06-03 14:30:54,405 | INFO     |   → 893/923: ✅ 0 взято | 🗑️ 0 мусор
2026-06-03 14:30:54,405 | INFO     |   → 894/923: ✅ 0 взято | 🗑️ 18 мусор
2026-06-03 14:30:54,405 | INFO     |   → 895/923: ✅ 278 взято | 🗑️ 25 мусор
2026-06-03 14:30:54,405 | INFO     |   → 896/923: ✅ 30 взято | 🗑️ 1029 мусор
2026-06-03 14:30:54,405 | INFO     |   → 897/923: ✅ 0 взято | 🗑️ 5 мусор
2026-06-03 14:30:54,405 | INFO     |   → 898/923: ✅ 0 взято | 🗑️ 0 мусор
2026-06-03 14:30:54,405 | INFO     |   → 899/923 ⚠️ Ошибка: ('Connection aborted.', RemoteDisconnected('Remote end closed connection without response')) — https://sub.pmsub.me/clash.yaml
2026-06-03 14:30:54,405 | INFO     |   → 900/923: ✅ 0 взято | 🗑️ 0 мусор
2026-06-03 14:30:54,405 | INFO     |   → 901/923: ✅ 0 взято | 🗑️ 0 мусор
2026-06-03 14:30:54,405 | INFO     |   → 902/923: ✅ 0 взято | 🗑️ 0 мусор
2026-06-03 14:30:54,406 | INFO     |   → 903/923: ✅ 0 взято | 🗑️ 0 мусор
2026-06-03 14:30:54,406 | INFO     |   → 904/923: ✅ 0 взято | 🗑️ 0 мусор
2026-06-03 14:30:54,406 | INFO     |   → 905/923: ✅ 0 взято | 🗑️ 0 мусор
2026-06-03 14:30:54,406 | INFO     |   → 906/923: ✅ 0 взято | 🗑️ 0 мусор
2026-06-03 14:30:54,406 | INFO     |   → 907/923: ✅ 0 взято | 🗑️ 1 мусор
2026-06-03 14:30:54,406 | INFO     |   → 908/923: ✅ 5 взято | 🗑️ 12 мусор
2026-06-03 14:30:54,406 | INFO     |   → 909/923: ✅ 0 взято | 🗑️ 0 мусор
2026-06-03 14:30:54,406 | INFO     |   → 910/923: ✅ 0 взято | 🗑️ 7 мусор
2026-06-03 14:30:54,406 | INFO     |   → 911/923: ✅ 0 взято | 🗑️ 0 мусор
2026-06-03 14:30:54,406 | INFO     |   → 912/923: ✅ 4 взято | 🗑️ 8 мусор
2026-06-03 14:30:54,406 | INFO     |   → 913/923: ✅ 0 взято | 🗑️ 0 мусор
2026-06-03 14:30:54,406 | INFO     |   → 914/923: ✅ 9 взято | 🗑️ 12 мусор
2026-06-03 14:30:54,406 | INFO     |   → 915/923: ✅ 0 взято | 🗑️ 0 мусор
2026-06-03 14:30:54,406 | INFO     |   → 916/923: ✅ 3 взято | 🗑️ 12 мусор
2026-06-03 14:30:54,406 | INFO     |   → 917/923: ✅ 0 взято | 🗑️ 0 мусор
2026-06-03 14:30:54,406 | INFO     |   → 918/923: ✅ 7 взято | 🗑️ 12 мусор
2026-06-03 14:30:54,406 | INFO     |   → 919/923: ✅ 0 взято | 🗑️ 0 мусор
2026-06-03 14:30:54,406 | INFO     |   → 920/923: ✅ 0 взято | 🗑️ 10 мусор
2026-06-03 14:30:54,406 | INFO     |   → 921/923: ✅ 0 взято | 🗑️ 0 мусор
2026-06-03 14:30:54,406 | INFO     |   → 922/923 ⚠️ Ошибка: HTTPSConnectionPool(host='v2rayshare.githubrowcontent.com', port=443): Max retries exceeded with url: /%7BYYYY%7D/%7BMM%7D/%7BYYYY%7D%7BMM%7D%7BDD%7D.txt (Caused by NameResolutionError("HTTPSConnection(host='v2rayshare.githubrowcontent.com', port=443): Failed to resolve 'v2rayshare.githubrowcontent.com' ([Errno -2] Name or service not known)")) — https://v2rayshare.githubrowcontent.com/{YYYY}/{MM}/{YYYY}{MM}{DD}.txt
2026-06-03 14:30:54,406 | INFO     |   → 923/923: ✅ 0 взято | 🗑️ 14 мусор
2026-06-03 14:30:54,406 | INFO     |   → 📡 С sstap.org получено 0 ключей
2026-06-03 14:30:54,406 | INFO     |   → 📡 С sstap.org не добавлено ни одного ключа (все 0 отклонены фильтром)
2026-06-03 14:30:54,406 | INFO     |   → ✅ ГОТОВО!
2026-06-03 14:30:54,406 | INFO     |   →    📥 Всего ключей после фильтра: 67643
2026-06-03 14:30:54,406 | INFO     |   →    🔗 Уникальных IP:PORT:SCHEME: 23348
2026-06-03 14:30:54,406 | INFO     |   →    🗑️ Выброшено мусора: 1113438
2026-06-03 14:30:54,407 | INFO     |   → 📊 По протоколам:
2026-06-03 14:30:54,407 | INFO     |   →    vless: 9699
2026-06-03 14:30:54,407 | INFO     |   →    vmess: 4407
2026-06-03 14:30:54,407 | INFO     |   →    trojan: 3917
2026-06-03 14:30:54,407 | INFO     |   →    ss: 5159
2026-06-03 14:30:54,407 | INFO     |   →    hysteria: 18
2026-06-03 14:30:54,407 | INFO     |   →    hysteria2: 28
2026-06-03 14:30:54,407 | INFO     |   →    hy2: 67
2026-06-03 14:30:54,407 | INFO     |   →    tuic: 53
2026-06-03 14:30:54,407 | INFO     | ✅ mirror.py завершён успешно
2026-06-03 14:30:54,407 | INFO     | 
2026-06-03 14:30:54,407 | INFO     | 
2026-06-03 14:30:54,407 | INFO     | ──────────────────────────────────────────────────────────────────────
2026-06-03 14:30:54,407 | INFO     | 📌 ЭТАП: Генерация 50 уникальных CF-VLESS
2026-06-03 14:30:54,407 | INFO     | ──────────────────────────────────────────────────────────────────────
2026-06-03 14:30:54,407 | INFO     | 🚀 Запуск generate_cf_vless.py (50 новых CF-VLESS)...
2026-06-03 14:30:54,608 | INFO     |   → === Генератор свежих VLESS-конфигов на IP Cloudflare ===
2026-06-03 14:30:54,608 | INFO     |   → ✅ Сгенерировано и сохранено 50 VLESS-конфигов.
2026-06-03 14:30:54,608 | INFO     |   → 📂 Файл: /home/runner/work/vpn-vless-configs-russia/vpn-vless-configs-russia/data/githubmirror/new/cf_fresh.txt
2026-06-03 14:30:54,608 | INFO     | ✅ generate_cf_vless.py завершён успешно
2026-06-03 14:30:54,608 | INFO     | 
2026-06-03 14:30:54,608 | INFO     | 
2026-06-03 14:30:54,609 | INFO     | ──────────────────────────────────────────────────────────────────────
2026-06-03 14:30:54,609 | INFO     | 📌 ЭТАП: Слияние CF с основным списком
2026-06-03 14:30:54,609 | INFO     | ──────────────────────────────────────────────────────────────────────
2026-06-03 14:30:54,717 | INFO     | 🔄 Добавлено 48 новых CF-VLESS в /home/runner/work/vpn-vless-configs-russia/vpn-vless-configs-russia/data/githubmirror/clean/vless.txt
2026-06-03 14:30:54,718 | INFO     | 📊 Всего в clean/vless.txt теперь: 9747
2026-06-03 14:30:54,719 | INFO     | 
2026-06-03 14:30:54,719 | INFO     | 
2026-06-03 14:30:54,719 | INFO     | ──────────────────────────────────────────────────────────────────────
2026-06-03 14:30:54,719 | INFO     | 📌 ЭТАП: Фильтрация по реальному SNI
2026-06-03 14:30:54,719 | INFO     | ──────────────────────────────────────────────────────────────────────
2026-06-03 14:30:54,719 | INFO     | 🚀 Запуск filter_ru_sni.py (Фильтр по реальному SNI (CDN+RU))...
2026-06-03 14:30:55,249 | INFO     |   → hy2.txt: 67 → 19 (SNI-filtered)
2026-06-03 14:30:55,249 | INFO     |   →   hysteria.txt: 18 → 0 (SNI-filtered)
2026-06-03 14:30:55,249 | INFO     |   →   hysteria2.txt: 28 → 5 (SNI-filtered)
2026-06-03 14:30:55,249 | INFO     |   →   ss.txt: 5159 → 337 (SNI-filtered)
2026-06-03 14:30:55,249 | INFO     |   →   trojan.txt: 3917 → 15 (SNI-filtered)
2026-06-03 14:30:55,249 | INFO     |   →   tuic.txt: 53 → 0 (SNI-filtered)
2026-06-03 14:30:55,249 | INFO     |   →   vless.txt: 9747 → 1683 (SNI-filtered)
2026-06-03 14:30:55,249 | INFO     |   →   vmess.txt: 4407 → 52 (SNI-filtered)
2026-06-03 14:30:55,249 | INFO     |   → ==================================================
2026-06-03 14:30:55,249 | INFO     |   →   Всего входных:  23396
2026-06-03 14:30:55,249 | INFO     |   →   Прошли фильтр:  2111
2026-06-03 14:30:55,249 | INFO     |   →   Отброшено:      21285
2026-06-03 14:30:55,249 | INFO     |   → ==================================================
2026-06-03 14:30:55,249 | INFO     |   → Готово → /home/runner/work/vpn-vless-configs-russia/vpn-vless-configs-russia/data/githubmirror/ru-sni
2026-06-03 14:30:55,249 | INFO     | ✅ filter_ru_sni.py завершён успешно
2026-06-03 14:30:55,249 | INFO     | 
2026-06-03 14:30:55,249 | INFO     | 
2026-06-03 14:30:55,249 | INFO     | ──────────────────────────────────────────────────────────────────────
2026-06-03 14:30:55,249 | INFO     | 📌 ЭТАП: Экспериментальный RU-SNI фильтр
2026-06-03 14:30:55,249 | INFO     | ──────────────────────────────────────────────────────────────────────
2026-06-03 14:30:55,250 | INFO     | 🚀 Запуск filter_ru_sni_local.py (Экспериментальный фильтр по RU-SNI)...
2026-06-03 14:30:55,573 | INFO     |   → hy2.txt: 67 → 0 (RU-SNI)
2026-06-03 14:30:55,573 | INFO     |   → hysteria.txt: 18 → 0 (RU-SNI)
2026-06-03 14:30:55,573 | INFO     |   → hysteria2.txt: 28 → 0 (RU-SNI)
2026-06-03 14:30:55,573 | INFO     |   → ss.txt: 5159 → 86 (RU-SNI)
2026-06-03 14:30:55,573 | INFO     |   → trojan.txt: 3917 → 0 (RU-SNI)
2026-06-03 14:30:55,573 | INFO     |   → tuic.txt: 53 → 0 (RU-SNI)
2026-06-03 14:30:55,574 | INFO     |   → vless.txt: 9747 → 750 (RU-SNI)
2026-06-03 14:30:55,574 | INFO     |   → vmess.txt: 4407 → 0 (RU-SNI)
2026-06-03 14:30:55,574 | INFO     |   → ==================================================
2026-06-03 14:30:55,574 | INFO     |   → Всего входных:  23396
2026-06-03 14:30:55,574 | INFO     |   → Прошли RU-SNI:  836
2026-06-03 14:30:55,574 | INFO     |   → Отброшено:      22560
2026-06-03 14:30:55,574 | INFO     |   → ==================================================
2026-06-03 14:30:55,574 | INFO     |   → Готово → /home/runner/work/vpn-vless-configs-russia/vpn-vless-configs-russia/data/githubmirror/ru-sni-local
2026-06-03 14:30:55,574 | INFO     | ✅ filter_ru_sni_local.py завершён успешно
2026-06-03 14:30:55,574 | INFO     | 
2026-06-03 14:30:55,574 | INFO     | 
2026-06-03 14:30:55,574 | INFO     | ──────────────────────────────────────────────────────────────────────
2026-06-03 14:30:55,574 | INFO     | 📌 ЭТАП: Сбор статистики
2026-06-03 14:30:55,574 | INFO     | ──────────────────────────────────────────────────────────────────────
2026-06-03 14:30:55,574 | INFO     | 📊 Сбор статистики...
2026-06-03 14:30:55,574 | INFO     |   📁 githubmirror/clean:
2026-06-03 14:30:55,574 | INFO     |     • hy2         :    67 конфигов
2026-06-03 14:30:55,575 | INFO     |     • hysteria    :    18 конфигов
2026-06-03 14:30:55,575 | INFO     |     • hysteria2   :    28 конфигов
2026-06-03 14:30:55,578 | INFO     |     • ss          :  5159 конфигов
2026-06-03 14:30:55,580 | INFO     |     • trojan      :  3917 конфигов
2026-06-03 14:30:55,581 | INFO     |     • tuic        :    53 конфигов
2026-06-03 14:30:55,588 | INFO     |     • vless       :  9747 конфигов
2026-06-03 14:30:55,591 | INFO     |     • vmess       :  4407 конфигов
2026-06-03 14:30:55,591 | INFO     |   📁 githubmirror/ru-sni:
2026-06-03 14:30:55,591 | INFO     |     • hy2         :    19 конфигов ( 28.4% от clean)
2026-06-03 14:30:55,591 | INFO     |     • hysteria    :     0 конфигов (  0.0% от clean)
2026-06-03 14:30:55,591 | INFO     |     • hysteria2   :     5 конфигов ( 17.9% от clean)
2026-06-03 14:30:55,592 | INFO     |     • ss          :   337 конфигов (  6.5% от clean)
2026-06-03 14:30:55,592 | INFO     |     • trojan      :    15 конфигов (  0.4% от clean)
2026-06-03 14:30:55,592 | INFO     |     • tuic        :     0 конфигов (  0.0% от clean)
2026-06-03 14:30:55,593 | INFO     |     • vless       :  1683 конфигов ( 17.3% от clean)
2026-06-03 14:30:55,594 | INFO     |     • vmess       :    52 конфигов (  1.2% от clean)
2026-06-03 14:30:55,594 | INFO     |   ✨ Новых CF-VLESS в этом запуске: 50
2026-06-03 14:30:55,594 | INFO     | 
2026-06-03 14:30:55,594 | INFO     |   ──────────────────────────────────────────────────
2026-06-03 14:30:55,594 | INFO     |   📈 ИТОГО:
2026-06-03 14:30:55,594 | INFO     |     Clean (после geo-фильтра):    23396
2026-06-03 14:30:55,594 | INFO     |     RU-SNI (после SNI-фильтра):    2111
2026-06-03 14:30:55,594 | INFO     |     Прошло фильтр:                  9.0%
2026-06-03 14:30:55,594 | INFO     |   ──────────────────────────────────────────────────
2026-06-03 14:30:55,594 | INFO     | ✅ Статистика сохранена: /home/runner/work/vpn-vless-configs-russia/vpn-vless-configs-russia/data/stats.json
2026-06-03 14:30:55,594 | INFO     | 
2026-06-03 14:30:55,594 | INFO     | ======================================================================
2026-06-03 14:30:55,594 | INFO     | 📊 ИТОГОВЫЙ ОТЧЁТ
2026-06-03 14:30:55,594 | INFO     | ======================================================================
2026-06-03 14:30:55,595 | INFO     |   ✅ OK         | Загрузка и geo-фильтрация
2026-06-03 14:30:55,595 | INFO     |   ✅ OK         | Генерация 50 уникальных CF-VLESS
2026-06-03 14:30:55,595 | INFO     |   ✅ OK         | Слияние CF с основным списком
2026-06-03 14:30:55,595 | INFO     |   ✅ OK         | Фильтрация по реальному SNI
2026-06-03 14:30:55,595 | INFO     |   ✅ OK         | Экспериментальный RU-SNI фильтр
2026-06-03 14:30:55,595 | INFO     |   ✅ OK         | Сбор статистики
2026-06-03 14:30:55,595 | INFO     | ──────────────────────────────────────────────────────────────────────
2026-06-03 14:30:55,595 | INFO     | ✅ ВСЕ ЭТАПЫ УСПЕШНЫ (6/6)
2026-06-03 14:30:55,595 | INFO     | ⏰ Время завершения: 2026-06-03 14:30:55
2026-06-03 14:30:55,595 | INFO     | ======================================================================
