2026-06-01 23:24:48,610 | INFO     | ======================================================================
2026-06-01 23:24:48,610 | INFO     | 🔍 VPN KEY CHECKER - Начало проверки
2026-06-01 23:24:48,610 | INFO     | ⏰ Время старта: 2026-06-01 23:24:48
2026-06-01 23:24:48,610 | INFO     | 📂 Рабочая директория: /home/runner/work/vpn-vless-configs-russia/vpn-vless-configs-russia
2026-06-01 23:24:48,610 | INFO     | ======================================================================
2026-06-01 23:24:48,610 | INFO     | 
2026-06-01 23:24:48,610 | INFO     | 🔍 Проверка наличия скриптов...
2026-06-01 23:24:48,610 | INFO     |   ✅ mirror.py
2026-06-01 23:24:48,610 | INFO     |   ✅ generate_cf_vless.py
2026-06-01 23:24:48,610 | INFO     |   ✅ filter_ru_sni.py
2026-06-01 23:24:48,611 | INFO     |   ✅ filter_ru_sni_local.py
2026-06-01 23:24:48,611 | INFO     | 
2026-06-01 23:24:48,611 | INFO     | ──────────────────────────────────────────────────────────────────────
2026-06-01 23:24:48,611 | INFO     | 📌 ЭТАП: Загрузка и geo-фильтрация
2026-06-01 23:24:48,611 | INFO     | ──────────────────────────────────────────────────────────────────────
2026-06-01 23:24:48,611 | INFO     | 🚀 Запуск mirror.py (Загрузка и фильтрация по РФ/СНГ/Европа)...
2026-06-01 23:26:15,753 | INFO     |   → DEBUG: mirror.py started
2026-06-01 23:26:15,753 | INFO     |   → DEBUG: BASE_PATH = /home/runner/work/vpn-vless-configs-russia/vpn-vless-configs-russia
2026-06-01 23:26:15,753 | INFO     |   → DEBUG: CONFIG_SOURCES_FILE = /home/runner/work/vpn-vless-configs-russia/vpn-vless-configs-russia/data/config_sources.json
2026-06-01 23:26:15,753 | INFO     |   → 📂 Загружено 901 источников из /home/runner/work/vpn-vless-configs-russia/vpn-vless-configs-russia/data/config_sources.json
2026-06-01 23:26:15,753 | INFO     |   → 🚀 Старт: всего источников: 901
2026-06-01 23:26:15,753 | INFO     |   → 1/901: ✅ 0 взято | 🗑️ 0 мусор
2026-06-01 23:26:15,753 | INFO     |   → 2/901: ✅ 13 взято | 🗑️ 242 мусор
2026-06-01 23:26:15,753 | INFO     |   → 3/901 ⚠️ Ошибка: HTTPSConnectionPool(host='a.nodeshare.xyz', port=443): Max retries exceeded with url: /uploads/%7BYYYY%7D/%7BM%7D/%7BYYYY%7D%7BMM%7D%7BDD%7D.txt (Caused by SSLError(SSLError(1, '[SSL: TLSV1_UNRECOGNIZED_NAME] tlsv1 unrecognized name (_ssl.c:1016)'))) — https://a.nodeshare.xyz/uploads/{YYYY}/{M}/{YYYY}{MM}{DD}.txt
2026-06-01 23:26:15,753 | INFO     |   → 4/901: ✅ 0 взято | 🗑️ 0 мусор
2026-06-01 23:26:15,753 | INFO     |   → 5/901 ❌ HTTP 404 — https://bitbucket.org/huwo1/proxy_nodes/raw/f31ca9ec67b84071515729ff45b011b6b09c10f2/clash.yaml
2026-06-01 23:26:15,753 | INFO     |   → 6/901 ❌ HTTP 404 — https://cdn.jsdelivr.net/gh/cry0ice/genode@main/public/all.txt
2026-06-01 23:26:15,753 | INFO     |   → 7/901 ❌ HTTP 404 — https://cdn.jsdelivr.net/gh/cry0ice/genode@main/public/ss.txt
2026-06-01 23:26:15,753 | INFO     |   → 8/901 ❌ HTTP 404 — https://cdn.jsdelivr.net/gh/cry0ice/genode@main/public/ssr.txt
2026-06-01 23:26:15,753 | INFO     |   → 9/901 ❌ HTTP 404 — https://cdn.jsdelivr.net/gh/cry0ice/genode@main/public/trojan.txt
2026-06-01 23:26:15,753 | INFO     |   → 10/901 ❌ HTTP 404 — https://cdn.jsdelivr.net/gh/cry0ice/genode@main/public/vless.txt
2026-06-01 23:26:15,753 | INFO     |   → 11/901 ❌ HTTP 404 — https://cdn.jsdelivr.net/gh/cry0ice/genode@main/public/vmess.txt
2026-06-01 23:26:15,753 | INFO     |   → 12/901: ✅ 0 взято | 🗑️ 0 мусор
2026-06-01 23:26:15,754 | INFO     |   → 13/901: ✅ 0 взято | 🗑️ 0 мусор
2026-06-01 23:26:15,754 | INFO     |   → 14/901: ✅ 0 взято | 🗑️ 0 мусор
2026-06-01 23:26:15,754 | INFO     |   → 15/901: ✅ 0 взято | 🗑️ 0 мусор
2026-06-01 23:26:15,754 | INFO     |   → 16/901: ✅ 0 взято | 🗑️ 0 мусор
2026-06-01 23:26:15,754 | INFO     |   → 17/901: ✅ 0 взято | 🗑️ 0 мусор
2026-06-01 23:26:15,754 | INFO     |   → 18/901 ❌ HTTP 404 — https://free.datiya.com/uploads/{YYYY}{MM}{DD}-v2ray.txt
2026-06-01 23:26:15,754 | INFO     |   → 19/901 ❌ HTTP 404 — https://freessrnode.github.io/uploads/2024/08/0-20240822.txt
2026-06-01 23:26:15,754 | INFO     |   → 20/901 ❌ HTTP 404 — https://freessrnode.github.io/uploads/2024/08/1-20240822.txt
2026-06-01 23:26:15,754 | INFO     |   → 21/901 ❌ HTTP 404 — https://freessrnode.github.io/uploads/2024/08/2-20240822.txt
2026-06-01 23:26:15,754 | INFO     |   → 22/901 ❌ HTTP 404 — https://freessrnode.github.io/uploads/2024/08/3-20240822.txt
2026-06-01 23:26:15,754 | INFO     |   → 23/901 ❌ HTTP 404 — https://freessrnode.github.io/uploads/2024/08/4-20240822.txt
2026-06-01 23:26:15,754 | INFO     |   → 24/901 ⚠️ Ошибка: HTTPSConnectionPool(host='freevpnspy.githubrowcontent.com', port=443): Max retries exceeded with url: /2024/08/20240802_novless.yaml (Caused by NameResolutionError("HTTPSConnection(host='freevpnspy.githubrowcontent.com', port=443): Failed to resolve 'freevpnspy.githubrowcontent.com' ([Errno -2] Name or service not known)")) — https://freevpnspy.githubrowcontent.com/2024/08/20240802_novless.yaml
2026-06-01 23:26:15,754 | INFO     |   → 25/901 ⚠️ Ошибка: HTTPSConnectionPool(host='freevpnspy.githubrowcontent.com', port=443): Max retries exceeded with url: /2024/08/20240802_vless.yaml (Caused by NameResolutionError("HTTPSConnection(host='freevpnspy.githubrowcontent.com', port=443): Failed to resolve 'freevpnspy.githubrowcontent.com' ([Errno -2] Name or service not known)")) — https://freevpnspy.githubrowcontent.com/2024/08/20240802_vless.yaml
2026-06-01 23:26:15,754 | INFO     |   → 26/901: ✅ 0 взято | 🗑️ 0 мусор
2026-06-01 23:26:15,754 | INFO     |   → 27/901: ✅ 0 взято | 🗑️ 0 мусор
2026-06-01 23:26:15,754 | INFO     |   → 28/901: ✅ 14 взято | 🗑️ 125 мусор
2026-06-01 23:26:15,754 | INFO     |   → 29/901: ✅ 2 взято | 🗑️ 105 мусор
2026-06-01 23:26:15,754 | INFO     |   → 30/901 ❌ HTTP 404 — https://github.com/Epodonios/bulk-xray-v2ray-vless-vmess-...-configs/raw/main/sub/Albania/config.txt
2026-06-01 23:26:15,754 | INFO     |   → 31/901 ❌ HTTP 404 — https://github.com/Epodonios/bulk-xray-v2ray-vless-vmess-...-configs/raw/main/sub/Cura%C3%A7ao/config.txt
2026-06-01 23:26:15,754 | INFO     |   → 32/901 ❌ HTTP 404 — https://github.com/Epodonios/bulk-xray-v2ray-vless-vmess-...-configs/raw/main/sub/Finland/config.txt
2026-06-01 23:26:15,754 | INFO     |   → 33/901 ❌ HTTP 404 — https://github.com/Epodonios/bulk-xray-v2ray-vless-vmess-...-configs/raw/main/sub/Iran/config.txt
2026-06-01 23:26:15,754 | INFO     |   → 34/901 ❌ HTTP 404 — https://github.com/Epodonios/bulk-xray-v2ray-vless-vmess-...-configs/raw/main/sub/Netherlands/config.txt
2026-06-01 23:26:15,754 | INFO     |   → 35/901 ❌ HTTP 404 — https://github.com/Epodonios/bulk-xray-v2ray-vless-vmess-...-configs/raw/main/sub/Norway/config.txt
2026-06-01 23:26:15,754 | INFO     |   → 36/901 ❌ HTTP 404 — https://github.com/Epodonios/bulk-xray-v2ray-vless-vmess-...-configs/raw/main/sub/Russia/config.txt
2026-06-01 23:26:15,754 | INFO     |   → 37/901: ✅ 13 взято | 🗑️ 70 мусор
2026-06-01 23:26:15,754 | INFO     |   → 38/901: ✅ 0 взято | 🗑️ 4 мусор
2026-06-01 23:26:15,754 | INFO     |   → 39/901: ✅ 0 взято | 🗑️ 7 мусор
2026-06-01 23:26:15,754 | INFO     |   → 40/901: ✅ 0 взято | 🗑️ 51 мусор
2026-06-01 23:26:15,754 | INFO     |   → 41/901: ✅ 0 взято | 🗑️ 8 мусор
2026-06-01 23:26:15,754 | INFO     |   → 42/901: ✅ 0 взято | 🗑️ 0 мусор
2026-06-01 23:26:15,755 | INFO     |   → 43/901: ✅ 17 взято | 🗑️ 119 мусор
2026-06-01 23:26:15,755 | INFO     |   → 44/901 ❌ HTTP 404 — https://github.com/MrMohebi/xray-proxy-grabber-telegram/raw/master/collected-proxies/clash-meta/all.yaml
2026-06-01 23:26:15,755 | INFO     |   → 45/901 ❌ HTTP 404 — https://github.com/MrMohebi/xray-proxy-grabber-telegram/raw/master/collected-proxies/row-url/all.txt
2026-06-01 23:26:15,755 | INFO     |   → 46/901: ✅ 0 взято | 🗑️ 0 мусор
2026-06-01 23:26:15,755 | INFO     |   → 47/901: ✅ 0 взято | 🗑️ 113 мусор
2026-06-01 23:26:15,755 | INFO     |   → 48/901: ✅ 0 взято | 🗑️ 119 мусор
2026-06-01 23:26:15,755 | INFO     |   → 49/901: ✅ 0 взято | 🗑️ 0 мусор
2026-06-01 23:26:15,755 | INFO     |   → 50/901: ✅ 0 взято | 🗑️ 0 мусор
2026-06-01 23:26:15,755 | INFO     |   → 51/901: ✅ 0 взято | 🗑️ 0 мусор
2026-06-01 23:26:15,755 | INFO     |   → 52/901: ✅ 0 взято | 🗑️ 0 мусор
2026-06-01 23:26:15,755 | INFO     |   → 53/901: ✅ 0 взято | 🗑️ 0 мусор
2026-06-01 23:26:15,755 | INFO     |   → 54/901: ✅ 0 взято | 🗑️ 0 мусор
2026-06-01 23:26:15,755 | INFO     |   → 55/901: ✅ 0 взято | 🗑️ 0 мусор
2026-06-01 23:26:15,755 | INFO     |   → 56/901 ❌ HTTP 404 — https://github.com/mermeroo/V2RAY-FREE/raw/main/All_Configs_base64_Sub.txt
2026-06-01 23:26:15,755 | INFO     |   → 57/901 ❌ HTTP 404 — https://github.com/mermeroo/V2RAY-FREE/raw/main/Base64/Sub1_base64.txt
2026-06-01 23:26:15,755 | INFO     |   → 58/901 ❌ HTTP 404 — https://github.com/mermeroo/V2RAY-FREE/raw/main/Base64/Sub2_base64.txt
2026-06-01 23:26:15,755 | INFO     |   → 59/901 ❌ HTTP 404 — https://github.com/mermeroo/V2RAY-FREE/raw/main/Base64/Sub3_base64.txt
2026-06-01 23:26:15,755 | INFO     |   → 60/901 ❌ HTTP 404 — https://github.com/mermeroo/V2RAY-FREE/raw/main/Base64/Sub4_base64.txt
2026-06-01 23:26:15,755 | INFO     |   → 61/901 ❌ HTTP 404 — https://github.com/mermeroo/V2RAY-FREE/raw/main/Base64/Sub5_base64.txt
2026-06-01 23:26:15,755 | INFO     |   → 62/901 ❌ HTTP 404 — https://github.com/mermeroo/telegram-configs-collector/raw/main/protocols/hysteria
2026-06-01 23:26:15,755 | INFO     |   → 63/901 ❌ HTTP 404 — https://github.com/mermeroo/telegram-configs-collector/raw/main/protocols/juicity
2026-06-01 23:26:15,755 | INFO     |   → 64/901 ❌ HTTP 404 — https://github.com/mermeroo/telegram-configs-collector/raw/main/protocols/tuic
2026-06-01 23:26:15,755 | INFO     |   → 65/901: ✅ 5 взято | 🗑️ 16 мусор
2026-06-01 23:26:15,755 | INFO     |   → 66/901: ✅ 0 взято | 🗑️ 0 мусор
2026-06-01 23:26:15,755 | INFO     |   → 67/901: ✅ 0 взято | 🗑️ 0 мусор
2026-06-01 23:26:15,755 | INFO     |   → 68/901 ❌ HTTP 403 — https://gitlab.com/colloq168/nodefiltrate/-/raw/main/filtrate?ref_type=heads
2026-06-01 23:26:15,755 | INFO     |   → 69/901: ✅ 0 взято | 🗑️ 0 мусор
2026-06-01 23:26:15,755 | INFO     |   → 70/901: ✅ 0 взято | 🗑️ 103 мусор
2026-06-01 23:26:15,755 | INFO     |   → 71/901: ✅ 0 взято | 🗑️ 0 мусор
2026-06-01 23:26:15,755 | INFO     |   → 72/901: ✅ 3 взято | 🗑️ 213 мусор
2026-06-01 23:26:15,755 | INFO     |   → 73/901: ✅ 0 взято | 🗑️ 0 мусор
2026-06-01 23:26:15,756 | INFO     |   → 74/901 ⚠️ Ошибка: HTTPSConnectionPool(host='ivuxy.tech', port=443): Max retries exceeded with url: /v.txt (Caused by NameResolutionError("HTTPSConnection(host='ivuxy.tech', port=443): Failed to resolve 'ivuxy.tech' ([Errno -2] Name or service not known)")) — https://ivuxy.tech/v.txt
2026-06-01 23:26:15,756 | INFO     |   → 75/901 ⚠️ Ошибка: HTTPSConnectionPool(host='mirror.ghproxy.com', port=443): Max retries exceeded with url: /https://raw.githubusercontent.com/Barabama/FreeNodes/master/nodes/blues.txt (Caused by NameResolutionError("HTTPSConnection(host='mirror.ghproxy.com', port=443): Failed to resolve 'mirror.ghproxy.com' ([Errno -2] Name or service not known)")) — https://mirror.ghproxy.com/https://raw.githubusercontent.com/Barabama/FreeNodes/master/nodes/blues.txt
2026-06-01 23:26:15,756 | INFO     |   → 76/901 ⚠️ Ошибка: HTTPSConnectionPool(host='mirror.ghproxy.com', port=443): Max retries exceeded with url: /https://raw.githubusercontent.com/Barabama/FreeNodes/master/nodes/halekj.txt (Caused by NameResolutionError("HTTPSConnection(host='mirror.ghproxy.com', port=443): Failed to resolve 'mirror.ghproxy.com' ([Errno -2] Name or service not known)")) — https://mirror.ghproxy.com/https://raw.githubusercontent.com/Barabama/FreeNodes/master/nodes/halekj.txt
2026-06-01 23:26:15,756 | INFO     |   → 77/901 ⚠️ Ошибка: HTTPSConnectionPool(host='mirror.ghproxy.com', port=443): Max retries exceeded with url: /https://raw.githubusercontent.com/Barabama/FreeNodes/master/nodes/kkzui.txt (Caused by NameResolutionError("HTTPSConnection(host='mirror.ghproxy.com', port=443): Failed to resolve 'mirror.ghproxy.com' ([Errno -2] Name or service not known)")) — https://mirror.ghproxy.com/https://raw.githubusercontent.com/Barabama/FreeNodes/master/nodes/kkzui.txt
2026-06-01 23:26:15,756 | INFO     |   → 78/901 ⚠️ Ошибка: HTTPSConnectionPool(host='mirror.ghproxy.com', port=443): Max retries exceeded with url: /https://raw.githubusercontent.com/Barabama/FreeNodes/master/nodes/merged.txt (Caused by NameResolutionError("HTTPSConnection(host='mirror.ghproxy.com', port=443): Failed to resolve 'mirror.ghproxy.com' ([Errno -2] Name or service not known)")) — https://mirror.ghproxy.com/https://raw.githubusercontent.com/Barabama/FreeNodes/master/nodes/merged.txt
2026-06-01 23:26:15,756 | INFO     |   → 79/901 ⚠️ Ошибка: HTTPSConnectionPool(host='mirror.ghproxy.com', port=443): Max retries exceeded with url: /https://raw.githubusercontent.com/Barabama/FreeNodes/master/nodes/nodefree.txt (Caused by NameResolutionError("HTTPSConnection(host='mirror.ghproxy.com', port=443): Failed to resolve 'mirror.ghproxy.com' ([Errno -2] Name or service not known)")) — https://mirror.ghproxy.com/https://raw.githubusercontent.com/Barabama/FreeNodes/master/nodes/nodefree.txt
2026-06-01 23:26:15,756 | INFO     |   → 80/901 ⚠️ Ошибка: HTTPSConnectionPool(host='mirror.ghproxy.com', port=443): Max retries exceeded with url: /https://raw.githubusercontent.com/Barabama/FreeNodes/master/nodes/openrunner.txt (Caused by NameResolutionError("HTTPSConnection(host='mirror.ghproxy.com', port=443): Failed to resolve 'mirror.ghproxy.com' ([Errno -2] Name or service not known)")) — https://mirror.ghproxy.com/https://raw.githubusercontent.com/Barabama/FreeNodes/master/nodes/openrunner.txt
2026-06-01 23:26:15,756 | INFO     |   → 81/901 ⚠️ Ошибка: HTTPSConnectionPool(host='mirror.ghproxy.com', port=443): Max retries exceeded with url: /https://raw.githubusercontent.com/Barabama/FreeNodes/master/nodes/v2rayshare.txt (Caused by NameResolutionError("HTTPSConnection(host='mirror.ghproxy.com', port=443): Failed to resolve 'mirror.ghproxy.com' ([Errno -2] Name or service not known)")) — https://mirror.ghproxy.com/https://raw.githubusercontent.com/Barabama/FreeNodes/master/nodes/v2rayshare.txt
2026-06-01 23:26:15,756 | INFO     |   → 82/901 ⚠️ Ошибка: HTTPSConnectionPool(host='mirror.ghproxy.com', port=443): Max retries exceeded with url: /https://raw.githubusercontent.com/Barabama/FreeNodes/master/nodes/wenode.txt (Caused by NameResolutionError("HTTPSConnection(host='mirror.ghproxy.com', port=443): Failed to resolve 'mirror.ghproxy.com' ([Errno -2] Name or service not known)")) — https://mirror.ghproxy.com/https://raw.githubusercontent.com/Barabama/FreeNodes/master/nodes/wenode.txt
2026-06-01 23:26:15,756 | INFO     |   → 83/901 ⚠️ Ошибка: HTTPSConnectionPool(host='mirror.ghproxy.com', port=443): Max retries exceeded with url: /https://raw.githubusercontent.com/Barabama/FreeNodes/master/nodes/yudou66.txt (Caused by NameResolutionError("HTTPSConnection(host='mirror.ghproxy.com', port=443): Failed to resolve 'mirror.ghproxy.com' ([Errno -2] Name or service not known)")) — https://mirror.ghproxy.com/https://raw.githubusercontent.com/Barabama/FreeNodes/master/nodes/yudou66.txt
2026-06-01 23:26:15,756 | INFO     |   → 84/901 ❌ HTTP 404 — https://node.freeclashnode.com/uploads/{YYYY}/{MM}/0-{YYYY}{MM}{DD}.txt
2026-06-01 23:26:15,756 | INFO     |   → 85/901 ❌ HTTP 404 — https://node.freeclashnode.com/uploads/{YYYY}/{MM}/1-{YYYY}{MM}{DD}.txt
2026-06-01 23:26:15,756 | INFO     |   → 86/901 ❌ HTTP 404 — https://node.freeclashnode.com/uploads/{YYYY}/{MM}/2-{YYYY}{MM}{DD}.txt
2026-06-01 23:26:15,756 | INFO     |   → 87/901 ❌ HTTP 404 — https://node.freeclashnode.com/uploads/{YYYY}/{MM}/3-{YYYY}{MM}{DD}.txt
2026-06-01 23:26:15,756 | INFO     |   → 88/901 ❌ HTTP 404 — https://node.freeclashnode.com/uploads/{YYYY}/{MM}/4-{YYYY}{MM}{DD}.txt
2026-06-01 23:26:15,756 | INFO     |   → 89/901: ✅ 6 взято | 🗑️ 24 мусор
2026-06-01 23:26:15,756 | INFO     |   → 90/901: ✅ 13 взято | 🗑️ 7 мусор
2026-06-01 23:26:15,756 | INFO     |   → 91/901 ⚠️ Ошибка: HTTPSConnectionPool(host='nodefree.githubrowcontent.com', port=443): Max retries exceeded with url: /%7BYYYY%7D/%7BMM%7D/%7BYYYY%7D%7BMM%7D%7BDD%7D.txt (Caused by NameResolutionError("HTTPSConnection(host='nodefree.githubrowcontent.com', port=443): Failed to resolve 'nodefree.githubrowcontent.com' ([Errno -2] Name or service not known)")) — https://nodefree.githubrowcontent.com/{YYYY}/{MM}/{YYYY}{MM}{DD}.txt
2026-06-01 23:26:15,756 | INFO     |   → 92/901 ⚠️ Ошибка: HTTPSConnectionPool(host='nodefree.githubrowcontent.com', port=443): Max retries exceeded with url: /2024/07/20240705.yaml (Caused by NameResolutionError("HTTPSConnection(host='nodefree.githubrowcontent.com', port=443): Failed to resolve 'nodefree.githubrowcontent.com' ([Errno -2] Name or service not known)")) — https://nodefree.org/dy/2023/08/20230806.yaml
2026-06-01 23:26:15,756 | INFO     |   → 93/901 ⚠️ Ошибка: HTTPSConnectionPool(host='nodefree.githubrowcontent.com', port=443): Max retries exceeded with url: /2024/07/20240705.txt (Caused by NameResolutionError("HTTPSConnection(host='nodefree.githubrowcontent.com', port=443): Failed to resolve 'nodefree.githubrowcontent.com' ([Errno -2] Name or service not known)")) — https://nodefree.org/dy/2023/12/20231221.txt
2026-06-01 23:26:15,756 | INFO     |   → 94/901: ✅ 0 взято | 🗑️ 24 мусор
2026-06-01 23:26:15,756 | INFO     |   → 95/901: ✅ 0 взято | 🗑️ 7 мусор
2026-06-01 23:26:15,756 | INFO     |   → 96/901: ✅ 0 взято | 🗑️ 0 мусор
2026-06-01 23:26:15,756 | INFO     |   → 97/901: ✅ 0 взято | 🗑️ 0 мусор
2026-06-01 23:26:15,756 | INFO     |   → 98/901: ✅ 0 взято | 🗑️ 0 мусор
2026-06-01 23:26:15,756 | INFO     |   → 99/901: ✅ 0 взято | 🗑️ 0 мусор
2026-06-01 23:26:15,756 | INFO     |   → 100/901: ✅ 0 взято | 🗑️ 0 мусор
2026-06-01 23:26:15,756 | INFO     |   → 101/901: ✅ 0 взято | 🗑️ 0 мусор
2026-06-01 23:26:15,756 | INFO     |   → 102/901: ✅ 0 взято | 🗑️ 0 мусор
2026-06-01 23:26:15,756 | INFO     |   → 103/901: ✅ 0 взято | 🗑️ 0 мусор
2026-06-01 23:26:15,756 | INFO     |   → 104/901: ✅ 0 взято | 🗑️ 0 мусор
2026-06-01 23:26:15,757 | INFO     |   → 105/901: ✅ 0 взято | 🗑️ 0 мусор
2026-06-01 23:26:15,757 | INFO     |   → 106/901: ✅ 0 взято | 🗑️ 0 мусор
2026-06-01 23:26:15,757 | INFO     |   → 107/901: ✅ 0 взято | 🗑️ 0 мусор
2026-06-01 23:26:15,757 | INFO     |   → 108/901 ❌ HTTP 404 — https://raw.githubusercontent.com/10ium/MihomoSaz/main/Sublist/shatakvpn.yaml4_Sub.txt
2026-06-01 23:26:15,757 | INFO     |   → 109/901: ✅ 0 взято | 🗑️ 0 мусор
2026-06-01 23:26:15,757 | INFO     |   → 110/901: ✅ 0 взято | 🗑️ 0 мусор
2026-06-01 23:26:15,757 | INFO     |   → 111/901: ✅ 1201 взято | 🗑️ 3162 мусор
2026-06-01 23:26:15,757 | INFO     |   → 112/901: ✅ 4 взято | 🗑️ 470 мусор
2026-06-01 23:26:15,757 | INFO     |   → 113/901: ✅ 851 взято | 🗑️ 2220 мусор
2026-06-01 23:26:15,757 | INFO     |   → 114/901: ✅ 167 взято | 🗑️ 672 мусор
2026-06-01 23:26:15,757 | INFO     |   → 115/901: ✅ 0 взято | 🗑️ 0 мусор
2026-06-01 23:26:15,757 | INFO     |   → 116/901: ✅ 0 взято | 🗑️ 0 мусор
2026-06-01 23:26:15,757 | INFO     |   → 117/901: ✅ 11 взято | 🗑️ 399 мусор
2026-06-01 23:26:15,757 | INFO     |   → 118/901: ✅ 670 взято | 🗑️ 964 мусор
2026-06-01 23:26:15,757 | INFO     |   → 119/901: ✅ 32 взято | 🗑️ 5 мусор
2026-06-01 23:26:15,757 | INFO     |   → 120/901: ✅ 0 взято | 🗑️ 0 мусор
2026-06-01 23:26:15,757 | INFO     |   → 121/901 ❌ HTTP 404 — https://raw.githubusercontent.com/9Fork/openit/main/Clash.yaml
2026-06-01 23:26:15,757 | INFO     |   → 122/901: ✅ 47 взято | 🗑️ 43 мусор
2026-06-01 23:26:15,757 | INFO     |   → 123/901: ✅ 0 взято | 🗑️ 43 мусор
2026-06-01 23:26:15,757 | INFO     |   → 124/901: ✅ 63 взято | 🗑️ 237 мусор
2026-06-01 23:26:15,757 | INFO     |   → 125/901: ✅ 49 взято | 🗑️ 251 мусор
2026-06-01 23:26:15,757 | INFO     |   → 126/901: ✅ 20 взято | 🗑️ 101 мусор
2026-06-01 23:26:15,757 | INFO     |   → 127/901: ✅ 21 взято | 🗑️ 54 мусор
2026-06-01 23:26:15,757 | INFO     |   → 128/901: ✅ 32 взято | 🗑️ 268 мусор
2026-06-01 23:26:15,757 | INFO     |   → 129/901: ✅ 99 взято | 🗑️ 201 мусор
2026-06-01 23:26:15,757 | INFO     |   → 130/901: ✅ 250 взято | 🗑️ 50 мусор
2026-06-01 23:26:15,757 | INFO     |   → 131/901: ✅ 9 взято | 🗑️ 356 мусор
2026-06-01 23:26:15,757 | INFO     |   → 132/901: ✅ 19 взято | 🗑️ 81 мусор
2026-06-01 23:26:15,757 | INFO     |   → 133/901: ✅ 11 взято | 🗑️ 87 мусор
2026-06-01 23:26:15,757 | INFO     |   → 134/901: ✅ 27 взято | 🗑️ 73 мусор
2026-06-01 23:26:15,757 | INFO     |   → 135/901: ✅ 13 взято | 🗑️ 75 мусор
2026-06-01 23:26:15,757 | INFO     |   → 136/901: ✅ 10 взято | 🗑️ 83 мусор
2026-06-01 23:26:15,758 | INFO     |   → 137/901: ✅ 12 взято | 🗑️ 86 мусор
2026-06-01 23:26:15,758 | INFO     |   → 138/901: ✅ 11 взято | 🗑️ 87 мусор
2026-06-01 23:26:15,758 | INFO     |   → 139/901: ✅ 11 взято | 🗑️ 80 мусор
2026-06-01 23:26:15,758 | INFO     |   → 140/901: ✅ 9 взято | 🗑️ 82 мусор
2026-06-01 23:26:15,758 | INFO     |   → 141/901: ✅ 69 взято | 🗑️ 3 мусор
2026-06-01 23:26:15,758 | INFO     |   → 142/901: ✅ 3 взято | 🗑️ 75 мусор
2026-06-01 23:26:15,758 | INFO     |   → 143/901: ✅ 4 взято | 🗑️ 69 мусор
2026-06-01 23:26:15,758 | INFO     |   → 144/901: ✅ 4 взято | 🗑️ 80 мусор
2026-06-01 23:26:15,758 | INFO     |   → 145/901: ✅ 6 взято | 🗑️ 81 мусор
2026-06-01 23:26:15,758 | INFO     |   → 146/901: ✅ 5 взято | 🗑️ 79 мусор
2026-06-01 23:26:15,758 | INFO     |   → 147/901: ✅ 11 взято | 🗑️ 78 мусор
2026-06-01 23:26:15,758 | INFO     |   → 148/901: ✅ 3 взято | 🗑️ 83 мусор
2026-06-01 23:26:15,758 | INFO     |   → 149/901: ✅ 14 взято | 🗑️ 76 мусор
2026-06-01 23:26:15,758 | INFO     |   → 150/901: ✅ 12 взято | 🗑️ 78 мусор
2026-06-01 23:26:15,758 | INFO     |   → 151/901: ✅ 26 взято | 🗑️ 218 мусор
2026-06-01 23:26:15,758 | INFO     |   → 152/901: ✅ 44 взято | 🗑️ 141 мусор
2026-06-01 23:26:15,758 | INFO     |   → 153/901: ✅ 10 взято | 🗑️ 71 мусор
2026-06-01 23:26:15,758 | INFO     |   → 154/901: ✅ 2 взято | 🗑️ 88 мусор
2026-06-01 23:26:15,758 | INFO     |   → 155/901: ✅ 0 взято | 🗑️ 3 мусор
2026-06-01 23:26:15,758 | INFO     |   → 156/901: ✅ 14 взято | 🗑️ 4 мусор
2026-06-01 23:26:15,758 | INFO     |   → 157/901: ✅ 689 взято | 🗑️ 2354 мусор
2026-06-01 23:26:15,758 | INFO     |   → 158/901 ❌ HTTP 404 — https://raw.githubusercontent.com/Alvin9999/pac2/master/clash/1/config.yaml
2026-06-01 23:26:15,758 | INFO     |   → 159/901 ❌ HTTP 404 — https://raw.githubusercontent.com/AmirHDevo/temp2/7f15e7ddb311a6f8c5ab338bd1af0e1f2136a84b/configs.txt
2026-06-01 23:26:15,758 | INFO     |   → 160/901: ✅ 238 взято | 🗑️ 2019 мусор
2026-06-01 23:26:15,758 | INFO     |   → 161/901: ✅ 18 взято | 🗑️ 34 мусор
2026-06-01 23:26:15,758 | INFO     |   → 162/901: ✅ 4061 взято | 🗑️ 58764 мусор
2026-06-01 23:26:15,758 | INFO     |   → 163/901: ✅ 5 взято | 🗑️ 47 мусор
2026-06-01 23:26:15,758 | INFO     |   → 164/901: ✅ 0 взято | 🗑️ 36 мусор
2026-06-01 23:26:15,758 | INFO     |   → 165/901: ✅ 21 взято | 🗑️ 107 мусор
2026-06-01 23:26:15,758 | INFO     |   → 166/901: ✅ 78 взято | 🗑️ 347 мусор
2026-06-01 23:26:15,758 | INFO     |   → 167/901: ✅ 0 взято | 🗑️ 1373 мусор
2026-06-01 23:26:15,758 | INFO     |   → 168/901: ✅ 44 взято | 🗑️ 637 мусор
2026-06-01 23:26:15,759 | INFO     |   → 169/901: ✅ 339 взято | 🗑️ 1542 мусор
2026-06-01 23:26:15,759 | INFO     |   → 170/901: ✅ 0 взято | 🗑️ 6 мусор
2026-06-01 23:26:15,759 | INFO     |   → 171/901: ✅ 0 взято | 🗑️ 0 мусор
2026-06-01 23:26:15,759 | INFO     |   → 172/901: ✅ 1 взято | 🗑️ 235 мусор
2026-06-01 23:26:15,759 | INFO     |   → 173/901: ✅ 49 взято | 🗑️ 86 мусор
2026-06-01 23:26:15,759 | INFO     |   → 174/901: ✅ 0 взято | 🗑️ 16 мусор
2026-06-01 23:26:15,759 | INFO     |   → 175/901: ✅ 6 взято | 🗑️ 17 мусор
2026-06-01 23:26:15,759 | INFO     |   → 176/901: ✅ 1 взято | 🗑️ 12 мусор
2026-06-01 23:26:15,759 | INFO     |   → 177/901: ✅ 0 взято | 🗑️ 17 мусор
2026-06-01 23:26:15,759 | INFO     |   → 178/901: ✅ 0 взято | 🗑️ 17 мусор
2026-06-01 23:26:15,759 | INFO     |   → 179/901: ✅ 23 взято | 🗑️ 516 мусор
2026-06-01 23:26:15,759 | INFO     |   → 180/901: ✅ 1 взято | 🗑️ 324 мусор
2026-06-01 23:26:15,759 | INFO     |   → 181/901: ✅ 1 взято | 🗑️ 192 мусор
2026-06-01 23:26:15,759 | INFO     |   → 182/901: ✅ 5 взято | 🗑️ 158 мусор
2026-06-01 23:26:15,759 | INFO     |   → 183/901: ✅ 0 взято | 🗑️ 16 мусор
2026-06-01 23:26:15,759 | INFO     |   → 184/901: ✅ 0 взято | 🗑️ 0 мусор
2026-06-01 23:26:15,759 | INFO     |   → 185/901: ✅ 0 взято | 🗑️ 14 мусор
2026-06-01 23:26:15,759 | INFO     |   → 186/901: ✅ 0 взято | 🗑️ 0 мусор
2026-06-01 23:26:15,759 | INFO     |   → 187/901: ✅ 0 взято | 🗑️ 17 мусор
2026-06-01 23:26:15,759 | INFO     |   → 188/901: ✅ 0 взято | 🗑️ 0 мусор
2026-06-01 23:26:15,759 | INFO     |   → 189/901: ✅ 0 взято | 🗑️ 12 мусор
2026-06-01 23:26:15,759 | INFO     |   → 190/901: ✅ 0 взято | 🗑️ 0 мусор
2026-06-01 23:26:15,759 | INFO     |   → 191/901: ✅ 0 взято | 🗑️ 17 мусор
2026-06-01 23:26:15,759 | INFO     |   → 192/901: ✅ 0 взято | 🗑️ 0 мусор
2026-06-01 23:26:15,759 | INFO     |   → 193/901: ✅ 0 взято | 🗑️ 17 мусор
2026-06-01 23:26:15,759 | INFO     |   → 194/901: ✅ 0 взято | 🗑️ 0 мусор
2026-06-01 23:26:15,759 | INFO     |   → 195/901: ✅ 2 взято | 🗑️ 161 мусор
2026-06-01 23:26:15,759 | INFO     |   → 196/901: ✅ 0 взято | 🗑️ 0 мусор
2026-06-01 23:26:15,759 | INFO     |   → 197/901: ✅ 26 взято | 🗑️ 331 мусор
2026-06-01 23:26:15,759 | INFO     |   → 198/901: ✅ 79 взято | 🗑️ 4 мусор
2026-06-01 23:26:15,759 | INFO     |   → 199/901: ✅ 5 взято | 🗑️ 76 мусор
2026-06-01 23:26:15,759 | INFO     |   → 200/901: ✅ 80 взято | 🗑️ 1110 мусор
2026-06-01 23:26:15,760 | INFO     |   → 201/901: ✅ 18 взято | 🗑️ 1444 мусор
2026-06-01 23:26:15,760 | INFO     |   → 202/901 ❌ HTTP 404 — https://raw.githubusercontent.com/Egkaz/Proxy-list-20k-server/main/stable.txt
2026-06-01 23:26:15,760 | INFO     |   → 203/901: ✅ 5 взято | 🗑️ 13 мусор
2026-06-01 23:26:15,760 | INFO     |   → 204/901 ❌ HTTP 404 — https://raw.githubusercontent.com/Epodonios/bulk-xray-v2ray-vless-vmess-...-configs/main/sub/Austria/config.txt
2026-06-01 23:26:15,760 | INFO     |   → 205/901 ❌ HTTP 404 — https://raw.githubusercontent.com/Epodonios/bulk-xray-v2ray-vless-vmess-...-configs/main/sub/Canada/config.txt
2026-06-01 23:26:15,760 | INFO     |   → 206/901 ❌ HTTP 404 — https://raw.githubusercontent.com/Epodonios/bulk-xray-v2ray-vless-vmess-...-configs/main/sub/Costa%20Rica/config.txt
2026-06-01 23:26:15,760 | INFO     |   → 207/901 ❌ HTTP 404 — https://raw.githubusercontent.com/Epodonios/bulk-xray-v2ray-vless-vmess-...-configs/main/sub/France/config.txt
2026-06-01 23:26:15,760 | INFO     |   → 208/901 ❌ HTTP 404 — https://raw.githubusercontent.com/Epodonios/bulk-xray-v2ray-vless-vmess-...-configs/main/sub/Germany/config.txt
2026-06-01 23:26:15,760 | INFO     |   → 209/901 ❌ HTTP 404 — https://raw.githubusercontent.com/Epodonios/bulk-xray-v2ray-vless-vmess-...-configs/main/sub/Indonesia/config.txt
2026-06-01 23:26:15,760 | INFO     |   → 210/901 ❌ HTTP 404 — https://raw.githubusercontent.com/Epodonios/bulk-xray-v2ray-vless-vmess-...-configs/main/sub/Ireland/config.txt
2026-06-01 23:26:15,760 | INFO     |   → 211/901 ❌ HTTP 404 — https://raw.githubusercontent.com/Epodonios/bulk-xray-v2ray-vless-vmess-...-configs/main/sub/Republic%20of%20Lithuania/config.txt
2026-06-01 23:26:15,760 | INFO     |   → 212/901 ❌ HTTP 404 — https://raw.githubusercontent.com/Epodonios/bulk-xray-v2ray-vless-vmess-...-configs/main/sub/South%20Africa/config.txt
2026-06-01 23:26:15,760 | INFO     |   → 213/901 ❌ HTTP 404 — https://raw.githubusercontent.com/Epodonios/bulk-xray-v2ray-vless-vmess-...-configs/main/sub/Sweden/config.txt
2026-06-01 23:26:15,760 | INFO     |   → 214/901 ❌ HTTP 404 — https://raw.githubusercontent.com/Epodonios/bulk-xray-v2ray-vless-vmess-...-configs/main/sub/Turkey/config.txt
2026-06-01 23:26:15,760 | INFO     |   → 215/901 ❌ HTTP 404 — https://raw.githubusercontent.com/Epodonios/bulk-xray-v2ray-vless-vmess-...-configs/main/sub/United%20Arab%20Emirates/config.txt
2026-06-01 23:26:15,760 | INFO     |   → 216/901 ❌ HTTP 404 — https://raw.githubusercontent.com/Epodonios/bulk-xray-v2ray-vless-vmess-...-configs/main/sub/United%20Kingdom/config.txt
2026-06-01 23:26:15,760 | INFO     |   → 217/901 ❌ HTTP 404 — https://raw.githubusercontent.com/Epodonios/bulk-xray-v2ray-vless-vmess-...-configs/main/sub/United%20States/config.txt
2026-06-01 23:26:15,760 | INFO     |   → 218/901 ❌ HTTP 404 — https://raw.githubusercontent.com/Epodonios/v2ray-configs/main/Splitted-By-Protocol/mix.txt
2026-06-01 23:26:15,760 | INFO     |   → 219/901: ✅ 96 взято | 🗑️ 374 мусор
2026-06-01 23:26:15,760 | INFO     |   → 220/901: ✅ 0 взято | 🗑️ 0 мусор
2026-06-01 23:26:15,760 | INFO     |   → 221/901: ✅ 88 взято | 🗑️ 368 мусор
2026-06-01 23:26:15,760 | INFO     |   → 222/901: ✅ 317 взято | 🗑️ 2343 мусор
2026-06-01 23:26:15,760 | INFO     |   → 223/901: ✅ 49 взято | 🗑️ 525 мусор
2026-06-01 23:26:15,760 | INFO     |   → 224/901 ❌ HTTP 404 — https://raw.githubusercontent.com/Epodonios/v2ray-configs/raw/main/Splitted-By-Protocol/trojan.txt
2026-06-01 23:26:15,760 | INFO     |   → 225/901 ❌ HTTP 404 — https://raw.githubusercontent.com/Epodonios/v2ray-configs/raw/main/Splitted-By-Protocol/vmess.txt
2026-06-01 23:26:15,760 | INFO     |   → 226/901: ✅ 231 взято | 🗑️ 3349 мусор
2026-06-01 23:26:15,760 | INFO     |   → 227/901: ✅ 0 взято | 🗑️ 374 мусор
2026-06-01 23:26:15,760 | INFO     |   → 228/901: ✅ 0 взято | 🗑️ 0 мусор
2026-06-01 23:26:15,760 | INFO     |   → 229/901: ✅ 0 взято | 🗑️ 368 мусор
2026-06-01 23:26:15,760 | INFO     |   → 230/901: ✅ 0 взято | 🗑️ 2343 мусор
2026-06-01 23:26:15,760 | INFO     |   → 231/901: ✅ 0 взято | 🗑️ 525 мусор
2026-06-01 23:26:15,760 | INFO     |   → 232/901: ✅ 549 взято | 🗑️ 478 мусор
2026-06-01 23:26:15,761 | INFO     |   → 233/901: ✅ 0 взято | 🗑️ 98 мусор
2026-06-01 23:26:15,761 | INFO     |   → 234/901: ✅ 0 взято | 🗑️ 153 мусор
2026-06-01 23:26:15,761 | INFO     |   → 235/901: ✅ 284 взято | 🗑️ 159 мусор
2026-06-01 23:26:15,761 | INFO     |   → 236/901: ✅ 109 взято | 🗑️ 7 мусор
2026-06-01 23:26:15,761 | INFO     |   → 237/901: ✅ 8 взято | 🗑️ 369 мусор
2026-06-01 23:26:15,761 | INFO     |   → 238/901 ❌ HTTP 404 — https://raw.githubusercontent.com/Fido6/FreeNodes/57221e59caddde55ffdda21d491ae952cd608049/nodes/halekj.txt
2026-06-01 23:26:15,761 | INFO     |   → 239/901 ❌ HTTP 404 — https://raw.githubusercontent.com/Fido6/FreeNodes/57221e59caddde55ffdda21d491ae952cd608049/nodes/kkzui.txt
2026-06-01 23:26:15,761 | INFO     |   → 240/901 ❌ HTTP 404 — https://raw.githubusercontent.com/Fido6/FreeNodes/57221e59caddde55ffdda21d491ae952cd608049/nodes/wenode.txt
2026-06-01 23:26:15,761 | INFO     |   → 241/901: ✅ 33 взято | 🗑️ 375 мусор
2026-06-01 23:26:15,761 | INFO     |   → 242/901: ✅ 2 взято | 🗑️ 27 мусор
2026-06-01 23:26:15,761 | INFO     |   → 243/901: ✅ 143 взято | 🗑️ 1295 мусор
2026-06-01 23:26:15,761 | INFO     |   → 244/901: ✅ 132 взято | 🗑️ 742 мусор
2026-06-01 23:26:15,761 | INFO     |   → 245/901: ✅ 240 взято | 🗑️ 3590 мусор
2026-06-01 23:26:15,761 | INFO     |   → 246/901: ✅ 4 взято | 🗑️ 890 мусор
2026-06-01 23:26:15,761 | INFO     |   → 247/901: ✅ 0 взято | 🗑️ 0 мусор
2026-06-01 23:26:15,761 | INFO     |   → 248/901: ✅ 0 взято | 🗑️ 17 мусор
2026-06-01 23:26:15,761 | INFO     |   → 249/901: ✅ 14 взято | 🗑️ 250 мусор
2026-06-01 23:26:15,761 | INFO     |   → 250/901: ✅ 1 взято | 🗑️ 11 мусор
2026-06-01 23:26:15,761 | INFO     |   → 251/901: ✅ 15 взято | 🗑️ 0 мусор
2026-06-01 23:26:15,761 | INFO     |   → 252/901: ✅ 0 взято | 🗑️ 609 мусор
2026-06-01 23:26:15,761 | INFO     |   → 253/901: ✅ 18 взято | 🗑️ 63 мусор
2026-06-01 23:26:15,761 | INFO     |   → 254/901: ✅ 1 взято | 🗑️ 17 мусор
2026-06-01 23:26:15,761 | INFO     |   → 255/901: ✅ 4 взято | 🗑️ 11 мусор
2026-06-01 23:26:15,761 | INFO     |   → 256/901: ✅ 0 взято | 🗑️ 0 мусор
2026-06-01 23:26:15,761 | INFO     |   → 257/901: ✅ 0 взято | 🗑️ 137 мусор
2026-06-01 23:26:15,761 | INFO     |   → 258/901: ✅ 0 взято | 🗑️ 32 мусор
2026-06-01 23:26:15,761 | INFO     |   → 259/901: ✅ 2 взято | 🗑️ 19 мусор
2026-06-01 23:26:15,761 | INFO     |   → 260/901: ✅ 0 взято | 🗑️ 43 мусор
2026-06-01 23:26:15,761 | INFO     |   → 261/901: ✅ 0 взято | 🗑️ 43 мусор
2026-06-01 23:26:15,761 | INFO     |   → 262/901: ✅ 0 взято | 🗑️ 1 мусор
2026-06-01 23:26:15,761 | INFO     |   → 263/901: ✅ 0 взято | 🗑️ 1 мусор
2026-06-01 23:26:15,762 | INFO     |   → 264/901: ✅ 0 взято | 🗑️ 28 мусор
2026-06-01 23:26:15,762 | INFO     |   → 265/901: ✅ 14 взято | 🗑️ 282 мусор
2026-06-01 23:26:15,762 | INFO     |   → 266/901: ✅ 0 взято | 🗑️ 94 мусор
2026-06-01 23:26:15,762 | INFO     |   → 267/901: ✅ 0 взято | 🗑️ 0 мусор
2026-06-01 23:26:15,762 | INFO     |   → 268/901: ✅ 0 взято | 🗑️ 0 мусор
2026-06-01 23:26:15,762 | INFO     |   → 269/901: ✅ 351 взято | 🗑️ 110 мусор
2026-06-01 23:26:15,762 | INFO     |   → 270/901: ✅ 170 взято | 🗑️ 313 мусор
2026-06-01 23:26:15,762 | INFO     |   → 271/901: ✅ 77 взято | 🗑️ 334 мусор
2026-06-01 23:26:15,762 | INFO     |   → 272/901: ✅ 5939 взято | 🗑️ 46237 мусор
2026-06-01 23:26:15,762 | INFO     |   → 273/901: ✅ 0 взято | 🗑️ 35 мусор
2026-06-01 23:26:15,762 | INFO     |   → 274/901: ✅ 0 взято | 🗑️ 9698 мусор
2026-06-01 23:26:15,762 | INFO     |   → 275/901: ✅ 0 взято | 🗑️ 31035 мусор
2026-06-01 23:26:15,762 | INFO     |   → 276/901: ✅ 0 взято | 🗑️ 5 мусор
2026-06-01 23:26:15,762 | INFO     |   → 277/901: ✅ 0 взято | 🗑️ 4 мусор
2026-06-01 23:26:15,762 | INFO     |   → 278/901: ✅ 0 взято | 🗑️ 51 мусор
2026-06-01 23:26:15,762 | INFO     |   → 279/901: ✅ 0 взято | 🗑️ 8 мусор
2026-06-01 23:26:15,762 | INFO     |   → 280/901 ❌ HTTP 404 — https://raw.githubusercontent.com/Kwinshadow/TelegramV2rayCollector/raw/refs/heads/main/sublinks/mix.txt
2026-06-01 23:26:15,762 | INFO     |   → 281/901: ✅ 5 взято | 🗑️ 678 мусор
2026-06-01 23:26:15,762 | INFO     |   → 282/901 ❌ HTTP 404 — https://raw.githubusercontent.com/LalatinaHub/Mineral/raw/refs/heads/master/result/nodes
2026-06-01 23:26:15,762 | INFO     |   → 283/901: ✅ 4 взято | 🗑️ 122 мусор
2026-06-01 23:26:15,762 | INFO     |   → 284/901 ❌ HTTP 404 — https://raw.githubusercontent.com/Leon406/SubCrawler/main/sub/share/all3
2026-06-01 23:26:15,762 | INFO     |   → 285/901 ❌ HTTP 404 — https://raw.githubusercontent.com/Leon406/SubCrawler/main/sub/share/all4
2026-06-01 23:26:15,762 | INFO     |   → 286/901: ✅ 4 взято | 🗑️ 335 мусор
2026-06-01 23:26:15,762 | INFO     |   → 287/901: ✅ 378 взято | 🗑️ 19346 мусор
2026-06-01 23:26:15,762 | INFO     |   → 288/901: ✅ 0 взято | 🗑️ 33 мусор
2026-06-01 23:26:15,762 | INFO     |   → 289/901: ✅ 0 взято | 🗑️ 6 мусор
2026-06-01 23:26:15,762 | INFO     |   → 290/901: ✅ 173 взято | 🗑️ 24 мусор
2026-06-01 23:26:15,762 | INFO     |   → 291/901: ✅ 0 взято | 🗑️ 147 мусор
2026-06-01 23:26:15,762 | INFO     |   → 292/901 ❌ HTTP 404 — https://raw.githubusercontent.com/M-Mashreghi/free-config-collector/main/Splitted-By-Protocol/ssr.txt
2026-06-01 23:26:15,762 | INFO     |   → 293/901: ✅ 139 взято | 🗑️ 114 мусор
2026-06-01 23:26:15,762 | INFO     |   → 294/901: ✅ 126 взято | 🗑️ 137 мусор
2026-06-01 23:26:15,762 | INFO     |   → 295/901: ✅ 0 взято | 🗑️ 12 мусор
2026-06-01 23:26:15,763 | INFO     |   → 296/901: ✅ 0 взято | 🗑️ 1 мусор
2026-06-01 23:26:15,763 | INFO     |   → 297/901: ✅ 74 взято | 🗑️ 340 мусор
2026-06-01 23:26:15,763 | INFO     |   → 298/901: ✅ 0 взято | 🗑️ 340 мусор
2026-06-01 23:26:15,763 | INFO     |   → 299/901: ✅ 0 взято | 🗑️ 65 мусор
2026-06-01 23:26:15,763 | INFO     |   → 300/901 ❌ HTTP 404 — https://raw.githubusercontent.com/MatinGhanbari/v2ray-configs/main/subscriptions/filtered/subs/hy2.txt
2026-06-01 23:26:15,763 | INFO     |   → 301/901: ✅ 25 взято | 🗑️ 1495 мусор
2026-06-01 23:26:15,763 | INFO     |   → 302/901 ❌ HTTP 404 — https://raw.githubusercontent.com/MatinGhanbari/v2ray-configs/main/subscriptions/filtered/subs/ssr.txt
2026-06-01 23:26:15,763 | INFO     |   → 303/901: ✅ 65 взято | 🗑️ 524 мусор
2026-06-01 23:26:15,763 | INFO     |   → 304/901 ❌ HTTP 404 — https://raw.githubusercontent.com/MatinGhanbari/v2ray-configs/main/subscriptions/filtered/subs/tuic.txt
2026-06-01 23:26:15,763 | INFO     |   → 305/901: ✅ 6 взято | 🗑️ 67 мусор
2026-06-01 23:26:15,763 | INFO     |   → 306/901: ✅ 243 взято | 🗑️ 1493 мусор
2026-06-01 23:26:15,763 | INFO     |   → 307/901: ✅ 372 взято | 🗑️ 3545 мусор
2026-06-01 23:26:15,763 | INFO     |   → 308/901: ✅ 24 взято | 🗑️ 170 мусор
2026-06-01 23:26:15,763 | INFO     |   → 309/901: ✅ 0 взято | 🗑️ 2 мусор
2026-06-01 23:26:15,763 | INFO     |   → 310/901: ✅ 44 взято | 🗑️ 995 мусор
2026-06-01 23:26:15,763 | INFO     |   → 311/901: ✅ 0 взято | 🗑️ 506 мусор
2026-06-01 23:26:15,763 | INFO     |   → 312/901: ✅ 0 взято | 🗑️ 506 мусор
2026-06-01 23:26:15,763 | INFO     |   → 313/901: ✅ 0 взято | 🗑️ 32 мусор
2026-06-01 23:26:15,763 | INFO     |   → 314/901: ✅ 0 взято | 🗑️ 2 мусор
2026-06-01 23:26:15,763 | INFO     |   → 315/901: ✅ 0 взято | 🗑️ 384 мусор
2026-06-01 23:26:15,763 | INFO     |   → 316/901: ✅ 0 взято | 🗑️ 79 мусор
2026-06-01 23:26:15,763 | INFO     |   → 317/901 ❌ HTTP 404 — https://raw.githubusercontent.com/MhdiTaheri/V2rayCollector/raw/refs/heads/main/sub/mix
2026-06-01 23:26:15,763 | INFO     |   → 318/901: ✅ 53 взято | 🗑️ 267 мусор
2026-06-01 23:26:15,763 | INFO     |   → 319/901 ❌ HTTP 404 — https://raw.githubusercontent.com/MhdiTaheri/V2rayCollector_Py/raw/refs/heads/main/sub/Mix/mix.txt
2026-06-01 23:26:15,763 | INFO     |   → 320/901: ✅ 0 взято | 🗑️ 0 мусор
2026-06-01 23:26:15,763 | INFO     |   → 321/901: ✅ 43 взято | 🗑️ 217 мусор
2026-06-01 23:26:15,763 | INFO     |   → 322/901: ✅ 0 взято | 🗑️ 31 мусор
2026-06-01 23:26:15,763 | INFO     |   → 323/901: ✅ 92 взято | 🗑️ 282 мусор
2026-06-01 23:26:15,763 | INFO     |   → 324/901: ✅ 0 взято | 🗑️ 26 мусор
2026-06-01 23:26:15,763 | INFO     |   → 325/901: ✅ 1 взято | 🗑️ 5 мусор
2026-06-01 23:26:15,763 | INFO     |   → 326/901 ❌ HTTP 404 — https://raw.githubusercontent.com/MrMohebi/xray-proxy-grabber-telegram/master/collected-proxies/clash-meta/all.yaml
2026-06-01 23:26:15,764 | INFO     |   → 327/901 ❌ HTTP 404 — https://raw.githubusercontent.com/MrMohebi/xray-proxy-grabber-telegram/master/collected-proxies/row-url/actives.txt
2026-06-01 23:26:15,764 | INFO     |   → 328/901 ❌ HTTP 404 — https://raw.githubusercontent.com/MrMohebi/xray-proxy-grabber-telegram/master/collected-proxies/row-url/all.txt
2026-06-01 23:26:15,764 | INFO     |   → 329/901: ✅ 0 взято | 🗑️ 13 мусор
2026-06-01 23:26:15,764 | INFO     |   → 330/901: ✅ 0 взято | 🗑️ 13 мусор
2026-06-01 23:26:15,764 | INFO     |   → 331/901: ✅ 5 взято | 🗑️ 15 мусор
2026-06-01 23:26:15,764 | INFO     |   → 332/901: ✅ 0 взято | 🗑️ 30 мусор
2026-06-01 23:26:15,764 | INFO     |   → 333/901: ✅ 0 взято | 🗑️ 15 мусор
2026-06-01 23:26:15,764 | INFO     |   → 334/901: ✅ 66 взято | 🗑️ 123 мусор
2026-06-01 23:26:15,764 | INFO     |   → 335/901: ✅ 175 взято | 🗑️ 582 мусор
2026-06-01 23:26:15,764 | INFO     |   → 336/901: ✅ 2 взято | 🗑️ 13 мусор
2026-06-01 23:26:15,764 | INFO     |   → 337/901: ✅ 0 взято | 🗑️ 0 мусор
2026-06-01 23:26:15,764 | INFO     |   → 338/901 ❌ HTTP 404 — https://raw.githubusercontent.com/OpenCNLink/freevpn/3cfcff048bfdd1493ccffa52ecf30ce7f9fc6b28/src/list/vmess.txt
2026-06-01 23:26:15,764 | INFO     |   → 339/901: ✅ 1 взято | 🗑️ 9 мусор
2026-06-01 23:26:15,764 | INFO     |   → 340/901: ✅ 0 взято | 🗑️ 9 мусор
2026-06-01 23:26:15,764 | INFO     |   → 341/901: ✅ 0 взято | 🗑️ 0 мусор
2026-06-01 23:26:15,764 | INFO     |   → 342/901: ✅ 0 взято | 🗑️ 0 мусор
2026-06-01 23:26:15,764 | INFO     |   → 343/901: ✅ 0 взято | 🗑️ 0 мусор
2026-06-01 23:26:15,764 | INFO     |   → 344/901: ✅ 0 взято | 🗑️ 0 мусор
2026-06-01 23:26:15,764 | INFO     |   → 345/901: ✅ 0 взято | 🗑️ 0 мусор
2026-06-01 23:26:15,764 | INFO     |   → 346/901: ✅ 0 взято | 🗑️ 0 мусор
2026-06-01 23:26:15,764 | INFO     |   → 347/901: ✅ 37 взято | 🗑️ 70 мусор
2026-06-01 23:26:15,764 | INFO     |   → 348/901 ❌ HTTP 404 — https://raw.githubusercontent.com/RKPchannel/RKP_bypass_configs/main/configs
2026-06-01 23:26:15,764 | INFO     |   → 349/901: ✅ 0 взято | 🗑️ 35 мусор
2026-06-01 23:26:15,764 | INFO     |   → 350/901: ✅ 0 взято | 🗑️ 0 мусор
2026-06-01 23:26:15,764 | INFO     |   → 351/901: ✅ 0 взято | 🗑️ 50 мусор
2026-06-01 23:26:15,764 | INFO     |   → 352/901: ✅ 0 взято | 🗑️ 0 мусор
2026-06-01 23:26:15,764 | INFO     |   → 353/901: ✅ 0 взято | 🗑️ 0 мусор
2026-06-01 23:26:15,764 | INFO     |   → 354/901: ✅ 5 взято | 🗑️ 206 мусор
2026-06-01 23:26:15,764 | INFO     |   → 355/901: ✅ 21 взято | 🗑️ 138 мусор
2026-06-01 23:26:15,764 | INFO     |   → 356/901: ✅ 23 взято | 🗑️ 89 мусор
2026-06-01 23:26:15,764 | INFO     |   → 357/901: ✅ 9 взято | 🗑️ 85 мусор
2026-06-01 23:26:15,764 | INFO     |   → 358/901: ✅ 0 взято | 🗑️ 129 мусор
2026-06-01 23:26:15,764 | INFO     |   → 359/901: ✅ 0 взято | 🗑️ 81 мусор
2026-06-01 23:26:15,765 | INFO     |   → 360/901 ❌ HTTP 404 — https://raw.githubusercontent.com/STR97/STRUGOV/main/BYPASS
2026-06-01 23:26:15,765 | INFO     |   → 361/901 ❌ HTTP 404 — https://raw.githubusercontent.com/STR97/STRUGOV/main/CUSTOM
2026-06-01 23:26:15,765 | INFO     |   → 362/901 ❌ HTTP 404 — https://raw.githubusercontent.com/STR97/STRUGOV/main/STR
2026-06-01 23:26:15,765 | INFO     |   → 363/901 ❌ HTTP 404 — https://raw.githubusercontent.com/STR97/STRUGOV/main/STR.BYPASS
2026-06-01 23:26:15,765 | INFO     |   → 364/901 ❌ HTTP 404 — https://raw.githubusercontent.com/STR97/STRUGOV/main/Vless
2026-06-01 23:26:15,765 | INFO     |   → 365/901 ❌ HTTP 404 — https://raw.githubusercontent.com/STR97/STRUGOV/refs/heads/main/STR.BYPASS
2026-06-01 23:26:15,765 | INFO     |   → 366/901: ✅ 4 взято | 🗑️ 34 мусор
2026-06-01 23:26:15,765 | INFO     |   → 367/901: ✅ 11 взято | 🗑️ 16 мусор
2026-06-01 23:26:15,765 | INFO     |   → 368/901: ✅ 0 взято | 🗑️ 16 мусор
2026-06-01 23:26:15,765 | INFO     |   → 369/901: ✅ 0 взято | 🗑️ 27 мусор
2026-06-01 23:26:15,765 | INFO     |   → 370/901: ✅ 140 взято | 🗑️ 1153 мусор
2026-06-01 23:26:15,765 | INFO     |   → 371/901: ✅ 112 взято | 🗑️ 1687 мусор
2026-06-01 23:26:15,765 | INFO     |   → 372/901: ✅ 18 взято | 🗑️ 1081 мусор
2026-06-01 23:26:15,765 | INFO     |   → 373/901: ✅ 185 взято | 🗑️ 3229 мусор
2026-06-01 23:26:15,765 | INFO     |   → 374/901: ✅ 221 взято | 🗑️ 512 мусор
2026-06-01 23:26:15,765 | INFO     |   → 375/901: ✅ 63 взято | 🗑️ 5013 мусор
2026-06-01 23:26:15,765 | INFO     |   → 376/901: ✅ 76 взято | 🗑️ 362 мусор
2026-06-01 23:26:15,765 | INFO     |   → 377/901: ✅ 29 взято | 🗑️ 54 мусор
2026-06-01 23:26:15,765 | INFO     |   → 378/901: ✅ 0 взято | 🗑️ 0 мусор
2026-06-01 23:26:15,765 | INFO     |   → 379/901: ✅ 0 взято | 🗑️ 0 мусор
2026-06-01 23:26:15,765 | INFO     |   → 380/901: ✅ 0 взято | 🗑️ 2157 мусор
2026-06-01 23:26:15,765 | INFO     |   → 381/901: ✅ 0 взято | 🗑️ 1 мусор
2026-06-01 23:26:15,765 | INFO     |   → 382/901: ✅ 0 взято | 🗑️ 0 мусор
2026-06-01 23:26:15,765 | INFO     |   → 383/901: ✅ 0 взято | 🗑️ 20 мусор
2026-06-01 23:26:15,765 | INFO     |   → 384/901: ✅ 0 взято | 🗑️ 161 мусор
2026-06-01 23:26:15,765 | INFO     |   → 385/901: ✅ 0 взято | 🗑️ 1722 мусор
2026-06-01 23:26:15,765 | INFO     |   → 386/901: ✅ 0 взято | 🗑️ 72 мусор
2026-06-01 23:26:15,765 | INFO     |   → 387/901: ✅ 0 взято | 🗑️ 1 мусор
2026-06-01 23:26:15,765 | INFO     |   → 388/901: ✅ 0 взято | 🗑️ 20 мусор
2026-06-01 23:26:15,765 | INFO     |   → 389/901 ❌ HTTP 404 — https://raw.githubusercontent.com/Syavar/V2ray-Configs/main/OK_TLS_activision.com.txt
2026-06-01 23:26:15,765 | INFO     |   → 390/901: ✅ 3 взято | 🗑️ 1 мусор
2026-06-01 23:26:15,765 | INFO     |   → 391/901: ✅ 3 взято | 🗑️ 1 мусор
2026-06-01 23:26:15,766 | INFO     |   → 392/901: ✅ 3 взято | 🗑️ 1 мусор
2026-06-01 23:26:15,766 | INFO     |   → 393/901: ✅ 3 взято | 🗑️ 1 мусор
2026-06-01 23:26:15,766 | INFO     |   → 394/901 ❌ HTTP 404 — https://raw.githubusercontent.com/Syavar/V2ray-Configs/main/OK_TLS_viber.com.txt
2026-06-01 23:26:15,766 | INFO     |   → 395/901: ✅ 3 взято | 🗑️ 1 мусор
2026-06-01 23:26:15,766 | INFO     |   → 396/901: ✅ 3 взято | 🗑️ 1 мусор
2026-06-01 23:26:15,766 | INFO     |   → 397/901 ❌ HTTP 404 — https://raw.githubusercontent.com/Syavar/V2ray-Configs/main/OK_activision.com.txt
2026-06-01 23:26:15,766 | INFO     |   → 398/901 ❌ HTTP 404 — https://raw.githubusercontent.com/Syavar/V2ray-Configs/main/OK_css.rbxcdn.com.txt
2026-06-01 23:26:15,766 | INFO     |   → 399/901 ❌ HTTP 404 — https://raw.githubusercontent.com/Syavar/V2ray-Configs/main/OK_google.com.txt
2026-06-01 23:26:15,766 | INFO     |   → 400/901 ❌ HTTP 404 — https://raw.githubusercontent.com/Syavar/V2ray-Configs/main/OK_speedtest.tinkoff.ru.txt
2026-06-01 23:26:15,766 | INFO     |   → 401/901 ❌ HTTP 404 — https://raw.githubusercontent.com/Syavar/V2ray-Configs/main/OK_telegram.org.txt
2026-06-01 23:26:15,766 | INFO     |   → 402/901 ❌ HTTP 404 — https://raw.githubusercontent.com/Syavar/V2ray-Configs/main/OK_viber.com.txt
2026-06-01 23:26:15,766 | INFO     |   → 403/901 ❌ HTTP 404 — https://raw.githubusercontent.com/Syavar/V2ray-Configs/main/OK_vk.com.txt
2026-06-01 23:26:15,766 | INFO     |   → 404/901 ❌ HTTP 404 — https://raw.githubusercontent.com/Syavar/V2ray-Configs/main/OK_whatsapp.com.txt
2026-06-01 23:26:15,766 | INFO     |   → 405/901: ✅ 327 взято | 🗑️ 712 мусор
2026-06-01 23:26:15,766 | INFO     |   → 406/901: ✅ 4 взято | 🗑️ 291 мусор
2026-06-01 23:26:15,766 | INFO     |   → 407/901: ✅ 0 взято | 🗑️ 119 мусор
2026-06-01 23:26:15,766 | INFO     |   → 408/901: ✅ 0 взято | 🗑️ 0 мусор
2026-06-01 23:26:15,766 | INFO     |   → 409/901 ❌ HTTP 404 — https://raw.githubusercontent.com/V2RAYCONFIGSPOOL/V2RAY_SUB/main/V2RAY_SUB.txt
2026-06-01 23:26:15,766 | INFO     |   → 410/901: ✅ 13 взято | 🗑️ 7 мусор
2026-06-01 23:26:15,766 | INFO     |   → 411/901: ✅ 5 взято | 🗑️ 12 мусор
2026-06-01 23:26:15,766 | INFO     |   → 412/901: ✅ 9 взято | 🗑️ 9 мусор
2026-06-01 23:26:15,766 | INFO     |   → 413/901: ✅ 5 взято | 🗑️ 12 мусор
2026-06-01 23:26:15,766 | INFO     |   → 414/901: ✅ 10 взято | 🗑️ 10 мусор
2026-06-01 23:26:15,766 | INFO     |   → 415/901: ✅ 4 взято | 🗑️ 13 мусор
2026-06-01 23:26:15,766 | INFO     |   → 416/901: ✅ 12 взято | 🗑️ 7 мусор
2026-06-01 23:26:15,766 | INFO     |   → 417/901: ✅ 9 взято | 🗑️ 8 мусор
2026-06-01 23:26:15,766 | INFO     |   → 418/901: ✅ 7 взято | 🗑️ 10 мусор
2026-06-01 23:26:15,766 | INFO     |   → 419/901: ✅ 5 взято | 🗑️ 8 мусор
2026-06-01 23:26:15,766 | INFO     |   → 420/901: ✅ 53 взято | 🗑️ 154 мусор
2026-06-01 23:26:15,766 | INFO     |   → 421/901: ✅ 0 взято | 🗑️ 5 мусор
2026-06-01 23:26:15,766 | INFO     |   → 422/901: ✅ 0 взято | 🗑️ 0 мусор
2026-06-01 23:26:15,766 | INFO     |   → 423/901: ✅ 16 взято | 🗑️ 17 мусор
2026-06-01 23:26:15,766 | INFO     |   → 424/901: ✅ 0 взято | 🗑️ 0 мусор
2026-06-01 23:26:15,767 | INFO     |   → 425/901: ✅ 0 взято | 🗑️ 17 мусор
2026-06-01 23:26:15,767 | INFO     |   → 426/901: ✅ 58 взято | 🗑️ 348 мусор
2026-06-01 23:26:15,767 | INFO     |   → 427/901: ✅ 0 взято | 🗑️ 231 мусор
2026-06-01 23:26:15,767 | INFO     |   → 428/901: ✅ 0 взято | 🗑️ 0 мусор
2026-06-01 23:26:15,767 | INFO     |   → 429/901: ✅ 0 взято | 🗑️ 17 мусор
2026-06-01 23:26:15,767 | INFO     |   → 430/901: ✅ 123 взято | 🗑️ 432 мусор
2026-06-01 23:26:15,767 | INFO     |   → 431/901: ✅ 0 взято | 🗑️ 83 мусор
2026-06-01 23:26:15,767 | INFO     |   → 432/901: ✅ 0 взято | 🗑️ 16 мусор
2026-06-01 23:26:15,767 | INFO     |   → 433/901: ✅ 0 взято | 🗑️ 16 мусор
2026-06-01 23:26:15,767 | INFO     |   → 434/901 ❌ HTTP 404 — https://raw.githubusercontent.com/aiboboxx/clashfree/main/clash.yml
2026-06-01 23:26:15,767 | INFO     |   → 435/901 ❌ HTTP 404 — https://raw.githubusercontent.com/aiboboxx/clashfree/refs/heads/main/clash.yml
2026-06-01 23:26:15,767 | INFO     |   → 436/901 ❌ HTTP 404 — https://raw.githubusercontent.com/aiboboxx/v2rayfree/main/v2
2026-06-01 23:26:15,767 | INFO     |   → 437/901 ❌ HTTP 404 — https://raw.githubusercontent.com/amirmohammad-mohammad-88/Sub-Reality-Azadi-config/Config/Azadi-Reality-Different
2026-06-01 23:26:15,767 | INFO     |   → 438/901 ❌ HTTP 404 — https://raw.githubusercontent.com/amirmohammad-mohammad-88/Sub-Reality-Azadi-config/Config/Azadi-Reality-Different-Base64
2026-06-01 23:26:15,767 | INFO     |   → 439/901: ✅ 1 взято | 🗑️ 17 мусор
2026-06-01 23:26:15,767 | INFO     |   → 440/901: ✅ 0 взято | 🗑️ 0 мусор
2026-06-01 23:26:15,767 | INFO     |   → 441/901: ✅ 0 взято | 🗑️ 0 мусор
2026-06-01 23:26:15,767 | INFO     |   → 442/901: ✅ 4 взято | 🗑️ 114 мусор
2026-06-01 23:26:15,767 | INFO     |   → 443/901: ✅ 21 взято | 🗑️ 51 мусор
2026-06-01 23:26:15,767 | INFO     |   → 444/901: ✅ 0 взято | 🗑️ 238 мусор
2026-06-01 23:26:15,767 | INFO     |   → 445/901: ✅ 0 взято | 🗑️ 124 мусор
2026-06-01 23:26:15,767 | INFO     |   → 446/901: ✅ 22 взято | 🗑️ 61 мусор
2026-06-01 23:26:15,767 | INFO     |   → 447/901 ❌ HTTP 404 — https://raw.githubusercontent.com/awesome-vpn/awesome-vpn/master/ss
2026-06-01 23:26:15,767 | INFO     |   → 448/901 ❌ HTTP 404 — https://raw.githubusercontent.com/awesome-vpn/awesome-vpn/master/ssr
2026-06-01 23:26:15,767 | INFO     |   → 449/901: ✅ 0 взято | 🗑️ 0 мусор
2026-06-01 23:26:15,767 | INFO     |   → 450/901: ✅ 0 взято | 🗑️ 22 мусор
2026-06-01 23:26:15,767 | INFO     |   → 451/901: ✅ 0 взято | 🗑️ 2835 мусор
2026-06-01 23:26:15,767 | INFO     |   → 452/901: ✅ 0 взято | 🗑️ 326 мусор
2026-06-01 23:26:15,767 | INFO     |   → 453/901: ✅ 0 взято | 🗑️ 2094 мусор
2026-06-01 23:26:15,767 | INFO     |   → 454/901: ✅ 0 взято | 🗑️ 141 мусор
2026-06-01 23:26:15,767 | INFO     |   → 455/901 ❌ HTTP 404 — https://raw.githubusercontent.com/barry-far/V2ray-Configs/ced94ddfff48276ec365b40227561f36b1b64bc8/Sub5.txt
2026-06-01 23:26:15,767 | INFO     |   → 456/901 ❌ HTTP 404 — https://raw.githubusercontent.com/barry-far/V2ray-Configs/main/Splitted-By-Protocol/hysteria2.txt
2026-06-01 23:26:15,767 | INFO     |   → 457/901 ❌ HTTP 404 — https://raw.githubusercontent.com/barry-far/V2ray-Configs/main/Splitted-By-Protocol/vless.txt
2026-06-01 23:26:15,767 | INFO     |   → 458/901 ❌ HTTP 404 — https://raw.githubusercontent.com/barry-far/V2ray-Configs/main/Sub1.txt
2026-06-01 23:26:15,767 | INFO     |   → 459/901 ❌ HTTP 404 — https://raw.githubusercontent.com/barry-far/V2ray-Configs/refs/heads/main/All_Configs_Sub.txt
2026-06-01 23:26:15,768 | INFO     |   → 460/901: ✅ 0 взято | 🗑️ 326 мусор
2026-06-01 23:26:15,768 | INFO     |   → 461/901: ✅ 0 взято | 🗑️ 2094 мусор
2026-06-01 23:26:15,768 | INFO     |   → 462/901: ✅ 0 взято | 🗑️ 141 мусор
2026-06-01 23:26:15,768 | INFO     |   → 463/901: ✅ 0 взято | 🗑️ 0 мусор
2026-06-01 23:26:15,768 | INFO     |   → 464/901 ❌ HTTP 404 — https://raw.githubusercontent.com/budamu/clashconfig/main/v2ray.txt
2026-06-01 23:26:15,768 | INFO     |   → 465/901 ❌ HTTP 404 — https://raw.githubusercontent.com/budamu/clashconfig/main/v2ray2.txt
2026-06-01 23:26:15,768 | INFO     |   → 466/901 ❌ HTTP 404 — https://raw.githubusercontent.com/bywarm/whitelists-vpns-etc/main/whitelists1-4pda.txt
2026-06-01 23:26:15,768 | INFO     |   → 467/901: ✅ 12 взято | 🗑️ 45 мусор
2026-06-01 23:26:15,768 | INFO     |   → 468/901: ✅ 0 взято | 🗑️ 0 мусор
2026-06-01 23:26:15,768 | INFO     |   → 469/901: ✅ 0 взято | 🗑️ 45 мусор
2026-06-01 23:26:15,768 | INFO     |   → 470/901: ✅ 0 взято | 🗑️ 0 мусор
2026-06-01 23:26:15,768 | INFO     |   → 471/901: ✅ 0 взято | 🗑️ 442 мусор
2026-06-01 23:26:15,768 | INFO     |   → 472/901: ✅ 0 взято | 🗑️ 0 мусор
2026-06-01 23:26:15,768 | INFO     |   → 473/901 ❌ HTTP 404 — https://raw.githubusercontent.com/chxxyz2004/zd/17fca23b73c46b5dd73e9be49b14d219b5e5f836/sub/2401/240110.txt
2026-06-01 23:26:15,768 | INFO     |   → 474/901: ✅ 0 взято | 🗑️ 44 мусор
2026-06-01 23:26:15,768 | INFO     |   → 475/901: ✅ 356 взято | 🗑️ 5284 мусор
2026-06-01 23:26:15,768 | INFO     |   → 476/901: ✅ 236 взято | 🗑️ 517 мусор
2026-06-01 23:26:15,768 | INFO     |   → 477/901 ❌ HTTP 404 — https://raw.githubusercontent.com/cxr9912/cxr2022/main/free.yaml
2026-06-01 23:26:15,768 | INFO     |   → 478/901 ❌ HTTP 404 — https://raw.githubusercontent.com/cxr9912/cxr2022/main/mix.yaml
2026-06-01 23:26:15,768 | INFO     |   → 479/901 ❌ HTTP 404 — https://raw.githubusercontent.com/cxr9912/cxr2022/main/ss.yaml
2026-06-01 23:26:15,768 | INFO     |   → 480/901 ❌ HTTP 404 — https://raw.githubusercontent.com/cxr9912/cxr2022/main/ssr.yaml
2026-06-01 23:26:15,768 | INFO     |   → 481/901 ❌ HTTP 404 — https://raw.githubusercontent.com/cxr9912/cxr2022/main/vmess.yaml
2026-06-01 23:26:15,768 | INFO     |   → 482/901 ❌ HTTP 404 — https://raw.githubusercontent.com/cxr9912/cxr2022/refs/heads/main/18cj.json
2026-06-01 23:26:15,768 | INFO     |   → 483/901 ❌ HTTP 404 — https://raw.githubusercontent.com/cxr9912/cxr2022/refs/heads/main/aaaaaaaa.yaml
2026-06-01 23:26:15,768 | INFO     |   → 484/901 ❌ HTTP 404 — https://raw.githubusercontent.com/cxr9912/cxr2022/refs/heads/main/free.yaml
2026-06-01 23:26:15,768 | INFO     |   → 485/901 ❌ HTTP 404 — https://raw.githubusercontent.com/cxr9912/cxr2022/refs/heads/main/ss2088.txt
2026-06-01 23:26:15,768 | INFO     |   → 486/901: ✅ 0 взято | 🗑️ 18 мусор
2026-06-01 23:26:15,768 | INFO     |   → 487/901: ✅ 0 взято | 🗑️ 18 мусор
2026-06-01 23:26:15,768 | INFO     |   → 488/901: ✅ 6 взято | 🗑️ 78 мусор
2026-06-01 23:26:15,768 | INFO     |   → 489/901: ✅ 6 взято | 🗑️ 4 мусор
2026-06-01 23:26:15,768 | INFO     |   → 490/901: ✅ 0 взято | 🗑️ 2 мусор
2026-06-01 23:26:15,768 | INFO     |   → 491/901: ✅ 0 взято | 🗑️ 2 мусор
2026-06-01 23:26:15,769 | INFO     |   → 492/901: ✅ 0 взято | 🗑️ 2 мусор
2026-06-01 23:26:15,769 | INFO     |   → 493/901: ✅ 0 взято | 🗑️ 3 мусор
2026-06-01 23:26:15,769 | INFO     |   → 494/901: ✅ 0 взято | 🗑️ 2 мусор
2026-06-01 23:26:15,769 | INFO     |   → 495/901: ✅ 0 взято | 🗑️ 9 мусор
2026-06-01 23:26:15,769 | INFO     |   → 496/901: ✅ 1 взято | 🗑️ 1 мусор
2026-06-01 23:26:15,769 | INFO     |   → 497/901: ✅ 0 взято | 🗑️ 10 мусор
2026-06-01 23:26:15,769 | INFO     |   → 498/901: ✅ 0 взято | 🗑️ 2 мусор
2026-06-01 23:26:15,769 | INFO     |   → 499/901: ✅ 0 взято | 🗑️ 0 мусор
2026-06-01 23:26:15,769 | INFO     |   → 500/901: ✅ 0 взято | 🗑️ 0 мусор
2026-06-01 23:26:15,769 | INFO     |   → 501/901: ✅ 5872 взято | 🗑️ 118457 мусор
2026-06-01 23:26:15,769 | INFO     |   → 502/901: ✅ 4 взято | 🗑️ 134 мусор
2026-06-01 23:26:15,769 | INFO     |   → 503/901: ✅ 6298 взято | 🗑️ 127887 мусор
2026-06-01 23:26:15,769 | INFO     |   → 504/901: ✅ 4368 взято | 🗑️ 82984 мусор
2026-06-01 23:26:15,769 | INFO     |   → 505/901: ✅ 89 взято | 🗑️ 6027 мусор
2026-06-01 23:26:15,769 | INFO     |   → 506/901: ✅ 0 взято | 🗑️ 118457 мусор
2026-06-01 23:26:15,769 | INFO     |   → 507/901: ✅ 0 взято | 🗑️ 134 мусор
2026-06-01 23:26:15,769 | INFO     |   → 508/901: ✅ 6 взято | 🗑️ 113 мусор
2026-06-01 23:26:15,769 | INFO     |   → 509/901: ✅ 0 взято | 🗑️ 0 мусор
2026-06-01 23:26:15,769 | INFO     |   → 510/901: ✅ 1 взято | 🗑️ 25 мусор
2026-06-01 23:26:15,769 | INFO     |   → 511/901: ✅ 0 взято | 🗑️ 0 мусор
2026-06-01 23:26:15,769 | INFO     |   → 512/901: ✅ 13 взято | 🗑️ 19 мусор
2026-06-01 23:26:15,769 | INFO     |   → 513/901: ✅ 0 взято | 🗑️ 5 мусор
2026-06-01 23:26:15,769 | INFO     |   → 514/901: ✅ 2 взято | 🗑️ 80 мусор
2026-06-01 23:26:15,769 | INFO     |   → 515/901: ✅ 0 взято | 🗑️ 0 мусор
2026-06-01 23:26:15,769 | INFO     |   → 516/901: ✅ 5 взято | 🗑️ 169 мусор
2026-06-01 23:26:15,769 | INFO     |   → 517/901: ✅ 34 взято | 🗑️ 121 мусор
2026-06-01 23:26:15,769 | INFO     |   → 518/901: ✅ 4 взято | 🗑️ 97 мусор
2026-06-01 23:26:15,769 | INFO     |   → 519/901 ❌ HTTP 404 — https://raw.githubusercontent.com/free18/v2ray/main/Clash.yaml
2026-06-01 23:26:15,769 | INFO     |   → 520/901: ✅ 0 взято | 🗑️ 0 мусор
2026-06-01 23:26:15,769 | INFO     |   → 521/901: ✅ 70 взято | 🗑️ 174 мусор
2026-06-01 23:26:15,769 | INFO     |   → 522/901: ✅ 0 взято | 🗑️ 0 мусор
2026-06-01 23:26:15,769 | INFO     |   → 523/901: ✅ 0 взято | 🗑️ 15 мусор
2026-06-01 23:26:15,769 | INFO     |   → 524/901: ✅ 0 взято | 🗑️ 0 мусор
2026-06-01 23:26:15,769 | INFO     |   → 525/901: ✅ 0 взято | 🗑️ 8 мусор
2026-06-01 23:26:15,769 | INFO     |   → 526/901: ✅ 0 взято | 🗑️ 8 мусор
2026-06-01 23:26:15,770 | INFO     |   → 527/901: ✅ 0 взято | 🗑️ 8 мусор
2026-06-01 23:26:15,770 | INFO     |   → 528/901: ✅ 0 взято | 🗑️ 8 мусор
2026-06-01 23:26:15,770 | INFO     |   → 529/901 ❌ HTTP 404 — https://raw.githubusercontent.com/freev2rayconfig/V2RAY_SUB/3e6a7786a1601ee3723e8d043ae79e70dbdfd9a8/v2rayconfigs.txt
2026-06-01 23:26:15,770 | INFO     |   → 530/901 ❌ HTTP 404 — https://raw.githubusercontent.com/freev2rayconfig/V2RAY_SUBSCRIPTION_LINK/main/v2rayconfigs.txt
2026-06-01 23:26:15,770 | INFO     |   → 531/901: ✅ 0 взято | 🗑️ 5 мусор
2026-06-01 23:26:15,770 | INFO     |   → 532/901 ❌ HTTP 404 — https://raw.githubusercontent.com/gfpcom/free-proxy-list/main/list/http.txt
2026-06-01 23:26:15,770 | INFO     |   → 533/901 ❌ HTTP 404 — https://raw.githubusercontent.com/gfpcom/free-proxy-list/main/list/https.txt
2026-06-01 23:26:15,770 | INFO     |   → 534/901 ❌ HTTP 404 — https://raw.githubusercontent.com/gfpcom/free-proxy-list/main/list/socks4.txt
2026-06-01 23:26:15,770 | INFO     |   → 535/901 ❌ HTTP 404 — https://raw.githubusercontent.com/gfpcom/free-proxy-list/main/list/socks4a.txt
2026-06-01 23:26:15,770 | INFO     |   → 536/901 ❌ HTTP 404 — https://raw.githubusercontent.com/gfpcom/free-proxy-list/main/list/socks5.txt
2026-06-01 23:26:15,770 | INFO     |   → 537/901 ❌ HTTP 404 — https://raw.githubusercontent.com/gfpcom/free-proxy-list/main/list/socks5h.txt
2026-06-01 23:26:15,770 | INFO     |   → 538/901 ❌ HTTP 404 — https://raw.githubusercontent.com/gfpcom/free-proxy-list/main/list/ss.txt
2026-06-01 23:26:15,770 | INFO     |   → 539/901 ❌ HTTP 404 — https://raw.githubusercontent.com/gfpcom/free-proxy-list/main/list/ssr.txt
2026-06-01 23:26:15,770 | INFO     |   → 540/901 ❌ HTTP 404 — https://raw.githubusercontent.com/gfpcom/free-proxy-list/main/list/trojan.txt
2026-06-01 23:26:15,770 | INFO     |   → 541/901 ❌ HTTP 404 — https://raw.githubusercontent.com/gfpcom/free-proxy-list/main/list/vless.txt
2026-06-01 23:26:15,770 | INFO     |   → 542/901 ❌ HTTP 404 — https://raw.githubusercontent.com/gfpcom/free-proxy-list/main/list/vmess.txt
2026-06-01 23:26:15,770 | INFO     |   → 543/901: ✅ 0 взято | 🗑️ 17 мусор
2026-06-01 23:26:15,770 | INFO     |   → 544/901: ✅ 0 взято | 🗑️ 0 мусор
2026-06-01 23:26:15,770 | INFO     |   → 545/901: ✅ 0 взято | 🗑️ 0 мусор
2026-06-01 23:26:15,770 | INFO     |   → 546/901: ✅ 4 взято | 🗑️ 63 мусор
2026-06-01 23:26:15,770 | INFO     |   → 547/901: ✅ 470 взято | 🗑️ 1990 мусор
2026-06-01 23:26:15,770 | INFO     |   → 548/901: ✅ 292 взято | 🗑️ 1217 мусор
2026-06-01 23:26:15,770 | INFO     |   → 549/901: ✅ 261 взято | 🗑️ 4439 мусор
2026-06-01 23:26:15,770 | INFO     |   → 550/901: ✅ 59 взято | 🗑️ 2410 мусор
2026-06-01 23:26:15,770 | INFO     |   → 551/901 ❌ HTTP 404 — https://raw.githubusercontent.com/hameed-maleki/TVC/89a4522969c57dcc22458cae9898426e5c4f2679/lite/config.txt
2026-06-01 23:26:15,770 | INFO     |   → 552/901: ✅ 0 взято | 🗑️ 0 мусор
2026-06-01 23:26:15,771 | INFO     |   → 553/901: ✅ 5 взято | 🗑️ 132 мусор
2026-06-01 23:26:15,771 | INFO     |   → 554/901: ✅ 0 взято | 🗑️ 56 мусор
2026-06-01 23:26:15,771 | INFO     |   → 555/901 ❌ HTTP 404 — https://raw.githubusercontent.com/hkaa0/permalink/main/proxy/V2ray
2026-06-01 23:26:15,771 | INFO     |   → 556/901: ✅ 2 взято | 🗑️ 131 мусор
2026-06-01 23:26:15,771 | INFO     |   → 557/901 ❌ HTTP 404 — https://raw.githubusercontent.com/hkaa0/permalink/main/proxy/clash
2026-06-01 23:26:15,771 | INFO     |   → 558/901 ❌ HTTP 404 — https://raw.githubusercontent.com/hkpc/Autoproxy/6cf946ddfc677a29062007e4b47d70674474baa7/sub/2401/240110.txt
2026-06-01 23:26:15,771 | INFO     |   → 559/901 ❌ HTTP 404 — https://raw.githubusercontent.com/hkpc/V2ray-Configs/7d9aa0dabf947af180a7dd6302818ed37950531a/Sub1.txt
2026-06-01 23:26:15,771 | INFO     |   → 560/901: ✅ 0 взято | 🗑️ 14 мусор
2026-06-01 23:26:15,771 | INFO     |   → 561/901: ✅ 0 взято | 🗑️ 16 мусор
2026-06-01 23:26:15,771 | INFO     |   → 562/901 ❌ HTTP 404 — https://raw.githubusercontent.com/iboxz/free-v2ray-collector/main/main
2026-06-01 23:26:15,771 | INFO     |   → 563/901: ✅ 115 взято | 🗑️ 253 мусор
2026-06-01 23:26:15,771 | INFO     |   → 564/901: ✅ 4 взято | 🗑️ 25 мусор
2026-06-01 23:26:15,771 | INFO     |   → 565/901: ✅ 2 взято | 🗑️ 17 мусор
2026-06-01 23:26:15,771 | INFO     |   → 566/901: ✅ 10 взято | 🗑️ 246 мусор
2026-06-01 23:26:15,771 | INFO     |   → 567/901: ✅ 0 взято | 🗑️ 16 мусор
2026-06-01 23:26:15,771 | INFO     |   → 568/901: ✅ 14 взято | 🗑️ 25 мусор
2026-06-01 23:26:15,771 | INFO     |   → 569/901: ✅ 42 взято | 🗑️ 15 мусор
2026-06-01 23:26:15,771 | INFO     |   → 570/901: ✅ 0 взято | 🗑️ 40 мусор
2026-06-01 23:26:15,771 | INFO     |   → 571/901 ❌ HTTP 404 — https://raw.githubusercontent.com/igareck/vpn-configs-for-russia/refs/heads/main/Vless-Reality-White-Lists-Rus-Cable.txt
2026-06-01 23:26:15,771 | INFO     |   → 572/901: ✅ 43 взято | 🗑️ 7 мусор
2026-06-01 23:26:15,771 | INFO     |   → 573/901: ✅ 0 взято | 🗑️ 0 мусор
2026-06-01 23:26:15,771 | INFO     |   → 574/901: ✅ 0 взято | 🗑️ 0 мусор
2026-06-01 23:26:15,771 | INFO     |   → 575/901: ✅ 0 взято | 🗑️ 9 мусор
2026-06-01 23:26:15,771 | INFO     |   → 576/901: ✅ 1 взято | 🗑️ 360 мусор
2026-06-01 23:26:15,771 | INFO     |   → 577/901: ✅ 0 взято | 🗑️ 0 мусор
2026-06-01 23:26:15,771 | INFO     |   → 578/901: ✅ 0 взято | 🗑️ 0 мусор
2026-06-01 23:26:15,772 | INFO     |   → 579/901: ✅ 0 взято | 🗑️ 12 мусор
2026-06-01 23:26:15,772 | INFO     |   → 580/901: ✅ 0 взято | 🗑️ 43 мусор
2026-06-01 23:26:15,772 | INFO     |   → 581/901 ❌ HTTP 404 — https://raw.githubusercontent.com/jw853355718/clash_233/master/config.yml
2026-06-01 23:26:15,772 | INFO     |   → 582/901: ✅ 0 взято | 🗑️ 210 мусор
2026-06-01 23:26:15,772 | INFO     |   → 583/901: ✅ 0 взято | 🗑️ 0 мусор
2026-06-01 23:26:15,772 | INFO     |   → 584/901 ❌ HTTP 404 — https://raw.githubusercontent.com/kismetpro/NodeSuber/main/Splitted-By-Protocol/vless.txt
2026-06-01 23:26:15,772 | INFO     |   → 585/901 ❌ HTTP 404 — https://raw.githubusercontent.com/kismetpro/NodeSuber/main/out/All_Configs_Sub.txt
2026-06-01 23:26:15,772 | INFO     |   → 586/901 ❌ HTTP 404 — https://raw.githubusercontent.com/kort0881/vpn-key-vless/main/subscriptions/all.txt
2026-06-01 23:26:15,772 | INFO     |   → 587/901: ✅ 224 взято | 🗑️ 176 мусор
2026-06-01 23:26:15,772 | INFO     |   → 588/901: ✅ 0 взято | 🗑️ 29 мусор
2026-06-01 23:26:15,772 | INFO     |   → 589/901 ❌ HTTP 404 — https://raw.githubusercontent.com/koteey/Ms.Kerosin-VPN/main/proxies.txt
2026-06-01 23:26:15,772 | INFO     |   → 590/901: ✅ 534 взято | 🗑️ 1494 мусор
2026-06-01 23:26:15,772 | INFO     |   → 591/901: ✅ 1 взято | 🗑️ 121 мусор
2026-06-01 23:26:15,772 | INFO     |   → 592/901: ✅ 0 взято | 🗑️ 0 мусор
2026-06-01 23:26:15,772 | INFO     |   → 593/901 ❌ HTTP 404 — https://raw.githubusercontent.com/lcx12901/v2ray-/master/sspool.herokuapp.com/yzcloud.yaml
2026-06-01 23:26:15,772 | INFO     |   → 594/901 ❌ HTTP 404 — https://raw.githubusercontent.com/lcx12901/v2ray-/master/sspool.herokuapp.com/yzcloud2.yaml
2026-06-01 23:26:15,772 | INFO     |   → 595/901: ✅ 0 взято | 🗑️ 0 мусор
2026-06-01 23:26:15,772 | INFO     |   → 596/901 ❌ HTTP 404 — https://raw.githubusercontent.com/learnhard-cn/free_proxy_ss/main/clash/config.yaml
2026-06-01 23:26:15,772 | INFO     |   → 597/901: ✅ 0 взято | 🗑️ 8 мусор
2026-06-01 23:26:15,772 | INFO     |   → 598/901: ✅ 0 взято | 🗑️ 4 мусор
2026-06-01 23:26:15,772 | INFO     |   → 599/901: ✅ 0 взято | 🗑️ 0 мусор
2026-06-01 23:26:15,772 | INFO     |   → 600/901: ✅ 0 взято | 🗑️ 4 мусор
2026-06-01 23:26:15,772 | INFO     |   → 601/901: ✅ 0 взято | 🗑️ 149 мусор
2026-06-01 23:26:15,772 | INFO     |   → 602/901: ✅ 0 взято | 🗑️ 421 мусор
2026-06-01 23:26:15,772 | INFO     |   → 603/901: ✅ 213 взято | 🗑️ 1155 мусор
2026-06-01 23:26:15,773 | INFO     |   → 604/901 ❌ HTTP 404 — https://raw.githubusercontent.com/lisylva-lee/v2dyku/main/ssr
2026-06-01 23:26:15,773 | INFO     |   → 605/901 ❌ HTTP 404 — https://raw.githubusercontent.com/lisylva-lee/v2dyku/main/v2dy
2026-06-01 23:26:15,773 | INFO     |   → 606/901: ✅ 0 взято | 🗑️ 53 мусор
2026-06-01 23:26:15,773 | INFO     |   → 607/901: ✅ 0 взято | 🗑️ 0 мусор
2026-06-01 23:26:15,773 | INFO     |   → 608/901: ✅ 0 взято | 🗑️ 0 мусор
2026-06-01 23:26:15,773 | INFO     |   → 609/901 ❌ HTTP 404 — https://raw.githubusercontent.com/luxl-1379/merge/77247d23def72b25226dfa741614e9b07a569c72/sub/sub_merge_base64.txt
2026-06-01 23:26:15,773 | INFO     |   → 610/901 ❌ HTTP 404 — https://raw.githubusercontent.com/luxl-1379/merge/main/sub/sub_merge_base64.txt
2026-06-01 23:26:15,773 | INFO     |   → 611/901: ✅ 146 взято | 🗑️ 343 мусор
2026-06-01 23:26:15,773 | INFO     |   → 612/901: ✅ 0 взято | 🗑️ 0 мусор
2026-06-01 23:26:15,773 | INFO     |   → 613/901: ✅ 0 взято | 🗑️ 131 мусор
2026-06-01 23:26:15,773 | INFO     |   → 614/901: ✅ 0 взято | 🗑️ 131 мусор
2026-06-01 23:26:15,773 | INFO     |   → 615/901: ✅ 0 взято | 🗑️ 0 мусор
2026-06-01 23:26:15,773 | INFO     |   → 616/901: ✅ 0 взято | 🗑️ 0 мусор
2026-06-01 23:26:15,773 | INFO     |   → 617/901: ✅ 0 взято | 🗑️ 3519 мусор
2026-06-01 23:26:15,773 | INFO     |   → 618/901: ✅ 0 взято | 🗑️ 131 мусор
2026-06-01 23:26:15,773 | INFO     |   → 619/901: ✅ 0 взято | 🗑️ 0 мусор
2026-06-01 23:26:15,773 | INFO     |   → 620/901: ✅ 0 взято | 🗑️ 3519 мусор
2026-06-01 23:26:15,773 | INFO     |   → 621/901: ✅ 0 взято | 🗑️ 0 мусор
2026-06-01 23:26:15,773 | INFO     |   → 622/901: ✅ 20 взято | 🗑️ 370 мусор
2026-06-01 23:26:15,773 | INFO     |   → 623/901: ✅ 0 взято | 🗑️ 370 мусор
2026-06-01 23:26:15,773 | INFO     |   → 624/901 ❌ HTTP 404 — https://raw.githubusercontent.com/mermeroo/Clash-V2ray/main/v2ray
2026-06-01 23:26:15,773 | INFO     |   → 625/901: ✅ 714 взято | 🗑️ 6258 мусор
2026-06-01 23:26:15,773 | INFO     |   → 626/901: ✅ 15 взято | 🗑️ 417 мусор
2026-06-01 23:26:15,773 | INFO     |   → 627/901: ✅ 6 взято | 🗑️ 102 мусор
2026-06-01 23:26:15,773 | INFO     |   → 628/901: ✅ 0 взято | 🗑️ 6258 мусор
2026-06-01 23:26:15,774 | INFO     |   → 629/901: ✅ 8 взято | 🗑️ 853 мусор
2026-06-01 23:26:15,774 | INFO     |   → 630/901: ✅ 0 взято | 🗑️ 853 мусор
2026-06-01 23:26:15,774 | INFO     |   → 631/901: ✅ 32 взято | 🗑️ 69 мусор
2026-06-01 23:26:15,774 | INFO     |   → 632/901 ❌ HTTP 404 — https://raw.githubusercontent.com/mermeroo/free-v2ray-collector/main/main/mix
2026-06-01 23:26:15,774 | INFO     |   → 633/901 ❌ HTTP 404 — https://raw.githubusercontent.com/mermeroo/free-v2ray-collector/main/main/reality
2026-06-01 23:26:15,774 | INFO     |   → 634/901 ❌ HTTP 404 — https://raw.githubusercontent.com/mermeroo/free-v2ray-collector/main/main/shadowsocks
2026-06-01 23:26:15,774 | INFO     |   → 635/901 ❌ HTTP 404 — https://raw.githubusercontent.com/mermeroo/free-v2ray-collector/main/main/trojan
2026-06-01 23:26:15,774 | INFO     |   → 636/901 ❌ HTTP 404 — https://raw.githubusercontent.com/mermeroo/free-v2ray-collector/main/main/vless
2026-06-01 23:26:15,774 | INFO     |   → 637/901 ❌ HTTP 404 — https://raw.githubusercontent.com/mermeroo/free-v2ray-collector/main/main/vmess
2026-06-01 23:26:15,774 | INFO     |   → 638/901: ✅ 0 взято | 🗑️ 0 мусор
2026-06-01 23:26:15,774 | INFO     |   → 639/901: ✅ 0 взято | 🗑️ 0 мусор
2026-06-01 23:26:15,774 | INFO     |   → 640/901 ❌ HTTP 404 — https://raw.githubusercontent.com/mfuu/v2ray/master/merge/merge.txt
2026-06-01 23:26:15,774 | INFO     |   → 641/901: ✅ 0 взято | 🗑️ 52 мусор
2026-06-01 23:26:15,774 | INFO     |   → 642/901: ✅ 0 взято | 🗑️ 52 мусор
2026-06-01 23:26:15,774 | INFO     |   → 643/901: ✅ 0 взято | 🗑️ 25 мусор
2026-06-01 23:26:15,774 | INFO     |   → 644/901: ✅ 724 взято | 🗑️ 14955 мусор
2026-06-01 23:26:15,774 | INFO     |   → 645/901: ✅ 0 взято | 🗑️ 14955 мусор
2026-06-01 23:26:15,774 | INFO     |   → 646/901: ✅ 0 взято | 🗑️ 2843 мусор
2026-06-01 23:26:15,774 | INFO     |   → 647/901: ✅ 0 взято | 🗑️ 1842 мусор
2026-06-01 23:26:15,774 | INFO     |   → 648/901: ✅ 0 взято | 🗑️ 5682 мусор
2026-06-01 23:26:15,774 | INFO     |   → 649/901: ✅ 0 взято | 🗑️ 4588 мусор
2026-06-01 23:26:15,774 | INFO     |   → 650/901 ❌ HTTP 404 — https://raw.githubusercontent.com/miladtahanian/V2RayCFGDumper/refs/heads/main/config.txt
2026-06-01 23:26:15,774 | INFO     |   → 651/901 ❌ HTTP 404 — https://raw.githubusercontent.com/miladtahanian/multi-proxy-config-fetcher/refs/heads/main/configs/proxy_configs.txt
2026-06-01 23:26:15,774 | INFO     |   → 652/901: ✅ 0 взято | 🗑️ 0 мусор
2026-06-01 23:26:15,774 | INFO     |   → 653/901: ✅ 0 взято | 🗑️ 0 мусор
2026-06-01 23:26:15,774 | INFO     |   → 654/901: ✅ 0 взято | 🗑️ 0 мусор
2026-06-01 23:26:15,775 | INFO     |   → 655/901: ✅ 15 взято | 🗑️ 46 мусор
2026-06-01 23:26:15,775 | INFO     |   → 656/901: ✅ 0 взято | 🗑️ 12 мусор
2026-06-01 23:26:15,775 | INFO     |   → 657/901: ✅ 0 взято | 🗑️ 202 мусор
2026-06-01 23:26:15,775 | INFO     |   → 658/901: ✅ 0 взято | 🗑️ 33 мусор
2026-06-01 23:26:15,775 | INFO     |   → 659/901: ✅ 0 взято | 🗑️ 0 мусор
2026-06-01 23:26:15,775 | INFO     |   → 660/901: ✅ 28 взято | 🗑️ 93 мусор
2026-06-01 23:26:15,775 | INFO     |   → 661/901: ✅ 74 взято | 🗑️ 425 мусор
2026-06-01 23:26:15,775 | INFO     |   → 662/901: ✅ 168 взято | 🗑️ 330 мусор
2026-06-01 23:26:15,775 | INFO     |   → 663/901: ✅ 0 взято | 🗑️ 0 мусор
2026-06-01 23:26:15,775 | INFO     |   → 664/901: ✅ 15 взято | 🗑️ 70 мусор
2026-06-01 23:26:15,775 | INFO     |   → 665/901: ✅ 127 взято | 🗑️ 492 мусор
2026-06-01 23:26:15,775 | INFO     |   → 666/901: ✅ 331 взято | 🗑️ 190 мусор
2026-06-01 23:26:15,775 | INFO     |   → 667/901: ✅ 85 взято | 🗑️ 1184 мусор
2026-06-01 23:26:15,775 | INFO     |   → 668/901: ✅ 49 взято | 🗑️ 791 мусор
2026-06-01 23:26:15,775 | INFO     |   → 669/901: ✅ 15 взято | 🗑️ 323 мусор
2026-06-01 23:26:15,775 | INFO     |   → 670/901: ✅ 0 взято | 🗑️ 467 мусор
2026-06-01 23:26:15,775 | INFO     |   → 671/901 ❌ HTTP 404 — https://raw.githubusercontent.com/obscure1990/freeVM/master/snippets/nodes.yml
2026-06-01 23:26:15,775 | INFO     |   → 672/901: ✅ 1181 взято | 🗑️ 177 мусор
2026-06-01 23:26:15,775 | INFO     |   → 673/901 ❌ HTTP 404 — https://raw.githubusercontent.com/op30mmd/things/909b38024ba14d69dc0f95c238f63bc6e930a00f/eut.txt
2026-06-01 23:26:15,775 | INFO     |   → 674/901 ❌ HTTP 404 — https://raw.githubusercontent.com/openRunner/clash-freenode/main/v2ray.txt
2026-06-01 23:26:15,775 | INFO     |   → 675/901 ❌ HTTP 404 — https://raw.githubusercontent.com/oslook/clash-freenode/main/clash.yaml
2026-06-01 23:26:15,775 | INFO     |   → 676/901: ✅ 0 взято | 🗑️ 0 мусор
2026-06-01 23:26:15,775 | INFO     |   → 677/901: ✅ 4 взято | 🗑️ 1 мусор
2026-06-01 23:26:15,775 | INFO     |   → 678/901: ✅ 0 взято | 🗑️ 0 мусор
2026-06-01 23:26:15,776 | INFO     |   → 679/901: ✅ 32 взято | 🗑️ 63 мусор
2026-06-01 23:26:15,776 | INFO     |   → 680/901: ✅ 0 взято | 🗑️ 0 мусор
2026-06-01 23:26:15,776 | INFO     |   → 681/901: ✅ 0 взято | 🗑️ 63 мусор
2026-06-01 23:26:15,776 | INFO     |   → 682/901: ✅ 0 взято | 🗑️ 63 мусор
2026-06-01 23:26:15,776 | INFO     |   → 683/901: ✅ 4 взято | 🗑️ 3 мусор
2026-06-01 23:26:15,776 | INFO     |   → 684/901: ✅ 6703 взято | 🗑️ 35561 мусор
2026-06-01 23:26:15,776 | INFO     |   → 685/901: ✅ 0 взято | 🗑️ 0 мусор
2026-06-01 23:26:15,776 | INFO     |   → 686/901: ✅ 0 взято | 🗑️ 0 мусор
2026-06-01 23:26:15,776 | INFO     |   → 687/901: ✅ 0 взято | 🗑️ 19 мусор
2026-06-01 23:26:15,776 | INFO     |   → 688/901: ✅ 0 взято | 🗑️ 0 мусор
2026-06-01 23:26:15,776 | INFO     |   → 689/901: ✅ 0 взято | 🗑️ 70 мусор
2026-06-01 23:26:15,776 | INFO     |   → 690/901: ✅ 0 взято | 🗑️ 1 мусор
2026-06-01 23:26:15,776 | INFO     |   → 691/901: ✅ 0 взято | 🗑️ 44 мусор
2026-06-01 23:26:15,776 | INFO     |   → 692/901: ✅ 63 взято | 🗑️ 521 мусор
2026-06-01 23:26:15,776 | INFO     |   → 693/901: ✅ 165 взято | 🗑️ 273 мусор
2026-06-01 23:26:15,776 | INFO     |   → 694/901: ✅ 0 взято | 🗑️ 0 мусор
2026-06-01 23:26:15,776 | INFO     |   → 695/901: ✅ 13 взято | 🗑️ 211 мусор
2026-06-01 23:26:15,776 | INFO     |   → 696/901: ✅ 3 взято | 🗑️ 56 мусор
2026-06-01 23:26:15,776 | INFO     |   → 697/901: ✅ 0 взято | 🗑️ 79 мусор
2026-06-01 23:26:15,776 | INFO     |   → 698/901: ✅ 13 взято | 🗑️ 32 мусор
2026-06-01 23:26:15,776 | INFO     |   → 699/901: ✅ 0 взято | 🗑️ 0 мусор
2026-06-01 23:26:15,776 | INFO     |   → 700/901: ✅ 2 взято | 🗑️ 9 мусор
2026-06-01 23:26:15,776 | INFO     |   → 701/901: ✅ 11 взято | 🗑️ 76 мусор
2026-06-01 23:26:15,776 | INFO     |   → 702/901: ✅ 0 взято | 🗑️ 168 мусор
2026-06-01 23:26:15,776 | INFO     |   → 703/901: ✅ 0 взято | 🗑️ 79 мусор
2026-06-01 23:26:15,776 | INFO     |   → 704/901: ✅ 0 взято | 🗑️ 0 мусор
2026-06-01 23:26:15,777 | INFO     |   → 705/901: ✅ 0 взято | 🗑️ 16 мусор
2026-06-01 23:26:15,777 | INFO     |   → 706/901 ❌ HTTP 404 — https://raw.githubusercontent.com/ronghuaxueleng/get_v2/main/pub/changfengoss.yaml
2026-06-01 23:26:15,777 | INFO     |   → 707/901: ✅ 0 взято | 🗑️ 0 мусор
2026-06-01 23:26:15,777 | INFO     |   → 708/901: ✅ 10 взято | 🗑️ 85 мусор
2026-06-01 23:26:15,777 | INFO     |   → 709/901: ✅ 0 взято | 🗑️ 85 мусор
2026-06-01 23:26:15,777 | INFO     |   → 710/901 ❌ HTTP 404 — https://raw.githubusercontent.com/rxsweet/CM_Vmess/refs/heads/main/test.txt
2026-06-01 23:26:15,777 | INFO     |   → 711/901 ❌ HTTP 404 — https://raw.githubusercontent.com/rxsweet/proxies/main/sub/free.yaml
2026-06-01 23:26:15,777 | INFO     |   → 712/901 ❌ HTTP 404 — https://raw.githubusercontent.com/rxsweet/proxies/main/sub/rx.yaml
2026-06-01 23:26:15,777 | INFO     |   → 713/901 ❌ HTTP 404 — https://raw.githubusercontent.com/rxsweet/proxies/main/sub/sources/dynamicAll.yaml
2026-06-01 23:26:15,777 | INFO     |   → 714/901 ❌ HTTP 404 — https://raw.githubusercontent.com/rxsweet/proxies/main/sub/sources/miningAll.yaml
2026-06-01 23:26:15,777 | INFO     |   → 715/901 ❌ HTTP 404 — https://raw.githubusercontent.com/rxsweet/proxies/main/sub/srx.yaml
2026-06-01 23:26:15,777 | INFO     |   → 716/901: ✅ 411 взято | 🗑️ 2273 мусор
2026-06-01 23:26:15,777 | INFO     |   → 717/901 ❌ HTTP 404 — https://raw.githubusercontent.com/sajad-sajadi/V2ray-Collector/raw/main/output/protocols/vmess.txt
2026-06-01 23:26:15,777 | INFO     |   → 718/901: ✅ 2108 взято | 🗑️ 2681 мусор
2026-06-01 23:26:15,777 | INFO     |   → 719/901 ❌ HTTP 404 — https://raw.githubusercontent.com/sakha1370/OpenRay/raw/refs/heads/main/output/all_valid_proxies.txt
2026-06-01 23:26:15,777 | INFO     |   → 720/901: ✅ 2 взято | 🗑️ 399 мусор
2026-06-01 23:26:15,777 | INFO     |   → 721/901: ✅ 0 взято | 🗑️ 399 мусор
2026-06-01 23:26:15,777 | INFO     |   → 722/901 ❌ HTTP 404 — https://raw.githubusercontent.com/samjoeyang/subscribe/main/fly
2026-06-01 23:26:15,777 | INFO     |   → 723/901: ✅ 0 взято | 🗑️ 0 мусор
2026-06-01 23:26:15,777 | INFO     |   → 724/901 ❌ HTTP 404 — https://raw.githubusercontent.com/satrom/V2SSR/master/SSR/Sub.txt
2026-06-01 23:26:15,777 | INFO     |   → 725/901 ❌ HTTP 404 — https://raw.githubusercontent.com/satrom/V2SSR/master/V2RAY/Sub.txt
2026-06-01 23:26:15,777 | INFO     |   → 726/901: ✅ 5033 взято | 🗑️ 98308 мусор
2026-06-01 23:26:15,777 | INFO     |   → 727/901: ✅ 0 взято | 🗑️ 0 мусор
2026-06-01 23:26:15,777 | INFO     |   → 728/901: ✅ 0 взято | 🗑️ 0 мусор
2026-06-01 23:26:15,777 | INFO     |   → 729/901: ✅ 3 взято | 🗑️ 49 мусор
2026-06-01 23:26:15,778 | INFO     |   → 730/901: ✅ 0 взято | 🗑️ 1548 мусор
2026-06-01 23:26:15,778 | INFO     |   → 731/901: ✅ 0 взято | 🗑️ 783 мусор
2026-06-01 23:26:15,778 | INFO     |   → 732/901: ✅ 0 взято | 🗑️ 81 мусор
2026-06-01 23:26:15,778 | INFO     |   → 733/901: ✅ 0 взято | 🗑️ 659 мусор
2026-06-01 23:26:15,778 | INFO     |   → 734/901: ✅ 0 взято | 🗑️ 25 мусор
2026-06-01 23:26:15,778 | INFO     |   → 735/901: ✅ 0 взято | 🗑️ 1548 мусор
2026-06-01 23:26:15,778 | INFO     |   → 736/901: ✅ 0 взято | 🗑️ 0 мусор
2026-06-01 23:26:15,778 | INFO     |   → 737/901: ✅ 0 взято | 🗑️ 0 мусор
2026-06-01 23:26:15,778 | INFO     |   → 738/901 ❌ HTTP 404 — https://raw.githubusercontent.com/shirkerboy/scp/main/sub
2026-06-01 23:26:15,778 | INFO     |   → 739/901 ❌ HTTP 404 — https://raw.githubusercontent.com/skywrt/v2ray-Collector/master/v2ray
2026-06-01 23:26:15,778 | INFO     |   → 740/901 ❌ HTTP 404 — https://raw.githubusercontent.com/snakem982/proxypool/main/nodelist.txt
2026-06-01 23:26:15,778 | INFO     |   → 741/901: ✅ 0 взято | 🗑️ 0 мусор
2026-06-01 23:26:15,778 | INFO     |   → 742/901: ✅ 0 взято | 🗑️ 2 мусор
2026-06-01 23:26:15,778 | INFO     |   → 743/901 ❌ HTTP 404 — https://raw.githubusercontent.com/snakem982/proxypool/main/source/v2ray.txt
2026-06-01 23:26:15,778 | INFO     |   → 744/901 ❌ HTTP 404 — https://raw.githubusercontent.com/soroushmirzaei/telegram-configs-collector/main/channels/protocols/hysteria
2026-06-01 23:26:15,778 | INFO     |   → 745/901 ❌ HTTP 404 — https://raw.githubusercontent.com/soroushmirzaei/telegram-configs-collector/main/channels/protocols/juicity
2026-06-01 23:26:15,778 | INFO     |   → 746/901 ❌ HTTP 404 — https://raw.githubusercontent.com/soroushmirzaei/telegram-configs-collector/main/channels/protocols/reality
2026-06-01 23:26:15,778 | INFO     |   → 747/901 ❌ HTTP 404 — https://raw.githubusercontent.com/soroushmirzaei/telegram-configs-collector/main/channels/protocols/shadowsocks
2026-06-01 23:26:15,778 | INFO     |   → 748/901 ❌ HTTP 404 — https://raw.githubusercontent.com/soroushmirzaei/telegram-configs-collector/main/channels/protocols/trojan
2026-06-01 23:26:15,778 | INFO     |   → 749/901 ❌ HTTP 404 — https://raw.githubusercontent.com/soroushmirzaei/telegram-configs-collector/main/channels/protocols/tuic
2026-06-01 23:26:15,778 | INFO     |   → 750/901 ❌ HTTP 404 — https://raw.githubusercontent.com/soroushmirzaei/telegram-configs-collector/main/channels/protocols/vless
2026-06-01 23:26:15,778 | INFO     |   → 751/901 ❌ HTTP 404 — https://raw.githubusercontent.com/soroushmirzaei/telegram-configs-collector/main/channels/protocols/vmess
2026-06-01 23:26:15,778 | INFO     |   → 752/901 ❌ HTTP 404 — https://raw.githubusercontent.com/soroushmirzaei/telegram-configs-collector/main/countries/jp/mixed
2026-06-01 23:26:15,778 | INFO     |   → 753/901 ❌ HTTP 404 — https://raw.githubusercontent.com/soroushmirzaei/telegram-configs-collector/main/protocols/hysteria
2026-06-01 23:26:15,778 | INFO     |   → 754/901 ❌ HTTP 404 — https://raw.githubusercontent.com/soroushmirzaei/telegram-configs-collector/main/protocols/juicity
2026-06-01 23:26:15,779 | INFO     |   → 755/901 ❌ HTTP 404 — https://raw.githubusercontent.com/soroushmirzaei/telegram-configs-collector/main/protocols/reality
2026-06-01 23:26:15,779 | INFO     |   → 756/901 ❌ HTTP 404 — https://raw.githubusercontent.com/soroushmirzaei/telegram-configs-collector/main/protocols/shadowsocks
2026-06-01 23:26:15,779 | INFO     |   → 757/901 ❌ HTTP 404 — https://raw.githubusercontent.com/soroushmirzaei/telegram-configs-collector/main/protocols/trojan
2026-06-01 23:26:15,779 | INFO     |   → 758/901 ❌ HTTP 404 — https://raw.githubusercontent.com/soroushmirzaei/telegram-configs-collector/main/protocols/tuic
2026-06-01 23:26:15,779 | INFO     |   → 759/901 ❌ HTTP 404 — https://raw.githubusercontent.com/soroushmirzaei/telegram-configs-collector/main/protocols/vless
2026-06-01 23:26:15,779 | INFO     |   → 760/901 ❌ HTTP 404 — https://raw.githubusercontent.com/soroushmirzaei/telegram-configs-collector/main/protocols/vmess
2026-06-01 23:26:15,779 | INFO     |   → 761/901 ❌ HTTP 404 — https://raw.githubusercontent.com/soroushmirzaei/telegram-configs-collector/main/splitted/subscribe
2026-06-01 23:26:15,779 | INFO     |   → 762/901 ❌ HTTP 404 — https://raw.githubusercontent.com/ssrsub/ssr/master/Clash.yml
2026-06-01 23:26:15,779 | INFO     |   → 763/901 ❌ HTTP 404 — https://raw.githubusercontent.com/ssrsub/ssr/master/V2Ray
2026-06-01 23:26:15,779 | INFO     |   → 764/901 ❌ HTTP 404 — https://raw.githubusercontent.com/ssrsub/ssr/master/ss-sub
2026-06-01 23:26:15,779 | INFO     |   → 765/901 ❌ HTTP 404 — https://raw.githubusercontent.com/ssrsub/ssr/master/ssrsub
2026-06-01 23:26:15,779 | INFO     |   → 766/901 ❌ HTTP 404 — https://raw.githubusercontent.com/ssrsub/ssr/master/trojan
2026-06-01 23:26:15,779 | INFO     |   → 767/901 ❌ HTTP 404 — https://raw.githubusercontent.com/ssrsub/ssr/master/vless.txt
2026-06-01 23:26:15,779 | INFO     |   → 768/901: ✅ 0 взято | 🗑️ 0 мусор
2026-06-01 23:26:15,779 | INFO     |   → 769/901: ✅ 2 взято | 🗑️ 12 мусор
2026-06-01 23:26:15,779 | INFO     |   → 770/901: ✅ 0 взято | 🗑️ 13 мусор
2026-06-01 23:26:15,779 | INFO     |   → 771/901: ✅ 0 взято | 🗑️ 13 мусор
2026-06-01 23:26:15,779 | INFO     |   → 772/901 ❌ HTTP 404 — https://raw.githubusercontent.com/tbbatbb/Proxy/master/dist/clash.config.yaml
2026-06-01 23:26:15,779 | INFO     |   → 773/901: ✅ 63 взято | 🗑️ 237 мусор
2026-06-01 23:26:15,779 | INFO     |   → 774/901: ✅ 49 взято | 🗑️ 251 мусор
2026-06-01 23:26:15,779 | INFO     |   → 775/901: ✅ 20 взято | 🗑️ 101 мусор
2026-06-01 23:26:15,779 | INFO     |   → 776/901: ✅ 26 взято | 🗑️ 274 мусор
2026-06-01 23:26:15,779 | INFO     |   → 777/901: ✅ 48 взято | 🗑️ 252 мусор
2026-06-01 23:26:15,779 | INFO     |   → 778/901: ✅ 32 взято | 🗑️ 268 мусор
2026-06-01 23:26:15,779 | INFO     |   → 779/901: ✅ 99 взято | 🗑️ 201 мусор
2026-06-01 23:26:15,779 | INFO     |   → 780/901: ✅ 250 взято | 🗑️ 50 мусор
2026-06-01 23:26:15,780 | INFO     |   → 781/901 ❌ HTTP 404 — https://raw.githubusercontent.com/thuhollow2/myconfig/main/config.yaml
2026-06-01 23:26:15,780 | INFO     |   → 782/901: ✅ 2 взято | 🗑️ 35 мусор
2026-06-01 23:26:15,780 | INFO     |   → 783/901: ✅ 0 взято | 🗑️ 0 мусор
2026-06-01 23:26:15,780 | INFO     |   → 784/901: ✅ 5 взято | 🗑️ 111 мусор
2026-06-01 23:26:15,780 | INFO     |   → 785/901: ✅ 0 взято | 🗑️ 0 мусор
2026-06-01 23:26:15,780 | INFO     |   → 786/901: ✅ 0 взято | 🗑️ 58 мусор
2026-06-01 23:26:15,780 | INFO     |   → 787/901 ❌ HTTP 404 — https://raw.githubusercontent.com/v2clash/Autoproxy/a81f840ab2364124133572ec94e4b81fb0d4e58d/sub/2401/240104.txt
2026-06-01 23:26:15,780 | INFO     |   → 788/901 ❌ HTTP 404 — https://raw.githubusercontent.com/v2clash/V2ray-Configs/31f493c584d0c7b56350f4a34d80c53ad82bcc18/Sub9.txt
2026-06-01 23:26:15,780 | INFO     |   → 789/901: ✅ 36 взято | 🗑️ 303 мусор
2026-06-01 23:26:15,780 | INFO     |   → 790/901: ✅ 0 взято | 🗑️ 0 мусор
2026-06-01 23:26:15,780 | INFO     |   → 791/901: ✅ 0 взято | 🗑️ 0 мусор
2026-06-01 23:26:15,780 | INFO     |   → 792/901: ✅ 0 взято | 🗑️ 0 мусор
2026-06-01 23:26:15,780 | INFO     |   → 793/901: ✅ 283 взято | 🗑️ 9640 мусор
2026-06-01 23:26:15,780 | INFO     |   → 794/901: ✅ 281 взято | 🗑️ 10086 мусор
2026-06-01 23:26:15,780 | INFO     |   → 795/901: ✅ 280 взято | 🗑️ 9675 мусор
2026-06-01 23:26:15,780 | INFO     |   → 796/901: ✅ 334 взято | 🗑️ 9823 мусор
2026-06-01 23:26:15,780 | INFO     |   → 797/901: ✅ 350 взято | 🗑️ 9639 мусор
2026-06-01 23:26:15,780 | INFO     |   → 798/901: ✅ 125 взято | 🗑️ 7919 мусор
2026-06-01 23:26:15,780 | INFO     |   → 799/901: ✅ 135 взято | 🗑️ 4836 мусор
2026-06-01 23:26:15,780 | INFO     |   → 800/901: ✅ 502 взято | 🗑️ 7659 мусор
2026-06-01 23:26:15,780 | INFO     |   → 801/901: ✅ 631 взято | 🗑️ 8081 мусор
2026-06-01 23:26:15,780 | INFO     |   → 802/901: ✅ 202 взято | 🗑️ 5131 мусор
2026-06-01 23:26:15,780 | INFO     |   → 803/901 ❌ HTTP 404 — https://raw.githubusercontent.com/vsevjik/OBSpiskov/main/wwh
2026-06-01 23:26:15,780 | INFO     |   → 804/901 ❌ HTTP 404 — https://raw.githubusercontent.com/vsevjik/OBSpiskov/main/wwhjk
2026-06-01 23:26:15,780 | INFO     |   → 805/901 ❌ HTTP 404 — https://raw.githubusercontent.com/vsevjik/OBSpiskov/main/wwhljjjkk
2026-06-01 23:26:15,781 | INFO     |   → 806/901 ❌ HTTP 404 — https://raw.githubusercontent.com/vveg26/chromego_merge/main/sub/merged_proxies.yaml
2026-06-01 23:26:15,781 | INFO     |   → 807/901 ❌ HTTP 404 — https://raw.githubusercontent.com/vveg26/get_proxy/main/dist/clash.config.yaml
2026-06-01 23:26:15,781 | INFO     |   → 808/901: ✅ 0 взято | 🗑️ 0 мусор
2026-06-01 23:26:15,781 | INFO     |   → 809/901: ✅ 0 взято | 🗑️ 10 мусор
2026-06-01 23:26:15,781 | INFO     |   → 810/901: ✅ 0 взято | 🗑️ 10 мусор
2026-06-01 23:26:15,781 | INFO     |   → 811/901: ✅ 0 взято | 🗑️ 4 мусор
2026-06-01 23:26:15,781 | INFO     |   → 812/901: ✅ 0 взято | 🗑️ 0 мусор
2026-06-01 23:26:15,781 | INFO     |   → 813/901: ✅ 0 взято | 🗑️ 4 мусор
2026-06-01 23:26:15,781 | INFO     |   → 814/901: ✅ 106 взято | 🗑️ 689 мусор
2026-06-01 23:26:15,781 | INFO     |   → 815/901: ✅ 48 взято | 🗑️ 841 мусор
2026-06-01 23:26:15,781 | INFO     |   → 816/901: ✅ 21 взято | 🗑️ 789 мусор
2026-06-01 23:26:15,781 | INFO     |   → 817/901: ✅ 24 взято | 🗑️ 774 мусор
2026-06-01 23:26:15,781 | INFO     |   → 818/901: ✅ 52 взято | 🗑️ 756 мусор
2026-06-01 23:26:15,781 | INFO     |   → 819/901: ✅ 191 взято | 🗑️ 745 мусор
2026-06-01 23:26:15,781 | INFO     |   → 820/901: ✅ 9 взято | 🗑️ 651 мусор
2026-06-01 23:26:15,781 | INFO     |   → 821/901: ✅ 185 взято | 🗑️ 388 мусор
2026-06-01 23:26:15,781 | INFO     |   → 822/901: ✅ 130 взято | 🗑️ 523 мусор
2026-06-01 23:26:15,781 | INFO     |   → 823/901: ✅ 67 взято | 🗑️ 533 мусор
2026-06-01 23:26:15,781 | INFO     |   → 824/901: ✅ 98 взято | 🗑️ 444 мусор
2026-06-01 23:26:15,781 | INFO     |   → 825/901: ✅ 102 взято | 🗑️ 670 мусор
2026-06-01 23:26:15,781 | INFO     |   → 826/901: ✅ 86 взято | 🗑️ 476 мусор
2026-06-01 23:26:15,781 | INFO     |   → 827/901: ✅ 95 взято | 🗑️ 657 мусор
2026-06-01 23:26:15,781 | INFO     |   → 828/901: ✅ 105 взято | 🗑️ 645 мусор
2026-06-01 23:26:15,781 | INFO     |   → 829/901: ✅ 115 взято | 🗑️ 985 мусор
2026-06-01 23:26:15,781 | INFO     |   → 830/901: ✅ 3 взято | 🗑️ 63 мусор
2026-06-01 23:26:15,781 | INFO     |   → 831/901: ✅ 3 взято | 🗑️ 62 мусор
2026-06-01 23:26:15,781 | INFO     |   → 832/901: ✅ 13 взято | 🗑️ 489 мусор
2026-06-01 23:26:15,781 | INFO     |   → 833/901: ✅ 0 взято | 🗑️ 0 мусор
2026-06-01 23:26:15,781 | INFO     |   → 834/901: ✅ 0 взято | 🗑️ 0 мусор
2026-06-01 23:26:15,782 | INFO     |   → 835/901: ✅ 0 взято | 🗑️ 0 мусор
2026-06-01 23:26:15,782 | INFO     |   → 836/901: ✅ 0 взято | 🗑️ 0 мусор
2026-06-01 23:26:15,782 | INFO     |   → 837/901: ✅ 0 взято | 🗑️ 0 мусор
2026-06-01 23:26:15,782 | INFO     |   → 838/901: ✅ 0 взято | 🗑️ 0 мусор
2026-06-01 23:26:15,782 | INFO     |   → 839/901: ✅ 0 взято | 🗑️ 52 мусор
2026-06-01 23:26:15,782 | INFO     |   → 840/901: ✅ 5 взято | 🗑️ 10 мусор
2026-06-01 23:26:15,782 | INFO     |   → 841/901: ✅ 1 взято | 🗑️ 124 мусор
2026-06-01 23:26:15,782 | INFO     |   → 842/901: ✅ 183 взято | 🗑️ 141 мусор
2026-06-01 23:26:15,782 | INFO     |   → 843/901: ✅ 0 взято | 🗑️ 9 мусор
2026-06-01 23:26:15,782 | INFO     |   → 844/901: ✅ 4 взято | 🗑️ 2081 мусор
2026-06-01 23:26:15,782 | INFO     |   → 845/901: ✅ 0 взято | 🗑️ 2058 мусор
2026-06-01 23:26:15,782 | INFO     |   → 846/901: ✅ 0 взято | 🗑️ 16 мусор
2026-06-01 23:26:15,782 | INFO     |   → 847/901: ✅ 0 взято | 🗑️ 0 мусор
2026-06-01 23:26:15,782 | INFO     |   → 848/901: ✅ 0 взято | 🗑️ 2081 мусор
2026-06-01 23:26:15,782 | INFO     |   → 849/901 ❌ HTTP 404 — https://raw.githubusercontent.com/xiaozhu2007/xiaozhu2007/61a755a044dbaeea678bc2d1e20f21a21c6d7170/docs/fxxk.txt
2026-06-01 23:26:15,782 | INFO     |   → 850/901: ✅ 0 взято | 🗑️ 159 мусор
2026-06-01 23:26:15,782 | INFO     |   → 851/901: ✅ 0 взято | 🗑️ 22 мусор
2026-06-01 23:26:15,782 | INFO     |   → 852/901: ✅ 0 взято | 🗑️ 0 мусор
2026-06-01 23:26:15,782 | INFO     |   → 853/901 ❌ HTTP 404 — https://raw.githubusercontent.com/yebekhe/TVC/0f745f92bf381e505f1245abbc7c145b19b11503/config.txt
2026-06-01 23:26:15,782 | INFO     |   → 854/901 ❌ HTTP 404 — https://raw.githubusercontent.com/yebekhe/TVC/9fac69239c69327fb7a61f5a8d79d107133889e1/lite/config.txt
2026-06-01 23:26:15,782 | INFO     |   → 855/901 ❌ HTTP 404 — https://raw.githubusercontent.com/yebekhe/TelegramV2rayCollector/main/sub/normal/donated
2026-06-01 23:26:15,782 | INFO     |   → 856/901 ❌ HTTP 404 — https://raw.githubusercontent.com/yebekhe/TelegramV2rayCollector/main/sub/normal/hysteria2
2026-06-01 23:26:15,782 | INFO     |   → 857/901 ❌ HTTP 404 — https://raw.githubusercontent.com/yebekhe/TelegramV2rayCollector/main/sub/normal/mix
2026-06-01 23:26:15,782 | INFO     |   → 858/901 ❌ HTTP 404 — https://raw.githubusercontent.com/yebekhe/TelegramV2rayCollector/main/sub/normal/reality
2026-06-01 23:26:15,782 | INFO     |   → 859/901 ❌ HTTP 404 — https://raw.githubusercontent.com/yebekhe/TelegramV2rayCollector/main/sub/normal/shadowsocks
2026-06-01 23:26:15,782 | INFO     |   → 860/901 ❌ HTTP 404 — https://raw.githubusercontent.com/yebekhe/TelegramV2rayCollector/main/sub/normal/trojan
2026-06-01 23:26:15,782 | INFO     |   → 861/901 ❌ HTTP 404 — https://raw.githubusercontent.com/yebekhe/TelegramV2rayCollector/main/sub/normal/tuic
2026-06-01 23:26:15,782 | INFO     |   → 862/901 ❌ HTTP 404 — https://raw.githubusercontent.com/yebekhe/TelegramV2rayCollector/main/sub/normal/vless
2026-06-01 23:26:15,782 | INFO     |   → 863/901 ❌ HTTP 404 — https://raw.githubusercontent.com/yebekhe/TelegramV2rayCollector/main/sub/normal/vmess
2026-06-01 23:26:15,782 | INFO     |   → 864/901 ❌ HTTP 404 — https://raw.githubusercontent.com/yebekhe/V2Hub/main/Split/Normal/shadowsocks
2026-06-01 23:26:15,782 | INFO     |   → 865/901 ❌ HTTP 404 — https://raw.githubusercontent.com/yebekhe/V2Hub/main/merged
2026-06-01 23:26:15,782 | INFO     |   → 866/901: ✅ 0 взято | 🗑️ 30 мусор
2026-06-01 23:26:15,782 | INFO     |   → 867/901: ✅ 926 взято | 🗑️ 8168 мусор
2026-06-01 23:26:15,783 | INFO     |   → 868/901: ✅ 0 взято | 🗑️ 8168 мусор
2026-06-01 23:26:15,783 | INFO     |   → 869/901: ✅ 8 взято | 🗑️ 366 мусор
2026-06-01 23:26:15,783 | INFO     |   → 870/901: ✅ 12 взято | 🗑️ 340 мусор
2026-06-01 23:26:15,783 | INFO     |   → 871/901: ✅ 250 взято | 🗑️ 317 мусор
2026-06-01 23:26:15,783 | INFO     |   → 872/901: ✅ 114 взято | 🗑️ 1470 мусор
2026-06-01 23:26:15,783 | INFO     |   → 873/901: ✅ 1 взято | 🗑️ 394 мусор
2026-06-01 23:26:15,783 | INFO     |   → 874/901 ❌ HTTP 404 — https://raw.githubusercontent.com/yyyr-otz/tele-providers-collector/019cb3e07ee52fddbc7caa54fc670c6b9bae6539/sub/proxies.txt
2026-06-01 23:26:15,783 | INFO     |   → 875/901 ❌ HTTP 404 — https://raw.githubusercontent.com/yyyr-otz/tele-providers-collector/b7a74ee98bcf02c5a507d688a1bed3aa9f7f4ed1/script/raw/protocols/mixed.txt
2026-06-01 23:26:15,783 | INFO     |   → 876/901: ✅ 0 взято | 🗑️ 0 мусор
2026-06-01 23:26:15,783 | INFO     |   → 877/901: ✅ 0 взято | 🗑️ 0 мусор
2026-06-01 23:26:15,783 | INFO     |   → 878/901: ✅ 0 взято | 🗑️ 18 мусор
2026-06-01 23:26:15,783 | INFO     |   → 879/901: ✅ 429 взято | 🗑️ 13 мусор
2026-06-01 23:26:15,783 | INFO     |   → 880/901: ✅ 0 взято | 🗑️ 23 мусор
2026-06-01 23:26:15,783 | INFO     |   → 881/901: ✅ 0 взято | 🗑️ 5 мусор
2026-06-01 23:26:15,783 | INFO     |   → 882/901: ✅ 0 взято | 🗑️ 0 мусор
2026-06-01 23:26:15,783 | INFO     |   → 883/901 ⚠️ Ошибка: ('Connection aborted.', RemoteDisconnected('Remote end closed connection without response')) — https://sub.pmsub.me/clash.yaml
2026-06-01 23:26:15,783 | INFO     |   → 884/901: ✅ 0 взято | 🗑️ 0 мусор
2026-06-01 23:26:15,783 | INFO     |   → 885/901: ✅ 0 взято | 🗑️ 0 мусор
2026-06-01 23:26:15,783 | INFO     |   → 886/901: ✅ 0 взято | 🗑️ 0 мусор
2026-06-01 23:26:15,783 | INFO     |   → 887/901: ✅ 0 взято | 🗑️ 0 мусор
2026-06-01 23:26:15,783 | INFO     |   → 888/901: ✅ 0 взято | 🗑️ 0 мусор
2026-06-01 23:26:15,783 | INFO     |   → 889/901: ✅ 0 взято | 🗑️ 0 мусор
2026-06-01 23:26:15,783 | INFO     |   → 890/901: ✅ 0 взято | 🗑️ 0 мусор
2026-06-01 23:26:15,783 | INFO     |   → 891/901: ✅ 0 взято | 🗑️ 1 мусор
2026-06-01 23:26:15,783 | INFO     |   → 892/901: ✅ 7 взято | 🗑️ 12 мусор
2026-06-01 23:26:15,783 | INFO     |   → 893/901: ✅ 0 взято | 🗑️ 0 мусор
2026-06-01 23:26:15,783 | INFO     |   → 894/901: ✅ 0 взято | 🗑️ 7 мусор
2026-06-01 23:26:15,783 | INFO     |   → 895/901: ✅ 0 взято | 🗑️ 0 мусор
2026-06-01 23:26:15,783 | INFO     |   → 896/901: ✅ 5 взято | 🗑️ 8 мусор
2026-06-01 23:26:15,783 | INFO     |   → 897/901: ✅ 0 взято | 🗑️ 0 мусор
2026-06-01 23:26:15,783 | INFO     |   → 898/901: ✅ 9 взято | 🗑️ 12 мусор
2026-06-01 23:26:15,783 | INFO     |   → 899/901: ✅ 0 взято | 🗑️ 0 мусор
2026-06-01 23:26:15,784 | INFO     |   → 900/901 ⚠️ Ошибка: HTTPSConnectionPool(host='v2rayshare.githubrowcontent.com', port=443): Max retries exceeded with url: /%7BYYYY%7D/%7BMM%7D/%7BYYYY%7D%7BMM%7D%7BDD%7D.txt (Caused by NameResolutionError("HTTPSConnection(host='v2rayshare.githubrowcontent.com', port=443): Failed to resolve 'v2rayshare.githubrowcontent.com' ([Errno -2] Name or service not known)")) — https://v2rayshare.githubrowcontent.com/{YYYY}/{MM}/{YYYY}{MM}{DD}.txt
2026-06-01 23:26:15,784 | INFO     |   → 901/901: ✅ 1 взято | 🗑️ 24 мусор
2026-06-01 23:26:15,784 | INFO     |   → 📡 С sstap.org получено 0 ключей
2026-06-01 23:26:15,784 | INFO     |   → 📡 С sstap.org не добавлено ни одного ключа (все 0 отклонены фильтром)
2026-06-01 23:26:15,784 | INFO     |   → ✅ ГОТОВО!
2026-06-01 23:26:15,784 | INFO     |   →    📥 Всего ключей после фильтра: 67623
2026-06-01 23:26:15,784 | INFO     |   →    🔗 Уникальных IP:PORT:SCHEME: 24122
2026-06-01 23:26:15,784 | INFO     |   →    🗑️ Выброшено мусора: 1073988
2026-06-01 23:26:15,784 | INFO     |   → 📊 По протоколам:
2026-06-01 23:26:15,784 | INFO     |   →    vless: 10046
2026-06-01 23:26:15,784 | INFO     |   →    vmess: 4663
2026-06-01 23:26:15,784 | INFO     |   →    trojan: 3939
2026-06-01 23:26:15,784 | INFO     |   →    ss: 5277
2026-06-01 23:26:15,784 | INFO     |   →    hysteria: 17
2026-06-01 23:26:15,784 | INFO     |   →    hysteria2: 65
2026-06-01 23:26:15,784 | INFO     |   →    hy2: 62
2026-06-01 23:26:15,784 | INFO     |   →    tuic: 53
2026-06-01 23:26:15,784 | INFO     | ✅ mirror.py завершён успешно
2026-06-01 23:26:15,784 | INFO     | 
2026-06-01 23:26:15,784 | INFO     | 
2026-06-01 23:26:15,784 | INFO     | ──────────────────────────────────────────────────────────────────────
2026-06-01 23:26:15,784 | INFO     | 📌 ЭТАП: Генерация 50 уникальных CF-VLESS
2026-06-01 23:26:15,784 | INFO     | ──────────────────────────────────────────────────────────────────────
2026-06-01 23:26:15,784 | INFO     | 🚀 Запуск generate_cf_vless.py (50 новых CF-VLESS)...
2026-06-01 23:26:15,970 | INFO     |   → === Генератор свежих VLESS-конфигов на IP Cloudflare ===
2026-06-01 23:26:15,970 | INFO     |   → ✅ Сгенерировано и сохранено 50 VLESS-конфигов.
2026-06-01 23:26:15,970 | INFO     |   → 📂 Файл: /home/runner/work/vpn-vless-configs-russia/vpn-vless-configs-russia/data/githubmirror/new/cf_fresh.txt
2026-06-01 23:26:15,970 | INFO     | ✅ generate_cf_vless.py завершён успешно
2026-06-01 23:26:15,970 | INFO     | 
2026-06-01 23:26:15,970 | INFO     | 
2026-06-01 23:26:15,970 | INFO     | ──────────────────────────────────────────────────────────────────────
2026-06-01 23:26:15,970 | INFO     | 📌 ЭТАП: Слияние CF с основным списком
2026-06-01 23:26:15,970 | INFO     | ──────────────────────────────────────────────────────────────────────
2026-06-01 23:26:16,091 | INFO     | 🔄 Добавлено 48 новых CF-VLESS в /home/runner/work/vpn-vless-configs-russia/vpn-vless-configs-russia/data/githubmirror/clean/vless.txt
2026-06-01 23:26:16,091 | INFO     | 📊 Всего в clean/vless.txt теперь: 10094
2026-06-01 23:26:16,093 | INFO     | 
2026-06-01 23:26:16,093 | INFO     | 
2026-06-01 23:26:16,093 | INFO     | ──────────────────────────────────────────────────────────────────────
2026-06-01 23:26:16,093 | INFO     | 📌 ЭТАП: Фильтрация по реальному SNI
2026-06-01 23:26:16,093 | INFO     | ──────────────────────────────────────────────────────────────────────
2026-06-01 23:26:16,093 | INFO     | 🚀 Запуск filter_ru_sni.py (Фильтр по реальному SNI (CDN+RU))...
2026-06-01 23:26:16,639 | INFO     |   → hy2.txt: 62 → 19 (SNI-filtered)
2026-06-01 23:26:16,639 | INFO     |   →   hysteria.txt: 17 → 0 (SNI-filtered)
2026-06-01 23:26:16,639 | INFO     |   →   hysteria2.txt: 65 → 3 (SNI-filtered)
2026-06-01 23:26:16,639 | INFO     |   →   ss.txt: 5277 → 364 (SNI-filtered)
2026-06-01 23:26:16,639 | INFO     |   →   trojan.txt: 3939 → 16 (SNI-filtered)
2026-06-01 23:26:16,639 | INFO     |   →   tuic.txt: 53 → 0 (SNI-filtered)
2026-06-01 23:26:16,639 | INFO     |   →   vless.txt: 10094 → 1774 (SNI-filtered)
2026-06-01 23:26:16,639 | INFO     |   →   vmess.txt: 4663 → 54 (SNI-filtered)
2026-06-01 23:26:16,639 | INFO     |   → ==================================================
2026-06-01 23:26:16,639 | INFO     |   →   Всего входных:  24170
2026-06-01 23:26:16,639 | INFO     |   →   Прошли фильтр:  2230
2026-06-01 23:26:16,639 | INFO     |   →   Отброшено:      21940
2026-06-01 23:26:16,639 | INFO     |   → ==================================================
2026-06-01 23:26:16,639 | INFO     |   → Готово → /home/runner/work/vpn-vless-configs-russia/vpn-vless-configs-russia/data/githubmirror/ru-sni
2026-06-01 23:26:16,639 | INFO     | ✅ filter_ru_sni.py завершён успешно
2026-06-01 23:26:16,639 | INFO     | 
2026-06-01 23:26:16,639 | INFO     | 
2026-06-01 23:26:16,639 | INFO     | ──────────────────────────────────────────────────────────────────────
2026-06-01 23:26:16,639 | INFO     | 📌 ЭТАП: Экспериментальный RU-SNI фильтр
2026-06-01 23:26:16,640 | INFO     | ──────────────────────────────────────────────────────────────────────
2026-06-01 23:26:16,640 | INFO     | 🚀 Запуск filter_ru_sni_local.py (Экспериментальный фильтр по RU-SNI)...
2026-06-01 23:26:17,001 | INFO     |   → hy2.txt: 62 → 0 (RU-SNI)
2026-06-01 23:26:17,001 | INFO     |   → hysteria.txt: 17 → 0 (RU-SNI)
2026-06-01 23:26:17,001 | INFO     |   → hysteria2.txt: 65 → 0 (RU-SNI)
2026-06-01 23:26:17,001 | INFO     |   → ss.txt: 5277 → 84 (RU-SNI)
2026-06-01 23:26:17,001 | INFO     |   → trojan.txt: 3939 → 0 (RU-SNI)
2026-06-01 23:26:17,001 | INFO     |   → tuic.txt: 53 → 0 (RU-SNI)
2026-06-01 23:26:17,001 | INFO     |   → vless.txt: 10094 → 767 (RU-SNI)
2026-06-01 23:26:17,001 | INFO     |   → vmess.txt: 4663 → 0 (RU-SNI)
2026-06-01 23:26:17,001 | INFO     |   → ==================================================
2026-06-01 23:26:17,001 | INFO     |   → Всего входных:  24170
2026-06-01 23:26:17,002 | INFO     |   → Прошли RU-SNI:  851
2026-06-01 23:26:17,002 | INFO     |   → Отброшено:      23319
2026-06-01 23:26:17,002 | INFO     |   → ==================================================
2026-06-01 23:26:17,002 | INFO     |   → Готово → /home/runner/work/vpn-vless-configs-russia/vpn-vless-configs-russia/data/githubmirror/ru-sni-local
2026-06-01 23:26:17,002 | INFO     | ✅ filter_ru_sni_local.py завершён успешно
2026-06-01 23:26:17,002 | INFO     | 
2026-06-01 23:26:17,002 | INFO     | 
2026-06-01 23:26:17,002 | INFO     | ──────────────────────────────────────────────────────────────────────
2026-06-01 23:26:17,002 | INFO     | 📌 ЭТАП: Сбор статистики
2026-06-01 23:26:17,002 | INFO     | ──────────────────────────────────────────────────────────────────────
2026-06-01 23:26:17,002 | INFO     | 📊 Сбор статистики...
2026-06-01 23:26:17,002 | INFO     |   📁 githubmirror/clean:
2026-06-01 23:26:17,002 | INFO     |     • hy2         :    62 конфигов
2026-06-01 23:26:17,002 | INFO     |     • hysteria    :    17 конфигов
2026-06-01 23:26:17,002 | INFO     |     • hysteria2   :    65 конфигов
2026-06-01 23:26:17,006 | INFO     |     • ss          :  5277 конфигов
2026-06-01 23:26:17,009 | INFO     |     • trojan      :  3939 конфигов
2026-06-01 23:26:17,009 | INFO     |     • tuic        :    53 конфигов
2026-06-01 23:26:17,018 | INFO     |     • vless       : 10094 конфигов
2026-06-01 23:26:17,022 | INFO     |     • vmess       :  4663 конфигов
2026-06-01 23:26:17,022 | INFO     |   📁 githubmirror/ru-sni:
2026-06-01 23:26:17,022 | INFO     |     • hy2         :    19 конфигов ( 30.6% от clean)
2026-06-01 23:26:17,023 | INFO     |     • hysteria    :     0 конфигов (  0.0% от clean)
2026-06-01 23:26:17,023 | INFO     |     • hysteria2   :     3 конфигов (  4.6% от clean)
2026-06-01 23:26:17,023 | INFO     |     • ss          :   364 конфигов (  6.9% от clean)
2026-06-01 23:26:17,023 | INFO     |     • trojan      :    16 конфигов (  0.4% от clean)
2026-06-01 23:26:17,024 | INFO     |     • tuic        :     0 конфигов (  0.0% от clean)
2026-06-01 23:26:17,026 | INFO     |     • vless       :  1774 конфигов ( 17.6% от clean)
2026-06-01 23:26:17,026 | INFO     |     • vmess       :    54 конфигов (  1.2% от clean)
2026-06-01 23:26:17,026 | INFO     |   ✨ Новых CF-VLESS в этом запуске: 50
2026-06-01 23:26:17,026 | INFO     | 
2026-06-01 23:26:17,026 | INFO     |   ──────────────────────────────────────────────────
2026-06-01 23:26:17,026 | INFO     |   📈 ИТОГО:
2026-06-01 23:26:17,026 | INFO     |     Clean (после geo-фильтра):    24170
2026-06-01 23:26:17,026 | INFO     |     RU-SNI (после SNI-фильтра):    2230
2026-06-01 23:26:17,026 | INFO     |     Прошло фильтр:                  9.2%
2026-06-01 23:26:17,026 | INFO     |   ──────────────────────────────────────────────────
2026-06-01 23:26:17,027 | INFO     | ✅ Статистика сохранена: /home/runner/work/vpn-vless-configs-russia/vpn-vless-configs-russia/data/stats.json
2026-06-01 23:26:17,027 | INFO     | 
2026-06-01 23:26:17,027 | INFO     | ======================================================================
2026-06-01 23:26:17,027 | INFO     | 📊 ИТОГОВЫЙ ОТЧЁТ
2026-06-01 23:26:17,027 | INFO     | ======================================================================
2026-06-01 23:26:17,027 | INFO     |   ✅ OK         | Загрузка и geo-фильтрация
2026-06-01 23:26:17,027 | INFO     |   ✅ OK         | Генерация 50 уникальных CF-VLESS
2026-06-01 23:26:17,027 | INFO     |   ✅ OK         | Слияние CF с основным списком
2026-06-01 23:26:17,027 | INFO     |   ✅ OK         | Фильтрация по реальному SNI
2026-06-01 23:26:17,027 | INFO     |   ✅ OK         | Экспериментальный RU-SNI фильтр
2026-06-01 23:26:17,027 | INFO     |   ✅ OK         | Сбор статистики
2026-06-01 23:26:17,027 | INFO     | ──────────────────────────────────────────────────────────────────────
2026-06-01 23:26:17,027 | INFO     | ✅ ВСЕ ЭТАПЫ УСПЕШНЫ (6/6)
2026-06-01 23:26:17,027 | INFO     | ⏰ Время завершения: 2026-06-01 23:26:17
2026-06-01 23:26:17,027 | INFO     | ======================================================================
