2026-06-01 15:50:42,065 | INFO     | ======================================================================
2026-06-01 15:50:42,065 | INFO     | 🔍 VPN KEY CHECKER - Начало проверки
2026-06-01 15:50:42,065 | INFO     | ⏰ Время старта: 2026-06-01 15:50:42
2026-06-01 15:50:42,065 | INFO     | 📂 Рабочая директория: /home/runner/work/vpn-vless-configs-russia/vpn-vless-configs-russia
2026-06-01 15:50:42,065 | INFO     | ======================================================================
2026-06-01 15:50:42,065 | INFO     | 
2026-06-01 15:50:42,065 | INFO     | 🔍 Проверка наличия скриптов...
2026-06-01 15:50:42,065 | INFO     |   ✅ mirror.py
2026-06-01 15:50:42,065 | INFO     |   ✅ generate_cf_vless.py
2026-06-01 15:50:42,065 | INFO     |   ✅ filter_ru_sni.py
2026-06-01 15:50:42,065 | INFO     |   ✅ filter_ru_sni_local.py
2026-06-01 15:50:42,065 | INFO     | 
2026-06-01 15:50:42,065 | INFO     | ──────────────────────────────────────────────────────────────────────
2026-06-01 15:50:42,065 | INFO     | 📌 ЭТАП: Загрузка и geo-фильтрация
2026-06-01 15:50:42,065 | INFO     | ──────────────────────────────────────────────────────────────────────
2026-06-01 15:50:42,065 | INFO     | 🚀 Запуск mirror.py (Загрузка и фильтрация по РФ/СНГ/Европа)...
2026-06-01 15:52:12,911 | INFO     |   → DEBUG: mirror.py started
2026-06-01 15:52:12,911 | INFO     |   → DEBUG: BASE_PATH = /home/runner/work/vpn-vless-configs-russia/vpn-vless-configs-russia
2026-06-01 15:52:12,911 | INFO     |   → DEBUG: CONFIG_SOURCES_FILE = /home/runner/work/vpn-vless-configs-russia/vpn-vless-configs-russia/data/config_sources.json
2026-06-01 15:52:12,911 | INFO     |   → 📂 Загружено 899 источников из /home/runner/work/vpn-vless-configs-russia/vpn-vless-configs-russia/data/config_sources.json
2026-06-01 15:52:12,911 | INFO     |   → 🚀 Старт: всего источников: 899
2026-06-01 15:52:12,911 | INFO     |   → 1/899: ✅ 0 взято | 🗑️ 0 мусор
2026-06-01 15:52:12,911 | INFO     |   → 2/899: ✅ 13 взято | 🗑️ 242 мусор
2026-06-01 15:52:12,911 | INFO     |   → 3/899 ⚠️ Ошибка: HTTPSConnectionPool(host='a.nodeshare.xyz', port=443): Max retries exceeded with url: /uploads/%7BYYYY%7D/%7BM%7D/%7BYYYY%7D%7BMM%7D%7BDD%7D.txt (Caused by SSLError(SSLError(1, '[SSL: TLSV1_UNRECOGNIZED_NAME] tlsv1 unrecognized name (_ssl.c:1016)'))) — https://a.nodeshare.xyz/uploads/{YYYY}/{M}/{YYYY}{MM}{DD}.txt
2026-06-01 15:52:12,912 | INFO     |   → 4/899: ✅ 0 взято | 🗑️ 0 мусор
2026-06-01 15:52:12,912 | INFO     |   → 5/899 ❌ HTTP 404 — https://bitbucket.org/huwo1/proxy_nodes/raw/f31ca9ec67b84071515729ff45b011b6b09c10f2/clash.yaml
2026-06-01 15:52:12,912 | INFO     |   → 6/899 ❌ HTTP 404 — https://cdn.jsdelivr.net/gh/cry0ice/genode@main/public/all.txt
2026-06-01 15:52:12,912 | INFO     |   → 7/899 ❌ HTTP 404 — https://cdn.jsdelivr.net/gh/cry0ice/genode@main/public/ss.txt
2026-06-01 15:52:12,912 | INFO     |   → 8/899 ❌ HTTP 404 — https://cdn.jsdelivr.net/gh/cry0ice/genode@main/public/ssr.txt
2026-06-01 15:52:12,912 | INFO     |   → 9/899 ❌ HTTP 404 — https://cdn.jsdelivr.net/gh/cry0ice/genode@main/public/trojan.txt
2026-06-01 15:52:12,912 | INFO     |   → 10/899 ❌ HTTP 404 — https://cdn.jsdelivr.net/gh/cry0ice/genode@main/public/vless.txt
2026-06-01 15:52:12,912 | INFO     |   → 11/899 ❌ HTTP 404 — https://cdn.jsdelivr.net/gh/cry0ice/genode@main/public/vmess.txt
2026-06-01 15:52:12,912 | INFO     |   → 12/899: ✅ 0 взято | 🗑️ 0 мусор
2026-06-01 15:52:12,912 | INFO     |   → 13/899: ✅ 0 взято | 🗑️ 0 мусор
2026-06-01 15:52:12,912 | INFO     |   → 14/899: ✅ 0 взято | 🗑️ 0 мусор
2026-06-01 15:52:12,912 | INFO     |   → 15/899: ✅ 0 взято | 🗑️ 0 мусор
2026-06-01 15:52:12,912 | INFO     |   → 16/899: ✅ 0 взято | 🗑️ 0 мусор
2026-06-01 15:52:12,912 | INFO     |   → 17/899: ✅ 0 взято | 🗑️ 0 мусор
2026-06-01 15:52:12,912 | INFO     |   → 18/899 ❌ HTTP 404 — https://free.datiya.com/uploads/{YYYY}{MM}{DD}-v2ray.txt
2026-06-01 15:52:12,912 | INFO     |   → 19/899 ❌ HTTP 404 — https://freessrnode.github.io/uploads/2024/08/0-20240822.txt
2026-06-01 15:52:12,912 | INFO     |   → 20/899 ❌ HTTP 404 — https://freessrnode.github.io/uploads/2024/08/1-20240822.txt
2026-06-01 15:52:12,912 | INFO     |   → 21/899 ❌ HTTP 404 — https://freessrnode.github.io/uploads/2024/08/2-20240822.txt
2026-06-01 15:52:12,912 | INFO     |   → 22/899 ❌ HTTP 404 — https://freessrnode.github.io/uploads/2024/08/3-20240822.txt
2026-06-01 15:52:12,912 | INFO     |   → 23/899 ❌ HTTP 404 — https://freessrnode.github.io/uploads/2024/08/4-20240822.txt
2026-06-01 15:52:12,912 | INFO     |   → 24/899 ⚠️ Ошибка: HTTPSConnectionPool(host='freevpnspy.githubrowcontent.com', port=443): Max retries exceeded with url: /2024/08/20240802_novless.yaml (Caused by NameResolutionError("HTTPSConnection(host='freevpnspy.githubrowcontent.com', port=443): Failed to resolve 'freevpnspy.githubrowcontent.com' ([Errno -2] Name or service not known)")) — https://freevpnspy.githubrowcontent.com/2024/08/20240802_novless.yaml
2026-06-01 15:52:12,912 | INFO     |   → 25/899 ⚠️ Ошибка: HTTPSConnectionPool(host='freevpnspy.githubrowcontent.com', port=443): Max retries exceeded with url: /2024/08/20240802_vless.yaml (Caused by NameResolutionError("HTTPSConnection(host='freevpnspy.githubrowcontent.com', port=443): Failed to resolve 'freevpnspy.githubrowcontent.com' ([Errno -2] Name or service not known)")) — https://freevpnspy.githubrowcontent.com/2024/08/20240802_vless.yaml
2026-06-01 15:52:12,912 | INFO     |   → 26/899: ✅ 0 взято | 🗑️ 0 мусор
2026-06-01 15:52:12,912 | INFO     |   → 27/899: ✅ 0 взято | 🗑️ 0 мусор
2026-06-01 15:52:12,912 | INFO     |   → 28/899: ✅ 14 взято | 🗑️ 125 мусор
2026-06-01 15:52:12,912 | INFO     |   → 29/899: ✅ 2 взято | 🗑️ 105 мусор
2026-06-01 15:52:12,912 | INFO     |   → 30/899 ❌ HTTP 404 — https://github.com/Epodonios/bulk-xray-v2ray-vless-vmess-...-configs/raw/main/sub/Albania/config.txt
2026-06-01 15:52:12,912 | INFO     |   → 31/899 ❌ HTTP 404 — https://github.com/Epodonios/bulk-xray-v2ray-vless-vmess-...-configs/raw/main/sub/Cura%C3%A7ao/config.txt
2026-06-01 15:52:12,912 | INFO     |   → 32/899 ❌ HTTP 404 — https://github.com/Epodonios/bulk-xray-v2ray-vless-vmess-...-configs/raw/main/sub/Finland/config.txt
2026-06-01 15:52:12,912 | INFO     |   → 33/899 ❌ HTTP 404 — https://github.com/Epodonios/bulk-xray-v2ray-vless-vmess-...-configs/raw/main/sub/Iran/config.txt
2026-06-01 15:52:12,912 | INFO     |   → 34/899 ❌ HTTP 404 — https://github.com/Epodonios/bulk-xray-v2ray-vless-vmess-...-configs/raw/main/sub/Netherlands/config.txt
2026-06-01 15:52:12,912 | INFO     |   → 35/899 ❌ HTTP 404 — https://github.com/Epodonios/bulk-xray-v2ray-vless-vmess-...-configs/raw/main/sub/Norway/config.txt
2026-06-01 15:52:12,912 | INFO     |   → 36/899 ❌ HTTP 404 — https://github.com/Epodonios/bulk-xray-v2ray-vless-vmess-...-configs/raw/main/sub/Russia/config.txt
2026-06-01 15:52:12,912 | INFO     |   → 37/899: ✅ 13 взято | 🗑️ 70 мусор
2026-06-01 15:52:12,913 | INFO     |   → 38/899: ✅ 0 взято | 🗑️ 4 мусор
2026-06-01 15:52:12,913 | INFO     |   → 39/899: ✅ 0 взято | 🗑️ 7 мусор
2026-06-01 15:52:12,913 | INFO     |   → 40/899: ✅ 0 взято | 🗑️ 51 мусор
2026-06-01 15:52:12,913 | INFO     |   → 41/899: ✅ 0 взято | 🗑️ 8 мусор
2026-06-01 15:52:12,913 | INFO     |   → 42/899: ✅ 0 взято | 🗑️ 0 мусор
2026-06-01 15:52:12,913 | INFO     |   → 43/899: ✅ 17 взято | 🗑️ 119 мусор
2026-06-01 15:52:12,913 | INFO     |   → 44/899 ❌ HTTP 404 — https://github.com/MrMohebi/xray-proxy-grabber-telegram/raw/master/collected-proxies/clash-meta/all.yaml
2026-06-01 15:52:12,913 | INFO     |   → 45/899 ❌ HTTP 404 — https://github.com/MrMohebi/xray-proxy-grabber-telegram/raw/master/collected-proxies/row-url/all.txt
2026-06-01 15:52:12,913 | INFO     |   → 46/899: ✅ 0 взято | 🗑️ 0 мусор
2026-06-01 15:52:12,913 | INFO     |   → 47/899: ✅ 0 взято | 🗑️ 113 мусор
2026-06-01 15:52:12,913 | INFO     |   → 48/899: ✅ 0 взято | 🗑️ 119 мусор
2026-06-01 15:52:12,913 | INFO     |   → 49/899: ✅ 0 взято | 🗑️ 0 мусор
2026-06-01 15:52:12,913 | INFO     |   → 50/899: ✅ 0 взято | 🗑️ 0 мусор
2026-06-01 15:52:12,913 | INFO     |   → 51/899: ✅ 0 взято | 🗑️ 0 мусор
2026-06-01 15:52:12,913 | INFO     |   → 52/899: ✅ 0 взято | 🗑️ 0 мусор
2026-06-01 15:52:12,913 | INFO     |   → 53/899: ✅ 0 взято | 🗑️ 0 мусор
2026-06-01 15:52:12,913 | INFO     |   → 54/899: ✅ 0 взято | 🗑️ 0 мусор
2026-06-01 15:52:12,913 | INFO     |   → 55/899: ✅ 0 взято | 🗑️ 0 мусор
2026-06-01 15:52:12,913 | INFO     |   → 56/899 ❌ HTTP 404 — https://github.com/mermeroo/V2RAY-FREE/raw/main/All_Configs_base64_Sub.txt
2026-06-01 15:52:12,913 | INFO     |   → 57/899 ❌ HTTP 404 — https://github.com/mermeroo/V2RAY-FREE/raw/main/Base64/Sub1_base64.txt
2026-06-01 15:52:12,913 | INFO     |   → 58/899 ❌ HTTP 404 — https://github.com/mermeroo/V2RAY-FREE/raw/main/Base64/Sub2_base64.txt
2026-06-01 15:52:12,913 | INFO     |   → 59/899 ❌ HTTP 404 — https://github.com/mermeroo/V2RAY-FREE/raw/main/Base64/Sub3_base64.txt
2026-06-01 15:52:12,913 | INFO     |   → 60/899 ❌ HTTP 404 — https://github.com/mermeroo/V2RAY-FREE/raw/main/Base64/Sub4_base64.txt
2026-06-01 15:52:12,913 | INFO     |   → 61/899 ❌ HTTP 404 — https://github.com/mermeroo/V2RAY-FREE/raw/main/Base64/Sub5_base64.txt
2026-06-01 15:52:12,913 | INFO     |   → 62/899 ❌ HTTP 404 — https://github.com/mermeroo/telegram-configs-collector/raw/main/protocols/hysteria
2026-06-01 15:52:12,913 | INFO     |   → 63/899 ❌ HTTP 404 — https://github.com/mermeroo/telegram-configs-collector/raw/main/protocols/juicity
2026-06-01 15:52:12,913 | INFO     |   → 64/899 ❌ HTTP 404 — https://github.com/mermeroo/telegram-configs-collector/raw/main/protocols/tuic
2026-06-01 15:52:12,913 | INFO     |   → 65/899: ✅ 5 взято | 🗑️ 16 мусор
2026-06-01 15:52:12,913 | INFO     |   → 66/899: ✅ 0 взято | 🗑️ 0 мусор
2026-06-01 15:52:12,913 | INFO     |   → 67/899: ✅ 0 взято | 🗑️ 0 мусор
2026-06-01 15:52:12,913 | INFO     |   → 68/899 ❌ HTTP 403 — https://gitlab.com/colloq168/nodefiltrate/-/raw/main/filtrate?ref_type=heads
2026-06-01 15:52:12,913 | INFO     |   → 69/899: ✅ 0 взято | 🗑️ 0 мусор
2026-06-01 15:52:12,913 | INFO     |   → 70/899: ✅ 0 взято | 🗑️ 103 мусор
2026-06-01 15:52:12,913 | INFO     |   → 71/899: ✅ 0 взято | 🗑️ 0 мусор
2026-06-01 15:52:12,913 | INFO     |   → 72/899: ✅ 3 взято | 🗑️ 213 мусор
2026-06-01 15:52:12,913 | INFO     |   → 73/899: ✅ 0 взято | 🗑️ 0 мусор
2026-06-01 15:52:12,913 | INFO     |   → 74/899 ⚠️ Ошибка: HTTPSConnectionPool(host='ivuxy.tech', port=443): Max retries exceeded with url: /v.txt (Caused by NameResolutionError("HTTPSConnection(host='ivuxy.tech', port=443): Failed to resolve 'ivuxy.tech' ([Errno -2] Name or service not known)")) — https://ivuxy.tech/v.txt
2026-06-01 15:52:12,913 | INFO     |   → 75/899 ⚠️ Ошибка: HTTPSConnectionPool(host='mirror.ghproxy.com', port=443): Max retries exceeded with url: /https://raw.githubusercontent.com/Barabama/FreeNodes/master/nodes/blues.txt (Caused by NameResolutionError("HTTPSConnection(host='mirror.ghproxy.com', port=443): Failed to resolve 'mirror.ghproxy.com' ([Errno -2] Name or service not known)")) — https://mirror.ghproxy.com/https://raw.githubusercontent.com/Barabama/FreeNodes/master/nodes/blues.txt
2026-06-01 15:52:12,913 | INFO     |   → 76/899 ⚠️ Ошибка: HTTPSConnectionPool(host='mirror.ghproxy.com', port=443): Max retries exceeded with url: /https://raw.githubusercontent.com/Barabama/FreeNodes/master/nodes/halekj.txt (Caused by NameResolutionError("HTTPSConnection(host='mirror.ghproxy.com', port=443): Failed to resolve 'mirror.ghproxy.com' ([Errno -2] Name or service not known)")) — https://mirror.ghproxy.com/https://raw.githubusercontent.com/Barabama/FreeNodes/master/nodes/halekj.txt
2026-06-01 15:52:12,913 | INFO     |   → 77/899 ⚠️ Ошибка: HTTPSConnectionPool(host='mirror.ghproxy.com', port=443): Max retries exceeded with url: /https://raw.githubusercontent.com/Barabama/FreeNodes/master/nodes/kkzui.txt (Caused by NameResolutionError("HTTPSConnection(host='mirror.ghproxy.com', port=443): Failed to resolve 'mirror.ghproxy.com' ([Errno -2] Name or service not known)")) — https://mirror.ghproxy.com/https://raw.githubusercontent.com/Barabama/FreeNodes/master/nodes/kkzui.txt
2026-06-01 15:52:12,913 | INFO     |   → 78/899 ⚠️ Ошибка: HTTPSConnectionPool(host='mirror.ghproxy.com', port=443): Max retries exceeded with url: /https://raw.githubusercontent.com/Barabama/FreeNodes/master/nodes/merged.txt (Caused by NameResolutionError("HTTPSConnection(host='mirror.ghproxy.com', port=443): Failed to resolve 'mirror.ghproxy.com' ([Errno -2] Name or service not known)")) — https://mirror.ghproxy.com/https://raw.githubusercontent.com/Barabama/FreeNodes/master/nodes/merged.txt
2026-06-01 15:52:12,913 | INFO     |   → 79/899 ⚠️ Ошибка: HTTPSConnectionPool(host='mirror.ghproxy.com', port=443): Max retries exceeded with url: /https://raw.githubusercontent.com/Barabama/FreeNodes/master/nodes/nodefree.txt (Caused by NameResolutionError("HTTPSConnection(host='mirror.ghproxy.com', port=443): Failed to resolve 'mirror.ghproxy.com' ([Errno -2] Name or service not known)")) — https://mirror.ghproxy.com/https://raw.githubusercontent.com/Barabama/FreeNodes/master/nodes/nodefree.txt
2026-06-01 15:52:12,913 | INFO     |   → 80/899 ⚠️ Ошибка: HTTPSConnectionPool(host='mirror.ghproxy.com', port=443): Max retries exceeded with url: /https://raw.githubusercontent.com/Barabama/FreeNodes/master/nodes/openrunner.txt (Caused by NameResolutionError("HTTPSConnection(host='mirror.ghproxy.com', port=443): Failed to resolve 'mirror.ghproxy.com' ([Errno -2] Name or service not known)")) — https://mirror.ghproxy.com/https://raw.githubusercontent.com/Barabama/FreeNodes/master/nodes/openrunner.txt
2026-06-01 15:52:12,913 | INFO     |   → 81/899 ⚠️ Ошибка: HTTPSConnectionPool(host='mirror.ghproxy.com', port=443): Max retries exceeded with url: /https://raw.githubusercontent.com/Barabama/FreeNodes/master/nodes/v2rayshare.txt (Caused by NameResolutionError("HTTPSConnection(host='mirror.ghproxy.com', port=443): Failed to resolve 'mirror.ghproxy.com' ([Errno -2] Name or service not known)")) — https://mirror.ghproxy.com/https://raw.githubusercontent.com/Barabama/FreeNodes/master/nodes/v2rayshare.txt
2026-06-01 15:52:12,913 | INFO     |   → 82/899 ⚠️ Ошибка: HTTPSConnectionPool(host='mirror.ghproxy.com', port=443): Max retries exceeded with url: /https://raw.githubusercontent.com/Barabama/FreeNodes/master/nodes/wenode.txt (Caused by NameResolutionError("HTTPSConnection(host='mirror.ghproxy.com', port=443): Failed to resolve 'mirror.ghproxy.com' ([Errno -2] Name or service not known)")) — https://mirror.ghproxy.com/https://raw.githubusercontent.com/Barabama/FreeNodes/master/nodes/wenode.txt
2026-06-01 15:52:12,913 | INFO     |   → 83/899 ⚠️ Ошибка: HTTPSConnectionPool(host='mirror.ghproxy.com', port=443): Max retries exceeded with url: /https://raw.githubusercontent.com/Barabama/FreeNodes/master/nodes/yudou66.txt (Caused by NameResolutionError("HTTPSConnection(host='mirror.ghproxy.com', port=443): Failed to resolve 'mirror.ghproxy.com' ([Errno -2] Name or service not known)")) — https://mirror.ghproxy.com/https://raw.githubusercontent.com/Barabama/FreeNodes/master/nodes/yudou66.txt
2026-06-01 15:52:12,913 | INFO     |   → 84/899 ❌ HTTP 404 — https://node.freeclashnode.com/uploads/{YYYY}/{MM}/0-{YYYY}{MM}{DD}.txt
2026-06-01 15:52:12,913 | INFO     |   → 85/899 ❌ HTTP 404 — https://node.freeclashnode.com/uploads/{YYYY}/{MM}/1-{YYYY}{MM}{DD}.txt
2026-06-01 15:52:12,913 | INFO     |   → 86/899 ❌ HTTP 404 — https://node.freeclashnode.com/uploads/{YYYY}/{MM}/2-{YYYY}{MM}{DD}.txt
2026-06-01 15:52:12,914 | INFO     |   → 87/899 ❌ HTTP 404 — https://node.freeclashnode.com/uploads/{YYYY}/{MM}/3-{YYYY}{MM}{DD}.txt
2026-06-01 15:52:12,914 | INFO     |   → 88/899 ❌ HTTP 404 — https://node.freeclashnode.com/uploads/{YYYY}/{MM}/4-{YYYY}{MM}{DD}.txt
2026-06-01 15:52:12,914 | INFO     |   → 89/899: ✅ 6 взято | 🗑️ 24 мусор
2026-06-01 15:52:12,914 | INFO     |   → 90/899: ✅ 13 взято | 🗑️ 7 мусор
2026-06-01 15:52:12,914 | INFO     |   → 91/899 ⚠️ Ошибка: HTTPSConnectionPool(host='nodefree.githubrowcontent.com', port=443): Max retries exceeded with url: /%7BYYYY%7D/%7BMM%7D/%7BYYYY%7D%7BMM%7D%7BDD%7D.txt (Caused by NameResolutionError("HTTPSConnection(host='nodefree.githubrowcontent.com', port=443): Failed to resolve 'nodefree.githubrowcontent.com' ([Errno -2] Name or service not known)")) — https://nodefree.githubrowcontent.com/{YYYY}/{MM}/{YYYY}{MM}{DD}.txt
2026-06-01 15:52:12,914 | INFO     |   → 92/899 ⚠️ Ошибка: HTTPSConnectionPool(host='nodefree.githubrowcontent.com', port=443): Max retries exceeded with url: /2024/07/20240705.yaml (Caused by NameResolutionError("HTTPSConnection(host='nodefree.githubrowcontent.com', port=443): Failed to resolve 'nodefree.githubrowcontent.com' ([Errno -2] Name or service not known)")) — https://nodefree.org/dy/2023/08/20230806.yaml
2026-06-01 15:52:12,914 | INFO     |   → 93/899 ⚠️ Ошибка: HTTPSConnectionPool(host='nodefree.githubrowcontent.com', port=443): Max retries exceeded with url: /2024/07/20240705.txt (Caused by NameResolutionError("HTTPSConnection(host='nodefree.githubrowcontent.com', port=443): Failed to resolve 'nodefree.githubrowcontent.com' ([Errno -2] Name or service not known)")) — https://nodefree.org/dy/2023/12/20231221.txt
2026-06-01 15:52:12,914 | INFO     |   → 94/899: ✅ 0 взято | 🗑️ 24 мусор
2026-06-01 15:52:12,914 | INFO     |   → 95/899: ✅ 0 взято | 🗑️ 7 мусор
2026-06-01 15:52:12,914 | INFO     |   → 96/899: ✅ 0 взято | 🗑️ 0 мусор
2026-06-01 15:52:12,914 | INFO     |   → 97/899: ✅ 0 взято | 🗑️ 0 мусор
2026-06-01 15:52:12,914 | INFO     |   → 98/899: ✅ 0 взято | 🗑️ 0 мусор
2026-06-01 15:52:12,914 | INFO     |   → 99/899: ✅ 0 взято | 🗑️ 0 мусор
2026-06-01 15:52:12,914 | INFO     |   → 100/899: ✅ 0 взято | 🗑️ 0 мусор
2026-06-01 15:52:12,914 | INFO     |   → 101/899: ✅ 0 взято | 🗑️ 0 мусор
2026-06-01 15:52:12,914 | INFO     |   → 102/899: ✅ 0 взято | 🗑️ 0 мусор
2026-06-01 15:52:12,914 | INFO     |   → 103/899: ✅ 0 взято | 🗑️ 0 мусор
2026-06-01 15:52:12,914 | INFO     |   → 104/899: ✅ 0 взято | 🗑️ 0 мусор
2026-06-01 15:52:12,914 | INFO     |   → 105/899: ✅ 0 взято | 🗑️ 0 мусор
2026-06-01 15:52:12,914 | INFO     |   → 106/899: ✅ 0 взято | 🗑️ 0 мусор
2026-06-01 15:52:12,914 | INFO     |   → 107/899: ✅ 0 взято | 🗑️ 0 мусор
2026-06-01 15:52:12,914 | INFO     |   → 108/899 ❌ HTTP 404 — https://raw.githubusercontent.com/10ium/MihomoSaz/main/Sublist/shatakvpn.yaml4_Sub.txt
2026-06-01 15:52:12,914 | INFO     |   → 109/899: ✅ 0 взято | 🗑️ 0 мусор
2026-06-01 15:52:12,914 | INFO     |   → 110/899: ✅ 0 взято | 🗑️ 0 мусор
2026-06-01 15:52:12,914 | INFO     |   → 111/899: ✅ 1201 взято | 🗑️ 3162 мусор
2026-06-01 15:52:12,914 | INFO     |   → 112/899: ✅ 4 взято | 🗑️ 470 мусор
2026-06-01 15:52:12,914 | INFO     |   → 113/899: ✅ 851 взято | 🗑️ 2220 мусор
2026-06-01 15:52:12,914 | INFO     |   → 114/899: ✅ 167 взято | 🗑️ 672 мусор
2026-06-01 15:52:12,914 | INFO     |   → 115/899: ✅ 0 взято | 🗑️ 0 мусор
2026-06-01 15:52:12,914 | INFO     |   → 116/899: ✅ 0 взято | 🗑️ 0 мусор
2026-06-01 15:52:12,914 | INFO     |   → 117/899: ✅ 11 взято | 🗑️ 399 мусор
2026-06-01 15:52:12,914 | INFO     |   → 118/899: ✅ 294 взято | 🗑️ 1379 мусор
2026-06-01 15:52:12,914 | INFO     |   → 119/899: ✅ 32 взято | 🗑️ 5 мусор
2026-06-01 15:52:12,914 | INFO     |   → 120/899: ✅ 0 взято | 🗑️ 0 мусор
2026-06-01 15:52:12,914 | INFO     |   → 121/899 ❌ HTTP 404 — https://raw.githubusercontent.com/9Fork/openit/main/Clash.yaml
2026-06-01 15:52:12,914 | INFO     |   → 122/899: ✅ 55 взято | 🗑️ 75 мусор
2026-06-01 15:52:12,914 | INFO     |   → 123/899: ✅ 0 взято | 🗑️ 75 мусор
2026-06-01 15:52:12,914 | INFO     |   → 124/899: ✅ 63 взято | 🗑️ 237 мусор
2026-06-01 15:52:12,914 | INFO     |   → 125/899: ✅ 45 взято | 🗑️ 255 мусор
2026-06-01 15:52:12,914 | INFO     |   → 126/899: ✅ 20 взято | 🗑️ 101 мусор
2026-06-01 15:52:12,914 | INFO     |   → 127/899: ✅ 21 взято | 🗑️ 54 мусор
2026-06-01 15:52:12,914 | INFO     |   → 128/899: ✅ 32 взято | 🗑️ 268 мусор
2026-06-01 15:52:12,914 | INFO     |   → 129/899: ✅ 99 взято | 🗑️ 201 мусор
2026-06-01 15:52:12,914 | INFO     |   → 130/899: ✅ 229 взято | 🗑️ 71 мусор
2026-06-01 15:52:12,914 | INFO     |   → 131/899: ✅ 9 взято | 🗑️ 356 мусор
2026-06-01 15:52:12,914 | INFO     |   → 132/899: ✅ 19 взято | 🗑️ 81 мусор
2026-06-01 15:52:12,914 | INFO     |   → 133/899: ✅ 11 взято | 🗑️ 87 мусор
2026-06-01 15:52:12,914 | INFO     |   → 134/899: ✅ 27 взято | 🗑️ 73 мусор
2026-06-01 15:52:12,914 | INFO     |   → 135/899: ✅ 13 взято | 🗑️ 75 мусор
2026-06-01 15:52:12,914 | INFO     |   → 136/899: ✅ 10 взято | 🗑️ 83 мусор
2026-06-01 15:52:12,914 | INFO     |   → 137/899: ✅ 12 взято | 🗑️ 86 мусор
2026-06-01 15:52:12,914 | INFO     |   → 138/899: ✅ 11 взято | 🗑️ 87 мусор
2026-06-01 15:52:12,915 | INFO     |   → 139/899: ✅ 11 взято | 🗑️ 80 мусор
2026-06-01 15:52:12,915 | INFO     |   → 140/899: ✅ 9 взято | 🗑️ 82 мусор
2026-06-01 15:52:12,915 | INFO     |   → 141/899: ✅ 69 взято | 🗑️ 3 мусор
2026-06-01 15:52:12,915 | INFO     |   → 142/899: ✅ 3 взято | 🗑️ 75 мусор
2026-06-01 15:52:12,915 | INFO     |   → 143/899: ✅ 4 взято | 🗑️ 69 мусор
2026-06-01 15:52:12,915 | INFO     |   → 144/899: ✅ 4 взято | 🗑️ 80 мусор
2026-06-01 15:52:12,915 | INFO     |   → 145/899: ✅ 6 взято | 🗑️ 81 мусор
2026-06-01 15:52:12,915 | INFO     |   → 146/899: ✅ 5 взято | 🗑️ 79 мусор
2026-06-01 15:52:12,915 | INFO     |   → 147/899: ✅ 11 взято | 🗑️ 78 мусор
2026-06-01 15:52:12,915 | INFO     |   → 148/899: ✅ 3 взято | 🗑️ 83 мусор
2026-06-01 15:52:12,915 | INFO     |   → 149/899: ✅ 14 взято | 🗑️ 76 мусор
2026-06-01 15:52:12,915 | INFO     |   → 150/899: ✅ 12 взято | 🗑️ 78 мусор
2026-06-01 15:52:12,915 | INFO     |   → 151/899: ✅ 26 взято | 🗑️ 218 мусор
2026-06-01 15:52:12,915 | INFO     |   → 152/899: ✅ 44 взято | 🗑️ 141 мусор
2026-06-01 15:52:12,915 | INFO     |   → 153/899: ✅ 10 взято | 🗑️ 71 мусор
2026-06-01 15:52:12,915 | INFO     |   → 154/899: ✅ 2 взято | 🗑️ 88 мусор
2026-06-01 15:52:12,915 | INFO     |   → 155/899: ✅ 0 взято | 🗑️ 3 мусор
2026-06-01 15:52:12,915 | INFO     |   → 156/899: ✅ 14 взято | 🗑️ 4 мусор
2026-06-01 15:52:12,915 | INFO     |   → 157/899: ✅ 682 взято | 🗑️ 2400 мусор
2026-06-01 15:52:12,915 | INFO     |   → 158/899 ❌ HTTP 404 — https://raw.githubusercontent.com/Alvin9999/pac2/master/clash/1/config.yaml
2026-06-01 15:52:12,915 | INFO     |   → 159/899 ❌ HTTP 404 — https://raw.githubusercontent.com/AmirHDevo/temp2/7f15e7ddb311a6f8c5ab338bd1af0e1f2136a84b/configs.txt
2026-06-01 15:52:12,915 | INFO     |   → 160/899: ✅ 238 взято | 🗑️ 2018 мусор
2026-06-01 15:52:12,915 | INFO     |   → 161/899: ✅ 8 взято | 🗑️ 33 мусор
2026-06-01 15:52:12,915 | INFO     |   → 162/899: ✅ 3821 взято | 🗑️ 56683 мусор
2026-06-01 15:52:12,915 | INFO     |   → 163/899: ✅ 5 взято | 🗑️ 47 мусор
2026-06-01 15:52:12,915 | INFO     |   → 164/899: ✅ 0 взято | 🗑️ 36 мусор
2026-06-01 15:52:12,915 | INFO     |   → 165/899: ✅ 21 взято | 🗑️ 107 мусор
2026-06-01 15:52:12,915 | INFO     |   → 166/899: ✅ 78 взято | 🗑️ 347 мусор
2026-06-01 15:52:12,915 | INFO     |   → 167/899: ✅ 0 взято | 🗑️ 1373 мусор
2026-06-01 15:52:12,915 | INFO     |   → 168/899: ✅ 43 взято | 🗑️ 623 мусор
2026-06-01 15:52:12,915 | INFO     |   → 169/899: ✅ 339 взято | 🗑️ 1542 мусор
2026-06-01 15:52:12,915 | INFO     |   → 170/899: ✅ 0 взято | 🗑️ 6 мусор
2026-06-01 15:52:12,915 | INFO     |   → 171/899: ✅ 0 взято | 🗑️ 0 мусор
2026-06-01 15:52:12,915 | INFO     |   → 172/899: ✅ 1 взято | 🗑️ 235 мусор
2026-06-01 15:52:12,915 | INFO     |   → 173/899: ✅ 49 взято | 🗑️ 86 мусор
2026-06-01 15:52:12,915 | INFO     |   → 174/899: ✅ 0 взято | 🗑️ 16 мусор
2026-06-01 15:52:12,915 | INFO     |   → 175/899: ✅ 6 взято | 🗑️ 17 мусор
2026-06-01 15:52:12,915 | INFO     |   → 176/899: ✅ 1 взято | 🗑️ 12 мусор
2026-06-01 15:52:12,915 | INFO     |   → 177/899: ✅ 0 взято | 🗑️ 17 мусор
2026-06-01 15:52:12,915 | INFO     |   → 178/899: ✅ 0 взято | 🗑️ 17 мусор
2026-06-01 15:52:12,915 | INFO     |   → 179/899: ✅ 23 взято | 🗑️ 516 мусор
2026-06-01 15:52:12,915 | INFO     |   → 180/899: ✅ 1 взято | 🗑️ 324 мусор
2026-06-01 15:52:12,915 | INFO     |   → 181/899: ✅ 1 взято | 🗑️ 192 мусор
2026-06-01 15:52:12,915 | INFO     |   → 182/899: ✅ 5 взято | 🗑️ 158 мусор
2026-06-01 15:52:12,915 | INFO     |   → 183/899: ✅ 0 взято | 🗑️ 16 мусор
2026-06-01 15:52:12,915 | INFO     |   → 184/899: ✅ 0 взято | 🗑️ 0 мусор
2026-06-01 15:52:12,915 | INFO     |   → 185/899: ✅ 0 взято | 🗑️ 14 мусор
2026-06-01 15:52:12,915 | INFO     |   → 186/899: ✅ 0 взято | 🗑️ 0 мусор
2026-06-01 15:52:12,915 | INFO     |   → 187/899: ✅ 0 взято | 🗑️ 17 мусор
2026-06-01 15:52:12,915 | INFO     |   → 188/899: ✅ 0 взято | 🗑️ 0 мусор
2026-06-01 15:52:12,915 | INFO     |   → 189/899: ✅ 0 взято | 🗑️ 12 мусор
2026-06-01 15:52:12,915 | INFO     |   → 190/899: ✅ 0 взято | 🗑️ 0 мусор
2026-06-01 15:52:12,916 | INFO     |   → 191/899: ✅ 0 взято | 🗑️ 17 мусор
2026-06-01 15:52:12,916 | INFO     |   → 192/899: ✅ 0 взято | 🗑️ 0 мусор
2026-06-01 15:52:12,916 | INFO     |   → 193/899: ✅ 0 взято | 🗑️ 17 мусор
2026-06-01 15:52:12,916 | INFO     |   → 194/899: ✅ 0 взято | 🗑️ 0 мусор
2026-06-01 15:52:12,916 | INFO     |   → 195/899: ✅ 2 взято | 🗑️ 161 мусор
2026-06-01 15:52:12,916 | INFO     |   → 196/899: ✅ 0 взято | 🗑️ 0 мусор
2026-06-01 15:52:12,916 | INFO     |   → 197/899: ✅ 26 взято | 🗑️ 331 мусор
2026-06-01 15:52:12,916 | INFO     |   → 198/899: ✅ 58 взято | 🗑️ 4 мусор
2026-06-01 15:52:12,916 | INFO     |   → 199/899: ✅ 5 взято | 🗑️ 76 мусор
2026-06-01 15:52:12,916 | INFO     |   → 200/899: ✅ 80 взято | 🗑️ 1110 мусор
2026-06-01 15:52:12,916 | INFO     |   → 201/899: ✅ 17 взято | 🗑️ 1417 мусор
2026-06-01 15:52:12,916 | INFO     |   → 202/899 ❌ HTTP 404 — https://raw.githubusercontent.com/Egkaz/Proxy-list-20k-server/main/stable.txt
2026-06-01 15:52:12,916 | INFO     |   → 203/899: ✅ 5 взято | 🗑️ 13 мусор
2026-06-01 15:52:12,916 | INFO     |   → 204/899 ❌ HTTP 404 — https://raw.githubusercontent.com/Epodonios/bulk-xray-v2ray-vless-vmess-...-configs/main/sub/Austria/config.txt
2026-06-01 15:52:12,916 | INFO     |   → 205/899 ❌ HTTP 404 — https://raw.githubusercontent.com/Epodonios/bulk-xray-v2ray-vless-vmess-...-configs/main/sub/Canada/config.txt
2026-06-01 15:52:12,916 | INFO     |   → 206/899 ❌ HTTP 404 — https://raw.githubusercontent.com/Epodonios/bulk-xray-v2ray-vless-vmess-...-configs/main/sub/Costa%20Rica/config.txt
2026-06-01 15:52:12,916 | INFO     |   → 207/899 ❌ HTTP 404 — https://raw.githubusercontent.com/Epodonios/bulk-xray-v2ray-vless-vmess-...-configs/main/sub/France/config.txt
2026-06-01 15:52:12,916 | INFO     |   → 208/899 ❌ HTTP 404 — https://raw.githubusercontent.com/Epodonios/bulk-xray-v2ray-vless-vmess-...-configs/main/sub/Germany/config.txt
2026-06-01 15:52:12,916 | INFO     |   → 209/899 ❌ HTTP 404 — https://raw.githubusercontent.com/Epodonios/bulk-xray-v2ray-vless-vmess-...-configs/main/sub/Indonesia/config.txt
2026-06-01 15:52:12,916 | INFO     |   → 210/899 ❌ HTTP 404 — https://raw.githubusercontent.com/Epodonios/bulk-xray-v2ray-vless-vmess-...-configs/main/sub/Ireland/config.txt
2026-06-01 15:52:12,916 | INFO     |   → 211/899 ❌ HTTP 404 — https://raw.githubusercontent.com/Epodonios/bulk-xray-v2ray-vless-vmess-...-configs/main/sub/Republic%20of%20Lithuania/config.txt
2026-06-01 15:52:12,916 | INFO     |   → 212/899 ❌ HTTP 404 — https://raw.githubusercontent.com/Epodonios/bulk-xray-v2ray-vless-vmess-...-configs/main/sub/South%20Africa/config.txt
2026-06-01 15:52:12,916 | INFO     |   → 213/899 ❌ HTTP 404 — https://raw.githubusercontent.com/Epodonios/bulk-xray-v2ray-vless-vmess-...-configs/main/sub/Sweden/config.txt
2026-06-01 15:52:12,916 | INFO     |   → 214/899 ❌ HTTP 404 — https://raw.githubusercontent.com/Epodonios/bulk-xray-v2ray-vless-vmess-...-configs/main/sub/Turkey/config.txt
2026-06-01 15:52:12,916 | INFO     |   → 215/899 ❌ HTTP 404 — https://raw.githubusercontent.com/Epodonios/bulk-xray-v2ray-vless-vmess-...-configs/main/sub/United%20Arab%20Emirates/config.txt
2026-06-01 15:52:12,916 | INFO     |   → 216/899 ❌ HTTP 404 — https://raw.githubusercontent.com/Epodonios/bulk-xray-v2ray-vless-vmess-...-configs/main/sub/United%20Kingdom/config.txt
2026-06-01 15:52:12,916 | INFO     |   → 217/899 ❌ HTTP 404 — https://raw.githubusercontent.com/Epodonios/bulk-xray-v2ray-vless-vmess-...-configs/main/sub/United%20States/config.txt
2026-06-01 15:52:12,916 | INFO     |   → 218/899 ❌ HTTP 404 — https://raw.githubusercontent.com/Epodonios/v2ray-configs/main/Splitted-By-Protocol/mix.txt
2026-06-01 15:52:12,916 | INFO     |   → 219/899: ✅ 38 взято | 🗑️ 412 мусор
2026-06-01 15:52:12,916 | INFO     |   → 220/899: ✅ 0 взято | 🗑️ 0 мусор
2026-06-01 15:52:12,916 | INFO     |   → 221/899: ✅ 72 взято | 🗑️ 319 мусор
2026-06-01 15:52:12,916 | INFO     |   → 222/899: ✅ 298 взято | 🗑️ 2391 мусор
2026-06-01 15:52:12,916 | INFO     |   → 223/899: ✅ 43 взято | 🗑️ 528 мусор
2026-06-01 15:52:12,916 | INFO     |   → 224/899 ❌ HTTP 404 — https://raw.githubusercontent.com/Epodonios/v2ray-configs/raw/main/Splitted-By-Protocol/trojan.txt
2026-06-01 15:52:12,916 | INFO     |   → 225/899 ❌ HTTP 404 — https://raw.githubusercontent.com/Epodonios/v2ray-configs/raw/main/Splitted-By-Protocol/vmess.txt
2026-06-01 15:52:12,916 | INFO     |   → 226/899: ✅ 104 взято | 🗑️ 3575 мусор
2026-06-01 15:52:12,916 | INFO     |   → 227/899: ✅ 0 взято | 🗑️ 412 мусор
2026-06-01 15:52:12,916 | INFO     |   → 228/899: ✅ 0 взято | 🗑️ 0 мусор
2026-06-01 15:52:12,916 | INFO     |   → 229/899: ✅ 0 взято | 🗑️ 319 мусор
2026-06-01 15:52:12,916 | INFO     |   → 230/899: ✅ 0 взято | 🗑️ 2391 мусор
2026-06-01 15:52:12,917 | INFO     |   → 231/899: ✅ 0 взято | 🗑️ 528 мусор
2026-06-01 15:52:12,917 | INFO     |   → 232/899: ✅ 549 взято | 🗑️ 478 мусор
2026-06-01 15:52:12,917 | INFO     |   → 233/899: ✅ 0 взято | 🗑️ 98 мусор
2026-06-01 15:52:12,917 | INFO     |   → 234/899: ✅ 0 взято | 🗑️ 153 мусор
2026-06-01 15:52:12,917 | INFO     |   → 235/899: ✅ 256 взято | 🗑️ 159 мусор
2026-06-01 15:52:12,917 | INFO     |   → 236/899: ✅ 109 взято | 🗑️ 7 мусор
2026-06-01 15:52:12,917 | INFO     |   → 237/899: ✅ 8 взято | 🗑️ 369 мусор
2026-06-01 15:52:12,917 | INFO     |   → 238/899 ❌ HTTP 404 — https://raw.githubusercontent.com/Fido6/FreeNodes/57221e59caddde55ffdda21d491ae952cd608049/nodes/halekj.txt
2026-06-01 15:52:12,917 | INFO     |   → 239/899 ❌ HTTP 404 — https://raw.githubusercontent.com/Fido6/FreeNodes/57221e59caddde55ffdda21d491ae952cd608049/nodes/kkzui.txt
2026-06-01 15:52:12,917 | INFO     |   → 240/899 ❌ HTTP 404 — https://raw.githubusercontent.com/Fido6/FreeNodes/57221e59caddde55ffdda21d491ae952cd608049/nodes/wenode.txt
2026-06-01 15:52:12,917 | INFO     |   → 241/899: ✅ 55 взято | 🗑️ 420 мусор
2026-06-01 15:52:12,917 | INFO     |   → 242/899: ✅ 14 взято | 🗑️ 13 мусор
2026-06-01 15:52:12,917 | INFO     |   → 243/899: ✅ 176 взято | 🗑️ 1258 мусор
2026-06-01 15:52:12,917 | INFO     |   → 244/899: ✅ 170 взято | 🗑️ 638 мусор
2026-06-01 15:52:12,917 | INFO     |   → 245/899: ✅ 615 взято | 🗑️ 3555 мусор
2026-06-01 15:52:12,917 | INFO     |   → 246/899: ✅ 25 взято | 🗑️ 931 мусор
2026-06-01 15:52:12,917 | INFO     |   → 247/899: ✅ 0 взято | 🗑️ 0 мусор
2026-06-01 15:52:12,917 | INFO     |   → 248/899: ✅ 0 взято | 🗑️ 19 мусор
2026-06-01 15:52:12,917 | INFO     |   → 249/899: ✅ 14 взято | 🗑️ 250 мусор
2026-06-01 15:52:12,917 | INFO     |   → 250/899: ✅ 2 взято | 🗑️ 20 мусор
2026-06-01 15:52:12,917 | INFO     |   → 251/899: ✅ 15 взято | 🗑️ 0 мусор
2026-06-01 15:52:12,917 | INFO     |   → 252/899: ✅ 0 взято | 🗑️ 609 мусор
2026-06-01 15:52:12,917 | INFO     |   → 253/899: ✅ 18 взято | 🗑️ 63 мусор
2026-06-01 15:52:12,917 | INFO     |   → 254/899: ✅ 1 взято | 🗑️ 17 мусор
2026-06-01 15:52:12,917 | INFO     |   → 255/899: ✅ 4 взято | 🗑️ 11 мусор
2026-06-01 15:52:12,917 | INFO     |   → 256/899: ✅ 0 взято | 🗑️ 0 мусор
2026-06-01 15:52:12,918 | INFO     |   → 257/899: ✅ 0 взято | 🗑️ 137 мусор
2026-06-01 15:52:12,918 | INFO     |   → 258/899: ✅ 0 взято | 🗑️ 32 мусор
2026-06-01 15:52:12,918 | INFO     |   → 259/899: ✅ 2 взято | 🗑️ 19 мусор
2026-06-01 15:52:12,918 | INFO     |   → 260/899: ✅ 0 взято | 🗑️ 43 мусор
2026-06-01 15:52:12,918 | INFO     |   → 261/899: ✅ 0 взято | 🗑️ 43 мусор
2026-06-01 15:52:12,918 | INFO     |   → 262/899: ✅ 0 взято | 🗑️ 1 мусор
2026-06-01 15:52:12,918 | INFO     |   → 263/899: ✅ 0 взято | 🗑️ 1 мусор
2026-06-01 15:52:12,918 | INFO     |   → 264/899: ✅ 0 взято | 🗑️ 28 мусор
2026-06-01 15:52:12,918 | INFO     |   → 265/899: ✅ 14 взято | 🗑️ 282 мусор
2026-06-01 15:52:12,918 | INFO     |   → 266/899: ✅ 0 взято | 🗑️ 94 мусор
2026-06-01 15:52:12,918 | INFO     |   → 267/899: ✅ 0 взято | 🗑️ 0 мусор
2026-06-01 15:52:12,918 | INFO     |   → 268/899: ✅ 0 взято | 🗑️ 0 мусор
2026-06-01 15:52:12,918 | INFO     |   → 269/899: ✅ 346 взято | 🗑️ 110 мусор
2026-06-01 15:52:12,918 | INFO     |   → 270/899: ✅ 170 взято | 🗑️ 313 мусор
2026-06-01 15:52:12,918 | INFO     |   → 271/899: ✅ 188 взято | 🗑️ 318 мусор
2026-06-01 15:52:12,918 | INFO     |   → 272/899: ✅ 5939 взято | 🗑️ 46237 мусор
2026-06-01 15:52:12,918 | INFO     |   → 273/899: ✅ 0 взято | 🗑️ 35 мусор
2026-06-01 15:52:12,918 | INFO     |   → 274/899: ✅ 0 взято | 🗑️ 9698 мусор
2026-06-01 15:52:12,918 | INFO     |   → 275/899: ✅ 0 взято | 🗑️ 31035 мусор
2026-06-01 15:52:12,918 | INFO     |   → 276/899: ✅ 0 взято | 🗑️ 5 мусор
2026-06-01 15:52:12,918 | INFO     |   → 277/899: ✅ 0 взято | 🗑️ 4 мусор
2026-06-01 15:52:12,918 | INFO     |   → 278/899: ✅ 0 взято | 🗑️ 51 мусор
2026-06-01 15:52:12,918 | INFO     |   → 279/899: ✅ 0 взято | 🗑️ 8 мусор
2026-06-01 15:52:12,918 | INFO     |   → 280/899 ❌ HTTP 404 — https://raw.githubusercontent.com/Kwinshadow/TelegramV2rayCollector/raw/refs/heads/main/sublinks/mix.txt
2026-06-01 15:52:12,918 | INFO     |   → 281/899: ✅ 5 взято | 🗑️ 670 мусор
2026-06-01 15:52:12,918 | INFO     |   → 282/899 ❌ HTTP 404 — https://raw.githubusercontent.com/LalatinaHub/Mineral/raw/refs/heads/master/result/nodes
2026-06-01 15:52:12,918 | INFO     |   → 283/899: ✅ 2 взято | 🗑️ 105 мусор
2026-06-01 15:52:12,919 | INFO     |   → 284/899 ❌ HTTP 404 — https://raw.githubusercontent.com/Leon406/SubCrawler/main/sub/share/all3
2026-06-01 15:52:12,919 | INFO     |   → 285/899 ❌ HTTP 404 — https://raw.githubusercontent.com/Leon406/SubCrawler/main/sub/share/all4
2026-06-01 15:52:12,919 | INFO     |   → 286/899: ✅ 4 взято | 🗑️ 335 мусор
2026-06-01 15:52:12,919 | INFO     |   → 287/899: ✅ 387 взято | 🗑️ 19406 мусор
2026-06-01 15:52:12,919 | INFO     |   → 288/899: ✅ 0 взято | 🗑️ 33 мусор
2026-06-01 15:52:12,919 | INFO     |   → 289/899: ✅ 0 взято | 🗑️ 6 мусор
2026-06-01 15:52:12,919 | INFO     |   → 290/899: ✅ 170 взято | 🗑️ 52 мусор
2026-06-01 15:52:12,919 | INFO     |   → 291/899: ✅ 0 взято | 🗑️ 147 мусор
2026-06-01 15:52:12,919 | INFO     |   → 292/899 ❌ HTTP 404 — https://raw.githubusercontent.com/M-Mashreghi/free-config-collector/main/Splitted-By-Protocol/ssr.txt
2026-06-01 15:52:12,919 | INFO     |   → 293/899: ✅ 139 взято | 🗑️ 114 мусор
2026-06-01 15:52:12,919 | INFO     |   → 294/899: ✅ 126 взято | 🗑️ 137 мусор
2026-06-01 15:52:12,919 | INFO     |   → 295/899: ✅ 0 взято | 🗑️ 12 мусор
2026-06-01 15:52:12,919 | INFO     |   → 296/899: ✅ 0 взято | 🗑️ 1 мусор
2026-06-01 15:52:12,919 | INFO     |   → 297/899: ✅ 11 взято | 🗑️ 285 мусор
2026-06-01 15:52:12,919 | INFO     |   → 298/899: ✅ 0 взято | 🗑️ 285 мусор
2026-06-01 15:52:12,919 | INFO     |   → 299/899: ✅ 0 взято | 🗑️ 204 мусор
2026-06-01 15:52:12,919 | INFO     |   → 300/899 ❌ HTTP 404 — https://raw.githubusercontent.com/MatinGhanbari/v2ray-configs/main/subscriptions/filtered/subs/hy2.txt
2026-06-01 15:52:12,919 | INFO     |   → 301/899: ✅ 32 взято | 🗑️ 1464 мусор
2026-06-01 15:52:12,919 | INFO     |   → 302/899 ❌ HTTP 404 — https://raw.githubusercontent.com/MatinGhanbari/v2ray-configs/main/subscriptions/filtered/subs/ssr.txt
2026-06-01 15:52:12,919 | INFO     |   → 303/899: ✅ 69 взято | 🗑️ 527 мусор
2026-06-01 15:52:12,919 | INFO     |   → 304/899 ❌ HTTP 404 — https://raw.githubusercontent.com/MatinGhanbari/v2ray-configs/main/subscriptions/filtered/subs/tuic.txt
2026-06-01 15:52:12,919 | INFO     |   → 305/899: ✅ 4 взято | 🗑️ 65 мусор
2026-06-01 15:52:12,919 | INFO     |   → 306/899: ✅ 261 взято | 🗑️ 1498 мусор
2026-06-01 15:52:12,919 | INFO     |   → 307/899: ✅ 350 взято | 🗑️ 3559 мусор
2026-06-01 15:52:12,919 | INFO     |   → 308/899: ✅ 24 взято | 🗑️ 170 мусор
2026-06-01 15:52:12,919 | INFO     |   → 309/899: ✅ 0 взято | 🗑️ 2 мусор
2026-06-01 15:52:12,919 | INFO     |   → 310/899: ✅ 42 взято | 🗑️ 967 мусор
2026-06-01 15:52:12,920 | INFO     |   → 311/899: ✅ 0 взято | 🗑️ 493 мусор
2026-06-01 15:52:12,920 | INFO     |   → 312/899: ✅ 0 взято | 🗑️ 493 мусор
2026-06-01 15:52:12,920 | INFO     |   → 313/899: ✅ 0 взято | 🗑️ 34 мусор
2026-06-01 15:52:12,920 | INFO     |   → 314/899: ✅ 0 взято | 🗑️ 2 мусор
2026-06-01 15:52:12,920 | INFO     |   → 315/899: ✅ 0 взято | 🗑️ 368 мусор
2026-06-01 15:52:12,920 | INFO     |   → 316/899: ✅ 0 взято | 🗑️ 78 мусор
2026-06-01 15:52:12,920 | INFO     |   → 317/899 ❌ HTTP 404 — https://raw.githubusercontent.com/MhdiTaheri/V2rayCollector/raw/refs/heads/main/sub/mix
2026-06-01 15:52:12,920 | INFO     |   → 318/899: ✅ 53 взято | 🗑️ 267 мусор
2026-06-01 15:52:12,920 | INFO     |   → 319/899 ❌ HTTP 404 — https://raw.githubusercontent.com/MhdiTaheri/V2rayCollector_Py/raw/refs/heads/main/sub/Mix/mix.txt
2026-06-01 15:52:12,920 | INFO     |   → 320/899: ✅ 0 взято | 🗑️ 0 мусор
2026-06-01 15:52:12,920 | INFO     |   → 321/899: ✅ 43 взято | 🗑️ 217 мусор
2026-06-01 15:52:12,920 | INFO     |   → 322/899: ✅ 0 взято | 🗑️ 31 мусор
2026-06-01 15:52:12,920 | INFO     |   → 323/899: ✅ 92 взято | 🗑️ 282 мусор
2026-06-01 15:52:12,920 | INFO     |   → 324/899: ✅ 0 взято | 🗑️ 26 мусор
2026-06-01 15:52:12,920 | INFO     |   → 325/899: ✅ 0 взято | 🗑️ 3 мусор
2026-06-01 15:52:12,920 | INFO     |   → 326/899 ❌ HTTP 404 — https://raw.githubusercontent.com/MrMohebi/xray-proxy-grabber-telegram/master/collected-proxies/clash-meta/all.yaml
2026-06-01 15:52:12,920 | INFO     |   → 327/899 ❌ HTTP 404 — https://raw.githubusercontent.com/MrMohebi/xray-proxy-grabber-telegram/master/collected-proxies/row-url/actives.txt
2026-06-01 15:52:12,920 | INFO     |   → 328/899 ❌ HTTP 404 — https://raw.githubusercontent.com/MrMohebi/xray-proxy-grabber-telegram/master/collected-proxies/row-url/all.txt
2026-06-01 15:52:12,920 | INFO     |   → 329/899: ✅ 0 взято | 🗑️ 13 мусор
2026-06-01 15:52:12,920 | INFO     |   → 330/899: ✅ 0 взято | 🗑️ 13 мусор
2026-06-01 15:52:12,920 | INFO     |   → 331/899: ✅ 5 взято | 🗑️ 15 мусор
2026-06-01 15:52:12,920 | INFO     |   → 332/899: ✅ 0 взято | 🗑️ 30 мусор
2026-06-01 15:52:12,920 | INFO     |   → 333/899: ✅ 0 взято | 🗑️ 15 мусор
2026-06-01 15:52:12,920 | INFO     |   → 334/899: ✅ 66 взято | 🗑️ 123 мусор
2026-06-01 15:52:12,920 | INFO     |   → 335/899: ✅ 175 взято | 🗑️ 582 мусор
2026-06-01 15:52:12,920 | INFO     |   → 336/899: ✅ 2 взято | 🗑️ 13 мусор
2026-06-01 15:52:12,920 | INFO     |   → 337/899: ✅ 0 взято | 🗑️ 0 мусор
2026-06-01 15:52:12,921 | INFO     |   → 338/899 ❌ HTTP 404 — https://raw.githubusercontent.com/OpenCNLink/freevpn/3cfcff048bfdd1493ccffa52ecf30ce7f9fc6b28/src/list/vmess.txt
2026-06-01 15:52:12,921 | INFO     |   → 339/899: ✅ 0 взято | 🗑️ 15 мусор
2026-06-01 15:52:12,921 | INFO     |   → 340/899: ✅ 0 взято | 🗑️ 15 мусор
2026-06-01 15:52:12,921 | INFO     |   → 341/899: ✅ 0 взято | 🗑️ 0 мусор
2026-06-01 15:52:12,921 | INFO     |   → 342/899: ✅ 0 взято | 🗑️ 0 мусор
2026-06-01 15:52:12,921 | INFO     |   → 343/899: ✅ 0 взято | 🗑️ 0 мусор
2026-06-01 15:52:12,921 | INFO     |   → 344/899: ✅ 0 взято | 🗑️ 0 мусор
2026-06-01 15:52:12,921 | INFO     |   → 345/899: ✅ 0 взято | 🗑️ 0 мусор
2026-06-01 15:52:12,921 | INFO     |   → 346/899: ✅ 0 взято | 🗑️ 0 мусор
2026-06-01 15:52:12,921 | INFO     |   → 347/899: ✅ 48 взято | 🗑️ 67 мусор
2026-06-01 15:52:12,921 | INFO     |   → 348/899 ❌ HTTP 404 — https://raw.githubusercontent.com/RKPchannel/RKP_bypass_configs/main/configs
2026-06-01 15:52:12,921 | INFO     |   → 349/899: ✅ 0 взято | 🗑️ 35 мусор
2026-06-01 15:52:12,921 | INFO     |   → 350/899: ✅ 0 взято | 🗑️ 0 мусор
2026-06-01 15:52:12,921 | INFO     |   → 351/899: ✅ 0 взято | 🗑️ 50 мусор
2026-06-01 15:52:12,921 | INFO     |   → 352/899: ✅ 0 взято | 🗑️ 0 мусор
2026-06-01 15:52:12,921 | INFO     |   → 353/899: ✅ 0 взято | 🗑️ 0 мусор
2026-06-01 15:52:12,921 | INFO     |   → 354/899: ✅ 5 взято | 🗑️ 206 мусор
2026-06-01 15:52:12,921 | INFO     |   → 355/899: ✅ 21 взято | 🗑️ 138 мусор
2026-06-01 15:52:12,921 | INFO     |   → 356/899: ✅ 23 взято | 🗑️ 89 мусор
2026-06-01 15:52:12,921 | INFO     |   → 357/899: ✅ 9 взято | 🗑️ 85 мусор
2026-06-01 15:52:12,921 | INFO     |   → 358/899: ✅ 0 взято | 🗑️ 129 мусор
2026-06-01 15:52:12,921 | INFO     |   → 359/899: ✅ 0 взято | 🗑️ 81 мусор
2026-06-01 15:52:12,921 | INFO     |   → 360/899 ❌ HTTP 404 — https://raw.githubusercontent.com/STR97/STRUGOV/main/BYPASS
2026-06-01 15:52:12,921 | INFO     |   → 361/899 ❌ HTTP 404 — https://raw.githubusercontent.com/STR97/STRUGOV/main/CUSTOM
2026-06-01 15:52:12,921 | INFO     |   → 362/899 ❌ HTTP 404 — https://raw.githubusercontent.com/STR97/STRUGOV/main/STR
2026-06-01 15:52:12,921 | INFO     |   → 363/899 ❌ HTTP 404 — https://raw.githubusercontent.com/STR97/STRUGOV/main/STR.BYPASS
2026-06-01 15:52:12,921 | INFO     |   → 364/899 ❌ HTTP 404 — https://raw.githubusercontent.com/STR97/STRUGOV/main/Vless
2026-06-01 15:52:12,922 | INFO     |   → 365/899 ❌ HTTP 404 — https://raw.githubusercontent.com/STR97/STRUGOV/refs/heads/main/STR.BYPASS
2026-06-01 15:52:12,922 | INFO     |   → 366/899: ✅ 4 взято | 🗑️ 34 мусор
2026-06-01 15:52:12,922 | INFO     |   → 367/899: ✅ 11 взято | 🗑️ 16 мусор
2026-06-01 15:52:12,922 | INFO     |   → 368/899: ✅ 0 взято | 🗑️ 16 мусор
2026-06-01 15:52:12,922 | INFO     |   → 369/899: ✅ 0 взято | 🗑️ 27 мусор
2026-06-01 15:52:12,922 | INFO     |   → 370/899: ✅ 140 взято | 🗑️ 1153 мусор
2026-06-01 15:52:12,922 | INFO     |   → 371/899: ✅ 80 взято | 🗑️ 1172 мусор
2026-06-01 15:52:12,922 | INFO     |   → 372/899: ✅ 16 взято | 🗑️ 1073 мусор
2026-06-01 15:52:12,922 | INFO     |   → 373/899: ✅ 175 взято | 🗑️ 3109 мусор
2026-06-01 15:52:12,922 | INFO     |   → 374/899: ✅ 210 взято | 🗑️ 526 мусор
2026-06-01 15:52:12,922 | INFO     |   → 375/899: ✅ 57 взято | 🗑️ 4857 мусор
2026-06-01 15:52:12,922 | INFO     |   → 376/899: ✅ 76 взято | 🗑️ 362 мусор
2026-06-01 15:52:12,922 | INFO     |   → 377/899: ✅ 29 взято | 🗑️ 54 мусор
2026-06-01 15:52:12,922 | INFO     |   → 378/899: ✅ 0 взято | 🗑️ 0 мусор
2026-06-01 15:52:12,922 | INFO     |   → 379/899: ✅ 0 взято | 🗑️ 0 мусор
2026-06-01 15:52:12,922 | INFO     |   → 380/899: ✅ 0 взято | 🗑️ 2238 мусор
2026-06-01 15:52:12,922 | INFO     |   → 381/899: ✅ 0 взято | 🗑️ 1 мусор
2026-06-01 15:52:12,922 | INFO     |   → 382/899: ✅ 0 взято | 🗑️ 0 мусор
2026-06-01 15:52:12,922 | INFO     |   → 383/899: ✅ 0 взято | 🗑️ 9 мусор
2026-06-01 15:52:12,922 | INFO     |   → 384/899: ✅ 0 взято | 🗑️ 172 мусор
2026-06-01 15:52:12,922 | INFO     |   → 385/899: ✅ 0 взято | 🗑️ 1754 мусор
2026-06-01 15:52:12,922 | INFO     |   → 386/899: ✅ 0 взято | 🗑️ 94 мусор
2026-06-01 15:52:12,922 | INFO     |   → 387/899: ✅ 0 взято | 🗑️ 1 мусор
2026-06-01 15:52:12,922 | INFO     |   → 388/899: ✅ 0 взято | 🗑️ 9 мусор
2026-06-01 15:52:12,922 | INFO     |   → 389/899 ❌ HTTP 404 — https://raw.githubusercontent.com/Syavar/V2ray-Configs/main/OK_TLS_activision.com.txt
2026-06-01 15:52:12,922 | INFO     |   → 390/899: ✅ 3 взято | 🗑️ 1 мусор
2026-06-01 15:52:12,922 | INFO     |   → 391/899: ✅ 3 взято | 🗑️ 1 мусор
2026-06-01 15:52:12,922 | INFO     |   → 392/899: ✅ 3 взято | 🗑️ 1 мусор
2026-06-01 15:52:12,922 | INFO     |   → 393/899: ✅ 3 взято | 🗑️ 1 мусор
2026-06-01 15:52:12,922 | INFO     |   → 394/899 ❌ HTTP 404 — https://raw.githubusercontent.com/Syavar/V2ray-Configs/main/OK_TLS_viber.com.txt
2026-06-01 15:52:12,922 | INFO     |   → 395/899: ✅ 3 взято | 🗑️ 1 мусор
2026-06-01 15:52:12,923 | INFO     |   → 396/899: ✅ 3 взято | 🗑️ 1 мусор
2026-06-01 15:52:12,923 | INFO     |   → 397/899 ❌ HTTP 404 — https://raw.githubusercontent.com/Syavar/V2ray-Configs/main/OK_activision.com.txt
2026-06-01 15:52:12,923 | INFO     |   → 398/899 ❌ HTTP 404 — https://raw.githubusercontent.com/Syavar/V2ray-Configs/main/OK_css.rbxcdn.com.txt
2026-06-01 15:52:12,923 | INFO     |   → 399/899 ❌ HTTP 404 — https://raw.githubusercontent.com/Syavar/V2ray-Configs/main/OK_google.com.txt
2026-06-01 15:52:12,923 | INFO     |   → 400/899 ❌ HTTP 404 — https://raw.githubusercontent.com/Syavar/V2ray-Configs/main/OK_speedtest.tinkoff.ru.txt
2026-06-01 15:52:12,923 | INFO     |   → 401/899 ❌ HTTP 404 — https://raw.githubusercontent.com/Syavar/V2ray-Configs/main/OK_telegram.org.txt
2026-06-01 15:52:12,923 | INFO     |   → 402/899 ❌ HTTP 404 — https://raw.githubusercontent.com/Syavar/V2ray-Configs/main/OK_viber.com.txt
2026-06-01 15:52:12,923 | INFO     |   → 403/899 ❌ HTTP 404 — https://raw.githubusercontent.com/Syavar/V2ray-Configs/main/OK_vk.com.txt
2026-06-01 15:52:12,923 | INFO     |   → 404/899 ❌ HTTP 404 — https://raw.githubusercontent.com/Syavar/V2ray-Configs/main/OK_whatsapp.com.txt
2026-06-01 15:52:12,923 | INFO     |   → 405/899: ✅ 332 взято | 🗑️ 667 мусор
2026-06-01 15:52:12,923 | INFO     |   → 406/899: ✅ 4 взято | 🗑️ 291 мусор
2026-06-01 15:52:12,923 | INFO     |   → 407/899: ✅ 0 взято | 🗑️ 119 мусор
2026-06-01 15:52:12,923 | INFO     |   → 408/899: ✅ 0 взято | 🗑️ 0 мусор
2026-06-01 15:52:12,923 | INFO     |   → 409/899 ❌ HTTP 404 — https://raw.githubusercontent.com/V2RAYCONFIGSPOOL/V2RAY_SUB/main/V2RAY_SUB.txt
2026-06-01 15:52:12,923 | INFO     |   → 410/899: ✅ 5 взято | 🗑️ 14 мусор
2026-06-01 15:52:12,923 | INFO     |   → 411/899: ✅ 2 взято | 🗑️ 16 мусор
2026-06-01 15:52:12,923 | INFO     |   → 412/899: ✅ 9 взято | 🗑️ 9 мусор
2026-06-01 15:52:12,923 | INFO     |   → 413/899: ✅ 5 взято | 🗑️ 11 мусор
2026-06-01 15:52:12,923 | INFO     |   → 414/899: ✅ 8 взято | 🗑️ 10 мусор
2026-06-01 15:52:12,923 | INFO     |   → 415/899: ✅ 10 взято | 🗑️ 7 мусор
2026-06-01 15:52:12,923 | INFO     |   → 416/899: ✅ 7 взято | 🗑️ 10 мусор
2026-06-01 15:52:12,923 | INFO     |   → 417/899: ✅ 6 взято | 🗑️ 11 мусор
2026-06-01 15:52:12,923 | INFO     |   → 418/899: ✅ 2 взято | 🗑️ 14 мусор
2026-06-01 15:52:12,923 | INFO     |   → 419/899: ✅ 1 взято | 🗑️ 16 мусор
2026-06-01 15:52:12,923 | INFO     |   → 420/899: ✅ 26 взято | 🗑️ 141 мусор
2026-06-01 15:52:12,923 | INFO     |   → 421/899: ✅ 0 взято | 🗑️ 5 мусор
2026-06-01 15:52:12,923 | INFO     |   → 422/899: ✅ 0 взято | 🗑️ 0 мусор
2026-06-01 15:52:12,923 | INFO     |   → 423/899: ✅ 16 взято | 🗑️ 17 мусор
2026-06-01 15:52:12,923 | INFO     |   → 424/899: ✅ 0 взято | 🗑️ 0 мусор
2026-06-01 15:52:12,923 | INFO     |   → 425/899: ✅ 0 взято | 🗑️ 17 мусор
2026-06-01 15:52:12,923 | INFO     |   → 426/899: ✅ 58 взято | 🗑️ 348 мусор
2026-06-01 15:52:12,923 | INFO     |   → 427/899: ✅ 0 взято | 🗑️ 231 мусор
2026-06-01 15:52:12,923 | INFO     |   → 428/899: ✅ 0 взято | 🗑️ 0 мусор
2026-06-01 15:52:12,923 | INFO     |   → 429/899: ✅ 0 взято | 🗑️ 19 мусор
2026-06-01 15:52:12,923 | INFO     |   → 430/899: ✅ 123 взято | 🗑️ 432 мусор
2026-06-01 15:52:12,923 | INFO     |   → 431/899: ✅ 0 взято | 🗑️ 83 мусор
2026-06-01 15:52:12,923 | INFO     |   → 432/899: ✅ 0 взято | 🗑️ 16 мусор
2026-06-01 15:52:12,923 | INFO     |   → 433/899: ✅ 0 взято | 🗑️ 16 мусор
2026-06-01 15:52:12,923 | INFO     |   → 434/899 ❌ HTTP 404 — https://raw.githubusercontent.com/aiboboxx/clashfree/main/clash.yml
2026-06-01 15:52:12,923 | INFO     |   → 435/899 ❌ HTTP 404 — https://raw.githubusercontent.com/aiboboxx/clashfree/refs/heads/main/clash.yml
2026-06-01 15:52:12,923 | INFO     |   → 436/899 ❌ HTTP 404 — https://raw.githubusercontent.com/aiboboxx/v2rayfree/main/v2
2026-06-01 15:52:12,923 | INFO     |   → 437/899 ❌ HTTP 404 — https://raw.githubusercontent.com/amirmohammad-mohammad-88/Sub-Reality-Azadi-config/Config/Azadi-Reality-Different
2026-06-01 15:52:12,923 | INFO     |   → 438/899 ❌ HTTP 404 — https://raw.githubusercontent.com/amirmohammad-mohammad-88/Sub-Reality-Azadi-config/Config/Azadi-Reality-Different-Base64
2026-06-01 15:52:12,923 | INFO     |   → 439/899: ✅ 1 взято | 🗑️ 17 мусор
2026-06-01 15:52:12,923 | INFO     |   → 440/899: ✅ 0 взято | 🗑️ 0 мусор
2026-06-01 15:52:12,924 | INFO     |   → 441/899: ✅ 0 взято | 🗑️ 0 мусор
2026-06-01 15:52:12,924 | INFO     |   → 442/899: ✅ 4 взято | 🗑️ 114 мусор
2026-06-01 15:52:12,924 | INFO     |   → 443/899: ✅ 21 взято | 🗑️ 51 мусор
2026-06-01 15:52:12,924 | INFO     |   → 444/899: ✅ 0 взято | 🗑️ 238 мусор
2026-06-01 15:52:12,924 | INFO     |   → 445/899: ✅ 0 взято | 🗑️ 124 мусор
2026-06-01 15:52:12,924 | INFO     |   → 446/899: ✅ 22 взято | 🗑️ 61 мусор
2026-06-01 15:52:12,924 | INFO     |   → 447/899 ❌ HTTP 404 — https://raw.githubusercontent.com/awesome-vpn/awesome-vpn/master/ss
2026-06-01 15:52:12,924 | INFO     |   → 448/899 ❌ HTTP 404 — https://raw.githubusercontent.com/awesome-vpn/awesome-vpn/master/ssr
2026-06-01 15:52:12,924 | INFO     |   → 449/899: ✅ 0 взято | 🗑️ 0 мусор
2026-06-01 15:52:12,924 | INFO     |   → 450/899: ✅ 0 взято | 🗑️ 22 мусор
2026-06-01 15:52:12,924 | INFO     |   → 451/899: ✅ 0 взято | 🗑️ 3047 мусор
2026-06-01 15:52:12,924 | INFO     |   → 452/899: ✅ 0 взято | 🗑️ 339 мусор
2026-06-01 15:52:12,924 | INFO     |   → 453/899: ✅ 0 взято | 🗑️ 2227 мусор
2026-06-01 15:52:12,924 | INFO     |   → 454/899: ✅ 0 взято | 🗑️ 177 мусор
2026-06-01 15:52:12,924 | INFO     |   → 455/899 ❌ HTTP 404 — https://raw.githubusercontent.com/barry-far/V2ray-Configs/ced94ddfff48276ec365b40227561f36b1b64bc8/Sub5.txt
2026-06-01 15:52:12,924 | INFO     |   → 456/899 ❌ HTTP 404 — https://raw.githubusercontent.com/barry-far/V2ray-Configs/main/Splitted-By-Protocol/hysteria2.txt
2026-06-01 15:52:12,924 | INFO     |   → 457/899 ❌ HTTP 404 — https://raw.githubusercontent.com/barry-far/V2ray-Configs/main/Splitted-By-Protocol/vless.txt
2026-06-01 15:52:12,924 | INFO     |   → 458/899 ❌ HTTP 404 — https://raw.githubusercontent.com/barry-far/V2ray-Configs/main/Sub1.txt
2026-06-01 15:52:12,924 | INFO     |   → 459/899 ❌ HTTP 404 — https://raw.githubusercontent.com/barry-far/V2ray-Configs/refs/heads/main/All_Configs_Sub.txt
2026-06-01 15:52:12,924 | INFO     |   → 460/899: ✅ 0 взято | 🗑️ 339 мусор
2026-06-01 15:52:12,924 | INFO     |   → 461/899: ✅ 0 взято | 🗑️ 2227 мусор
2026-06-01 15:52:12,924 | INFO     |   → 462/899: ✅ 0 взято | 🗑️ 177 мусор
2026-06-01 15:52:12,924 | INFO     |   → 463/899: ✅ 0 взято | 🗑️ 0 мусор
2026-06-01 15:52:12,924 | INFO     |   → 464/899 ❌ HTTP 404 — https://raw.githubusercontent.com/budamu/clashconfig/main/v2ray.txt
2026-06-01 15:52:12,924 | INFO     |   → 465/899 ❌ HTTP 404 — https://raw.githubusercontent.com/budamu/clashconfig/main/v2ray2.txt
2026-06-01 15:52:12,924 | INFO     |   → 466/899 ❌ HTTP 404 — https://raw.githubusercontent.com/bywarm/whitelists-vpns-etc/main/whitelists1-4pda.txt
2026-06-01 15:52:12,924 | INFO     |   → 467/899: ✅ 8 взято | 🗑️ 35 мусор
2026-06-01 15:52:12,924 | INFO     |   → 468/899: ✅ 0 взято | 🗑️ 0 мусор
2026-06-01 15:52:12,924 | INFO     |   → 469/899: ✅ 0 взято | 🗑️ 35 мусор
2026-06-01 15:52:12,924 | INFO     |   → 470/899: ✅ 0 взято | 🗑️ 0 мусор
2026-06-01 15:52:12,924 | INFO     |   → 471/899: ✅ 0 взято | 🗑️ 442 мусор
2026-06-01 15:52:12,924 | INFO     |   → 472/899: ✅ 0 взято | 🗑️ 0 мусор
2026-06-01 15:52:12,924 | INFO     |   → 473/899 ❌ HTTP 404 — https://raw.githubusercontent.com/chxxyz2004/zd/17fca23b73c46b5dd73e9be49b14d219b5e5f836/sub/2401/240110.txt
2026-06-01 15:52:12,924 | INFO     |   → 474/899: ✅ 0 взято | 🗑️ 44 мусор
2026-06-01 15:52:12,924 | INFO     |   → 475/899: ✅ 356 взято | 🗑️ 5284 мусор
2026-06-01 15:52:12,924 | INFO     |   → 476/899: ✅ 236 взято | 🗑️ 517 мусор
2026-06-01 15:52:12,924 | INFO     |   → 477/899 ❌ HTTP 404 — https://raw.githubusercontent.com/cxr9912/cxr2022/main/free.yaml
2026-06-01 15:52:12,924 | INFO     |   → 478/899 ❌ HTTP 404 — https://raw.githubusercontent.com/cxr9912/cxr2022/main/mix.yaml
2026-06-01 15:52:12,924 | INFO     |   → 479/899 ❌ HTTP 404 — https://raw.githubusercontent.com/cxr9912/cxr2022/main/ss.yaml
2026-06-01 15:52:12,925 | INFO     |   → 480/899 ❌ HTTP 404 — https://raw.githubusercontent.com/cxr9912/cxr2022/main/ssr.yaml
2026-06-01 15:52:12,925 | INFO     |   → 481/899 ❌ HTTP 404 — https://raw.githubusercontent.com/cxr9912/cxr2022/main/vmess.yaml
2026-06-01 15:52:12,925 | INFO     |   → 482/899 ❌ HTTP 404 — https://raw.githubusercontent.com/cxr9912/cxr2022/refs/heads/main/18cj.json
2026-06-01 15:52:12,925 | INFO     |   → 483/899 ❌ HTTP 404 — https://raw.githubusercontent.com/cxr9912/cxr2022/refs/heads/main/aaaaaaaa.yaml
2026-06-01 15:52:12,925 | INFO     |   → 484/899 ❌ HTTP 404 — https://raw.githubusercontent.com/cxr9912/cxr2022/refs/heads/main/free.yaml
2026-06-01 15:52:12,925 | INFO     |   → 485/899 ❌ HTTP 404 — https://raw.githubusercontent.com/cxr9912/cxr2022/refs/heads/main/ss2088.txt
2026-06-01 15:52:12,925 | INFO     |   → 486/899: ✅ 0 взято | 🗑️ 18 мусор
2026-06-01 15:52:12,925 | INFO     |   → 487/899: ✅ 0 взято | 🗑️ 18 мусор
2026-06-01 15:52:12,925 | INFO     |   → 488/899: ✅ 6 взято | 🗑️ 78 мусор
2026-06-01 15:52:12,925 | INFO     |   → 489/899: ✅ 6 взято | 🗑️ 4 мусор
2026-06-01 15:52:12,925 | INFO     |   → 490/899: ✅ 0 взято | 🗑️ 2 мусор
2026-06-01 15:52:12,925 | INFO     |   → 491/899: ✅ 0 взято | 🗑️ 2 мусор
2026-06-01 15:52:12,925 | INFO     |   → 492/899: ✅ 0 взято | 🗑️ 2 мусор
2026-06-01 15:52:12,925 | INFO     |   → 493/899: ✅ 0 взято | 🗑️ 3 мусор
2026-06-01 15:52:12,925 | INFO     |   → 494/899: ✅ 0 взято | 🗑️ 2 мусор
2026-06-01 15:52:12,925 | INFO     |   → 495/899: ✅ 0 взято | 🗑️ 9 мусор
2026-06-01 15:52:12,925 | INFO     |   → 496/899: ✅ 1 взято | 🗑️ 1 мусор
2026-06-01 15:52:12,925 | INFO     |   → 497/899: ✅ 0 взято | 🗑️ 10 мусор
2026-06-01 15:52:12,925 | INFO     |   → 498/899: ✅ 0 взято | 🗑️ 2 мусор
2026-06-01 15:52:12,925 | INFO     |   → 499/899: ✅ 0 взято | 🗑️ 0 мусор
2026-06-01 15:52:12,925 | INFO     |   → 500/899: ✅ 0 взято | 🗑️ 0 мусор
2026-06-01 15:52:12,925 | INFO     |   → 501/899: ✅ 5675 взято | 🗑️ 116012 мусор
2026-06-01 15:52:12,925 | INFO     |   → 502/899: ✅ 6 взято | 🗑️ 129 мусор
2026-06-01 15:52:12,925 | INFO     |   → 503/899: ✅ 6093 взято | 🗑️ 125353 мусор
2026-06-01 15:52:12,925 | INFO     |   → 504/899: ✅ 4177 взято | 🗑️ 80789 мусор
2026-06-01 15:52:12,925 | INFO     |   → 505/899: ✅ 87 взято | 🗑️ 6233 мусор
2026-06-01 15:52:12,925 | INFO     |   → 506/899: ✅ 0 взято | 🗑️ 116012 мусор
2026-06-01 15:52:12,925 | INFO     |   → 507/899: ✅ 0 взято | 🗑️ 129 мусор
2026-06-01 15:52:12,925 | INFO     |   → 508/899: ✅ 6 взято | 🗑️ 113 мусор
2026-06-01 15:52:12,925 | INFO     |   → 509/899: ✅ 0 взято | 🗑️ 0 мусор
2026-06-01 15:52:12,925 | INFO     |   → 510/899: ✅ 1 взято | 🗑️ 25 мусор
2026-06-01 15:52:12,926 | INFO     |   → 511/899: ✅ 0 взято | 🗑️ 0 мусор
2026-06-01 15:52:12,926 | INFO     |   → 512/899: ✅ 13 взято | 🗑️ 19 мусор
2026-06-01 15:52:12,926 | INFO     |   → 513/899: ✅ 0 взято | 🗑️ 5 мусор
2026-06-01 15:52:12,926 | INFO     |   → 514/899: ✅ 2 взято | 🗑️ 80 мусор
2026-06-01 15:52:12,926 | INFO     |   → 515/899: ✅ 0 взято | 🗑️ 0 мусор
2026-06-01 15:52:12,926 | INFO     |   → 516/899: ✅ 5 взято | 🗑️ 169 мусор
2026-06-01 15:52:12,926 | INFO     |   → 517/899: ✅ 34 взято | 🗑️ 121 мусор
2026-06-01 15:52:12,926 | INFO     |   → 518/899: ✅ 4 взято | 🗑️ 97 мусор
2026-06-01 15:52:12,926 | INFO     |   → 519/899 ❌ HTTP 404 — https://raw.githubusercontent.com/free18/v2ray/main/Clash.yaml
2026-06-01 15:52:12,926 | INFO     |   → 520/899: ✅ 0 взято | 🗑️ 0 мусор
2026-06-01 15:52:12,926 | INFO     |   → 521/899: ✅ 70 взято | 🗑️ 174 мусор
2026-06-01 15:52:12,926 | INFO     |   → 522/899: ✅ 0 взято | 🗑️ 0 мусор
2026-06-01 15:52:12,926 | INFO     |   → 523/899: ✅ 0 взято | 🗑️ 15 мусор
2026-06-01 15:52:12,926 | INFO     |   → 524/899: ✅ 0 взято | 🗑️ 0 мусор
2026-06-01 15:52:12,926 | INFO     |   → 525/899: ✅ 0 взято | 🗑️ 8 мусор
2026-06-01 15:52:12,926 | INFO     |   → 526/899: ✅ 0 взято | 🗑️ 8 мусор
2026-06-01 15:52:12,926 | INFO     |   → 527/899: ✅ 0 взято | 🗑️ 8 мусор
2026-06-01 15:52:12,926 | INFO     |   → 528/899: ✅ 0 взято | 🗑️ 8 мусор
2026-06-01 15:52:12,926 | INFO     |   → 529/899 ❌ HTTP 404 — https://raw.githubusercontent.com/freev2rayconfig/V2RAY_SUB/3e6a7786a1601ee3723e8d043ae79e70dbdfd9a8/v2rayconfigs.txt
2026-06-01 15:52:12,926 | INFO     |   → 530/899 ❌ HTTP 404 — https://raw.githubusercontent.com/freev2rayconfig/V2RAY_SUBSCRIPTION_LINK/main/v2rayconfigs.txt
2026-06-01 15:52:12,926 | INFO     |   → 531/899: ✅ 0 взято | 🗑️ 5 мусор
2026-06-01 15:52:12,926 | INFO     |   → 532/899 ❌ HTTP 404 — https://raw.githubusercontent.com/gfpcom/free-proxy-list/main/list/http.txt
2026-06-01 15:52:12,926 | INFO     |   → 533/899 ❌ HTTP 404 — https://raw.githubusercontent.com/gfpcom/free-proxy-list/main/list/https.txt
2026-06-01 15:52:12,926 | INFO     |   → 534/899 ❌ HTTP 404 — https://raw.githubusercontent.com/gfpcom/free-proxy-list/main/list/socks4.txt
2026-06-01 15:52:12,926 | INFO     |   → 535/899 ❌ HTTP 404 — https://raw.githubusercontent.com/gfpcom/free-proxy-list/main/list/socks4a.txt
2026-06-01 15:52:12,926 | INFO     |   → 536/899 ❌ HTTP 404 — https://raw.githubusercontent.com/gfpcom/free-proxy-list/main/list/socks5.txt
2026-06-01 15:52:12,926 | INFO     |   → 537/899 ❌ HTTP 404 — https://raw.githubusercontent.com/gfpcom/free-proxy-list/main/list/socks5h.txt
2026-06-01 15:52:12,926 | INFO     |   → 538/899 ❌ HTTP 404 — https://raw.githubusercontent.com/gfpcom/free-proxy-list/main/list/ss.txt
2026-06-01 15:52:12,926 | INFO     |   → 539/899 ❌ HTTP 404 — https://raw.githubusercontent.com/gfpcom/free-proxy-list/main/list/ssr.txt
2026-06-01 15:52:12,926 | INFO     |   → 540/899 ❌ HTTP 404 — https://raw.githubusercontent.com/gfpcom/free-proxy-list/main/list/trojan.txt
2026-06-01 15:52:12,926 | INFO     |   → 541/899 ❌ HTTP 404 — https://raw.githubusercontent.com/gfpcom/free-proxy-list/main/list/vless.txt
2026-06-01 15:52:12,926 | INFO     |   → 542/899 ❌ HTTP 404 — https://raw.githubusercontent.com/gfpcom/free-proxy-list/main/list/vmess.txt
2026-06-01 15:52:12,927 | INFO     |   → 543/899: ✅ 0 взято | 🗑️ 17 мусор
2026-06-01 15:52:12,927 | INFO     |   → 544/899: ✅ 0 взято | 🗑️ 0 мусор
2026-06-01 15:52:12,927 | INFO     |   → 545/899: ✅ 0 взято | 🗑️ 0 мусор
2026-06-01 15:52:12,927 | INFO     |   → 546/899: ✅ 4 взято | 🗑️ 63 мусор
2026-06-01 15:52:12,927 | INFO     |   → 547/899: ✅ 530 взято | 🗑️ 1989 мусор
2026-06-01 15:52:12,927 | INFO     |   → 548/899: ✅ 391 взято | 🗑️ 946 мусор
2026-06-01 15:52:12,927 | INFO     |   → 549/899: ✅ 454 взято | 🗑️ 3879 мусор
2026-06-01 15:52:12,927 | INFO     |   → 550/899: ✅ 68 взято | 🗑️ 2435 мусор
2026-06-01 15:52:12,927 | INFO     |   → 551/899 ❌ HTTP 404 — https://raw.githubusercontent.com/hameed-maleki/TVC/89a4522969c57dcc22458cae9898426e5c4f2679/lite/config.txt
2026-06-01 15:52:12,927 | INFO     |   → 552/899: ✅ 0 взято | 🗑️ 0 мусор
2026-06-01 15:52:12,927 | INFO     |   → 553/899: ✅ 5 взято | 🗑️ 132 мусор
2026-06-01 15:52:12,927 | INFO     |   → 554/899: ✅ 0 взято | 🗑️ 56 мусор
2026-06-01 15:52:12,927 | INFO     |   → 555/899 ❌ HTTP 404 — https://raw.githubusercontent.com/hkaa0/permalink/main/proxy/V2ray
2026-06-01 15:52:12,927 | INFO     |   → 556/899: ✅ 2 взято | 🗑️ 131 мусор
2026-06-01 15:52:12,927 | INFO     |   → 557/899 ❌ HTTP 404 — https://raw.githubusercontent.com/hkaa0/permalink/main/proxy/clash
2026-06-01 15:52:12,927 | INFO     |   → 558/899 ❌ HTTP 404 — https://raw.githubusercontent.com/hkpc/Autoproxy/6cf946ddfc677a29062007e4b47d70674474baa7/sub/2401/240110.txt
2026-06-01 15:52:12,927 | INFO     |   → 559/899 ❌ HTTP 404 — https://raw.githubusercontent.com/hkpc/V2ray-Configs/7d9aa0dabf947af180a7dd6302818ed37950531a/Sub1.txt
2026-06-01 15:52:12,927 | INFO     |   → 560/899: ✅ 0 взято | 🗑️ 14 мусор
2026-06-01 15:52:12,927 | INFO     |   → 561/899: ✅ 0 взято | 🗑️ 16 мусор
2026-06-01 15:52:12,927 | INFO     |   → 562/899 ❌ HTTP 404 — https://raw.githubusercontent.com/iboxz/free-v2ray-collector/main/main
2026-06-01 15:52:12,927 | INFO     |   → 563/899: ✅ 119 взято | 🗑️ 254 мусор
2026-06-01 15:52:12,927 | INFO     |   → 564/899: ✅ 0 взято | 🗑️ 11 мусор
2026-06-01 15:52:12,927 | INFO     |   → 565/899: ✅ 0 взято | 🗑️ 25 мусор
2026-06-01 15:52:12,927 | INFO     |   → 566/899: ✅ 0 взято | 🗑️ 203 мусор
2026-06-01 15:52:12,927 | INFO     |   → 567/899: ✅ 0 взято | 🗑️ 15 мусор
2026-06-01 15:52:12,927 | INFO     |   → 568/899: ✅ 16 взято | 🗑️ 17 мусор
2026-06-01 15:52:12,927 | INFO     |   → 569/899: ✅ 37 взято | 🗑️ 21 мусор
2026-06-01 15:52:12,927 | INFO     |   → 570/899: ✅ 0 взято | 🗑️ 38 мусор
2026-06-01 15:52:12,927 | INFO     |   → 571/899 ❌ HTTP 404 — https://raw.githubusercontent.com/igareck/vpn-configs-for-russia/refs/heads/main/Vless-Reality-White-Lists-Rus-Cable.txt
2026-06-01 15:52:12,927 | INFO     |   → 572/899: ✅ 38 взято | 🗑️ 4 мусор
2026-06-01 15:52:12,928 | INFO     |   → 573/899: ✅ 0 взято | 🗑️ 0 мусор
2026-06-01 15:52:12,928 | INFO     |   → 574/899: ✅ 0 взято | 🗑️ 0 мусор
2026-06-01 15:52:12,928 | INFO     |   → 575/899: ✅ 0 взято | 🗑️ 9 мусор
2026-06-01 15:52:12,928 | INFO     |   → 576/899: ✅ 7 взято | 🗑️ 354 мусор
2026-06-01 15:52:12,928 | INFO     |   → 577/899: ✅ 0 взято | 🗑️ 0 мусор
2026-06-01 15:52:12,928 | INFO     |   → 578/899: ✅ 0 взято | 🗑️ 0 мусор
2026-06-01 15:52:12,928 | INFO     |   → 579/899: ✅ 0 взято | 🗑️ 12 мусор
2026-06-01 15:52:12,928 | INFO     |   → 580/899: ✅ 0 взято | 🗑️ 43 мусор
2026-06-01 15:52:12,928 | INFO     |   → 581/899 ❌ HTTP 404 — https://raw.githubusercontent.com/jw853355718/clash_233/master/config.yml
2026-06-01 15:52:12,928 | INFO     |   → 582/899: ✅ 0 взято | 🗑️ 210 мусор
2026-06-01 15:52:12,928 | INFO     |   → 583/899: ✅ 0 взято | 🗑️ 0 мусор
2026-06-01 15:52:12,928 | INFO     |   → 584/899 ❌ HTTP 404 — https://raw.githubusercontent.com/kismetpro/NodeSuber/main/Splitted-By-Protocol/vless.txt
2026-06-01 15:52:12,928 | INFO     |   → 585/899 ❌ HTTP 404 — https://raw.githubusercontent.com/kismetpro/NodeSuber/main/out/All_Configs_Sub.txt
2026-06-01 15:52:12,928 | INFO     |   → 586/899 ❌ HTTP 404 — https://raw.githubusercontent.com/kort0881/vpn-key-vless/main/subscriptions/all.txt
2026-06-01 15:52:12,928 | INFO     |   → 587/899: ✅ 224 взято | 🗑️ 176 мусор
2026-06-01 15:52:12,928 | INFO     |   → 588/899: ✅ 0 взято | 🗑️ 29 мусор
2026-06-01 15:52:12,928 | INFO     |   → 589/899 ❌ HTTP 404 — https://raw.githubusercontent.com/koteey/Ms.Kerosin-VPN/main/proxies.txt
2026-06-01 15:52:12,928 | INFO     |   → 590/899: ✅ 533 взято | 🗑️ 1494 мусор
2026-06-01 15:52:12,928 | INFO     |   → 591/899: ✅ 1 взято | 🗑️ 121 мусор
2026-06-01 15:52:12,928 | INFO     |   → 592/899: ✅ 0 взято | 🗑️ 0 мусор
2026-06-01 15:52:12,928 | INFO     |   → 593/899 ❌ HTTP 404 — https://raw.githubusercontent.com/lcx12901/v2ray-/master/sspool.herokuapp.com/yzcloud.yaml
2026-06-01 15:52:12,928 | INFO     |   → 594/899 ❌ HTTP 404 — https://raw.githubusercontent.com/lcx12901/v2ray-/master/sspool.herokuapp.com/yzcloud2.yaml
2026-06-01 15:52:12,928 | INFO     |   → 595/899: ✅ 0 взято | 🗑️ 0 мусор
2026-06-01 15:52:12,928 | INFO     |   → 596/899 ❌ HTTP 404 — https://raw.githubusercontent.com/learnhard-cn/free_proxy_ss/main/clash/config.yaml
2026-06-01 15:52:12,928 | INFO     |   → 597/899: ✅ 0 взято | 🗑️ 8 мусор
2026-06-01 15:52:12,928 | INFO     |   → 598/899: ✅ 0 взято | 🗑️ 4 мусор
2026-06-01 15:52:12,928 | INFO     |   → 599/899: ✅ 0 взято | 🗑️ 0 мусор
2026-06-01 15:52:12,928 | INFO     |   → 600/899: ✅ 0 взято | 🗑️ 4 мусор
2026-06-01 15:52:12,928 | INFO     |   → 601/899: ✅ 0 взято | 🗑️ 149 мусор
2026-06-01 15:52:12,928 | INFO     |   → 602/899: ✅ 0 взято | 🗑️ 421 мусор
2026-06-01 15:52:12,929 | INFO     |   → 603/899: ✅ 213 взято | 🗑️ 1155 мусор
2026-06-01 15:52:12,929 | INFO     |   → 604/899 ❌ HTTP 404 — https://raw.githubusercontent.com/lisylva-lee/v2dyku/main/ssr
2026-06-01 15:52:12,929 | INFO     |   → 605/899 ❌ HTTP 404 — https://raw.githubusercontent.com/lisylva-lee/v2dyku/main/v2dy
2026-06-01 15:52:12,929 | INFO     |   → 606/899: ✅ 0 взято | 🗑️ 53 мусор
2026-06-01 15:52:12,929 | INFO     |   → 607/899: ✅ 0 взято | 🗑️ 0 мусор
2026-06-01 15:52:12,929 | INFO     |   → 608/899: ✅ 0 взято | 🗑️ 0 мусор
2026-06-01 15:52:12,929 | INFO     |   → 609/899 ❌ HTTP 404 — https://raw.githubusercontent.com/luxl-1379/merge/77247d23def72b25226dfa741614e9b07a569c72/sub/sub_merge_base64.txt
2026-06-01 15:52:12,929 | INFO     |   → 610/899 ❌ HTTP 404 — https://raw.githubusercontent.com/luxl-1379/merge/main/sub/sub_merge_base64.txt
2026-06-01 15:52:12,929 | INFO     |   → 611/899: ✅ 146 взято | 🗑️ 343 мусор
2026-06-01 15:52:12,929 | INFO     |   → 612/899: ✅ 0 взято | 🗑️ 0 мусор
2026-06-01 15:52:12,929 | INFO     |   → 613/899: ✅ 0 взято | 🗑️ 118 мусор
2026-06-01 15:52:12,929 | INFO     |   → 614/899: ✅ 0 взято | 🗑️ 118 мусор
2026-06-01 15:52:12,929 | INFO     |   → 615/899: ✅ 0 взято | 🗑️ 0 мусор
2026-06-01 15:52:12,929 | INFO     |   → 616/899: ✅ 0 взято | 🗑️ 0 мусор
2026-06-01 15:52:12,929 | INFO     |   → 617/899: ✅ 0 взято | 🗑️ 3504 мусор
2026-06-01 15:52:12,929 | INFO     |   → 618/899: ✅ 0 взято | 🗑️ 118 мусор
2026-06-01 15:52:12,929 | INFO     |   → 619/899: ✅ 0 взято | 🗑️ 0 мусор
2026-06-01 15:52:12,929 | INFO     |   → 620/899: ✅ 0 взято | 🗑️ 3504 мусор
2026-06-01 15:52:12,929 | INFO     |   → 621/899: ✅ 0 взято | 🗑️ 0 мусор
2026-06-01 15:52:12,929 | INFO     |   → 622/899: ✅ 20 взято | 🗑️ 370 мусор
2026-06-01 15:52:12,929 | INFO     |   → 623/899: ✅ 0 взято | 🗑️ 370 мусор
2026-06-01 15:52:12,929 | INFO     |   → 624/899 ❌ HTTP 404 — https://raw.githubusercontent.com/mermeroo/Clash-V2ray/main/v2ray
2026-06-01 15:52:12,929 | INFO     |   → 625/899: ✅ 714 взято | 🗑️ 6258 мусор
2026-06-01 15:52:12,929 | INFO     |   → 626/899: ✅ 15 взято | 🗑️ 417 мусор
2026-06-01 15:52:12,929 | INFO     |   → 627/899: ✅ 6 взято | 🗑️ 102 мусор
2026-06-01 15:52:12,929 | INFO     |   → 628/899: ✅ 0 взято | 🗑️ 6258 мусор
2026-06-01 15:52:12,929 | INFO     |   → 629/899: ✅ 8 взято | 🗑️ 853 мусор
2026-06-01 15:52:12,929 | INFO     |   → 630/899: ✅ 0 взято | 🗑️ 853 мусор
2026-06-01 15:52:12,929 | INFO     |   → 631/899: ✅ 32 взято | 🗑️ 69 мусор
2026-06-01 15:52:12,930 | INFO     |   → 632/899 ❌ HTTP 404 — https://raw.githubusercontent.com/mermeroo/free-v2ray-collector/main/main/mix
2026-06-01 15:52:12,930 | INFO     |   → 633/899 ❌ HTTP 404 — https://raw.githubusercontent.com/mermeroo/free-v2ray-collector/main/main/reality
2026-06-01 15:52:12,930 | INFO     |   → 634/899 ❌ HTTP 404 — https://raw.githubusercontent.com/mermeroo/free-v2ray-collector/main/main/shadowsocks
2026-06-01 15:52:12,930 | INFO     |   → 635/899 ❌ HTTP 404 — https://raw.githubusercontent.com/mermeroo/free-v2ray-collector/main/main/trojan
2026-06-01 15:52:12,930 | INFO     |   → 636/899 ❌ HTTP 404 — https://raw.githubusercontent.com/mermeroo/free-v2ray-collector/main/main/vless
2026-06-01 15:52:12,930 | INFO     |   → 637/899 ❌ HTTP 404 — https://raw.githubusercontent.com/mermeroo/free-v2ray-collector/main/main/vmess
2026-06-01 15:52:12,930 | INFO     |   → 638/899: ✅ 0 взято | 🗑️ 0 мусор
2026-06-01 15:52:12,930 | INFO     |   → 639/899: ✅ 0 взято | 🗑️ 0 мусор
2026-06-01 15:52:12,930 | INFO     |   → 640/899 ❌ HTTP 404 — https://raw.githubusercontent.com/mfuu/v2ray/master/merge/merge.txt
2026-06-01 15:52:12,930 | INFO     |   → 641/899: ✅ 0 взято | 🗑️ 153 мусор
2026-06-01 15:52:12,930 | INFO     |   → 642/899: ✅ 0 взято | 🗑️ 153 мусор
2026-06-01 15:52:12,930 | INFO     |   → 643/899: ✅ 0 взято | 🗑️ 25 мусор
2026-06-01 15:52:12,930 | INFO     |   → 644/899: ✅ 716 взято | 🗑️ 14963 мусор
2026-06-01 15:52:12,930 | INFO     |   → 645/899: ✅ 0 взято | 🗑️ 14963 мусор
2026-06-01 15:52:12,930 | INFO     |   → 646/899: ✅ 0 взято | 🗑️ 2850 мусор
2026-06-01 15:52:12,930 | INFO     |   → 647/899: ✅ 0 взято | 🗑️ 1734 мусор
2026-06-01 15:52:12,930 | INFO     |   → 648/899: ✅ 0 взято | 🗑️ 5633 мусор
2026-06-01 15:52:12,930 | INFO     |   → 649/899: ✅ 0 взято | 🗑️ 4746 мусор
2026-06-01 15:52:12,930 | INFO     |   → 650/899 ❌ HTTP 404 — https://raw.githubusercontent.com/miladtahanian/V2RayCFGDumper/refs/heads/main/config.txt
2026-06-01 15:52:12,930 | INFO     |   → 651/899 ❌ HTTP 404 — https://raw.githubusercontent.com/miladtahanian/multi-proxy-config-fetcher/refs/heads/main/configs/proxy_configs.txt
2026-06-01 15:52:12,930 | INFO     |   → 652/899: ✅ 0 взято | 🗑️ 0 мусор
2026-06-01 15:52:12,930 | INFO     |   → 653/899: ✅ 0 взято | 🗑️ 0 мусор
2026-06-01 15:52:12,930 | INFO     |   → 654/899: ✅ 0 взято | 🗑️ 0 мусор
2026-06-01 15:52:12,930 | INFO     |   → 655/899: ✅ 15 взято | 🗑️ 46 мусор
2026-06-01 15:52:12,930 | INFO     |   → 656/899: ✅ 0 взято | 🗑️ 10 мусор
2026-06-01 15:52:12,930 | INFO     |   → 657/899: ✅ 0 взято | 🗑️ 203 мусор
2026-06-01 15:52:12,930 | INFO     |   → 658/899: ✅ 0 взято | 🗑️ 30 мусор
2026-06-01 15:52:12,930 | INFO     |   → 659/899: ✅ 0 взято | 🗑️ 0 мусор
2026-06-01 15:52:12,930 | INFO     |   → 660/899: ✅ 28 взято | 🗑️ 93 мусор
2026-06-01 15:52:12,930 | INFO     |   → 661/899: ✅ 74 взято | 🗑️ 425 мусор
2026-06-01 15:52:12,931 | INFO     |   → 662/899: ✅ 168 взято | 🗑️ 330 мусор
2026-06-01 15:52:12,931 | INFO     |   → 663/899: ✅ 0 взято | 🗑️ 0 мусор
2026-06-01 15:52:12,931 | INFO     |   → 664/899: ✅ 15 взято | 🗑️ 70 мусор
2026-06-01 15:52:12,931 | INFO     |   → 665/899: ✅ 127 взято | 🗑️ 492 мусор
2026-06-01 15:52:12,931 | INFO     |   → 666/899: ✅ 331 взято | 🗑️ 190 мусор
2026-06-01 15:52:12,931 | INFO     |   → 667/899: ✅ 85 взято | 🗑️ 1184 мусор
2026-06-01 15:52:12,931 | INFO     |   → 668/899: ✅ 49 взято | 🗑️ 791 мусор
2026-06-01 15:52:12,931 | INFO     |   → 669/899: ✅ 15 взято | 🗑️ 323 мусор
2026-06-01 15:52:12,931 | INFO     |   → 670/899: ✅ 0 взято | 🗑️ 512 мусор
2026-06-01 15:52:12,931 | INFO     |   → 671/899 ❌ HTTP 404 — https://raw.githubusercontent.com/obscure1990/freeVM/master/snippets/nodes.yml
2026-06-01 15:52:12,931 | INFO     |   → 672/899: ✅ 1181 взято | 🗑️ 177 мусор
2026-06-01 15:52:12,931 | INFO     |   → 673/899 ❌ HTTP 404 — https://raw.githubusercontent.com/op30mmd/things/909b38024ba14d69dc0f95c238f63bc6e930a00f/eut.txt
2026-06-01 15:52:12,931 | INFO     |   → 674/899 ❌ HTTP 404 — https://raw.githubusercontent.com/openRunner/clash-freenode/main/v2ray.txt
2026-06-01 15:52:12,931 | INFO     |   → 675/899 ❌ HTTP 404 — https://raw.githubusercontent.com/oslook/clash-freenode/main/clash.yaml
2026-06-01 15:52:12,931 | INFO     |   → 676/899: ✅ 0 взято | 🗑️ 0 мусор
2026-06-01 15:52:12,931 | INFO     |   → 677/899: ✅ 4 взято | 🗑️ 1 мусор
2026-06-01 15:52:12,931 | INFO     |   → 678/899: ✅ 0 взято | 🗑️ 0 мусор
2026-06-01 15:52:12,931 | INFO     |   → 679/899: ✅ 3 взято | 🗑️ 61 мусор
2026-06-01 15:52:12,931 | INFO     |   → 680/899: ✅ 0 взято | 🗑️ 0 мусор
2026-06-01 15:52:12,931 | INFO     |   → 681/899: ✅ 0 взято | 🗑️ 61 мусор
2026-06-01 15:52:12,931 | INFO     |   → 682/899: ✅ 0 взято | 🗑️ 61 мусор
2026-06-01 15:52:12,931 | INFO     |   → 683/899: ✅ 4 взято | 🗑️ 3 мусор
2026-06-01 15:52:12,931 | INFO     |   → 684/899: ✅ 6703 взято | 🗑️ 35561 мусор
2026-06-01 15:52:12,931 | INFO     |   → 685/899: ✅ 0 взято | 🗑️ 0 мусор
2026-06-01 15:52:12,931 | INFO     |   → 686/899: ✅ 0 взято | 🗑️ 0 мусор
2026-06-01 15:52:12,931 | INFO     |   → 687/899: ✅ 0 взято | 🗑️ 19 мусор
2026-06-01 15:52:12,931 | INFO     |   → 688/899: ✅ 0 взято | 🗑️ 0 мусор
2026-06-01 15:52:12,931 | INFO     |   → 689/899: ✅ 0 взято | 🗑️ 67 мусор
2026-06-01 15:52:12,931 | INFO     |   → 690/899: ✅ 0 взято | 🗑️ 1 мусор
2026-06-01 15:52:12,931 | INFO     |   → 691/899: ✅ 0 взято | 🗑️ 44 мусор
2026-06-01 15:52:12,931 | INFO     |   → 692/899: ✅ 63 взято | 🗑️ 521 мусор
2026-06-01 15:52:12,931 | INFO     |   → 693/899: ✅ 165 взято | 🗑️ 273 мусор
2026-06-01 15:52:12,931 | INFO     |   → 694/899: ✅ 0 взято | 🗑️ 0 мусор
2026-06-01 15:52:12,931 | INFO     |   → 695/899: ✅ 13 взято | 🗑️ 211 мусор
2026-06-01 15:52:12,931 | INFO     |   → 696/899: ✅ 3 взято | 🗑️ 56 мусор
2026-06-01 15:52:12,931 | INFO     |   → 697/899: ✅ 0 взято | 🗑️ 79 мусор
2026-06-01 15:52:12,931 | INFO     |   → 698/899: ✅ 13 взято | 🗑️ 32 мусор
2026-06-01 15:52:12,931 | INFO     |   → 699/899: ✅ 0 взято | 🗑️ 0 мусор
2026-06-01 15:52:12,931 | INFO     |   → 700/899: ✅ 2 взято | 🗑️ 9 мусор
2026-06-01 15:52:12,932 | INFO     |   → 701/899: ✅ 11 взято | 🗑️ 76 мусор
2026-06-01 15:52:12,932 | INFO     |   → 702/899: ✅ 0 взято | 🗑️ 168 мусор
2026-06-01 15:52:12,932 | INFO     |   → 703/899: ✅ 0 взято | 🗑️ 79 мусор
2026-06-01 15:52:12,932 | INFO     |   → 704/899: ✅ 0 взято | 🗑️ 0 мусор
2026-06-01 15:52:12,932 | INFO     |   → 705/899: ✅ 0 взято | 🗑️ 16 мусор
2026-06-01 15:52:12,932 | INFO     |   → 706/899 ❌ HTTP 404 — https://raw.githubusercontent.com/ronghuaxueleng/get_v2/main/pub/changfengoss.yaml
2026-06-01 15:52:12,932 | INFO     |   → 707/899: ✅ 0 взято | 🗑️ 0 мусор
2026-06-01 15:52:12,932 | INFO     |   → 708/899: ✅ 24 взято | 🗑️ 70 мусор
2026-06-01 15:52:12,932 | INFO     |   → 709/899: ✅ 0 взято | 🗑️ 70 мусор
2026-06-01 15:52:12,932 | INFO     |   → 710/899 ❌ HTTP 404 — https://raw.githubusercontent.com/rxsweet/CM_Vmess/refs/heads/main/test.txt
2026-06-01 15:52:12,932 | INFO     |   → 711/899 ❌ HTTP 404 — https://raw.githubusercontent.com/rxsweet/proxies/main/sub/free.yaml
2026-06-01 15:52:12,932 | INFO     |   → 712/899 ❌ HTTP 404 — https://raw.githubusercontent.com/rxsweet/proxies/main/sub/rx.yaml
2026-06-01 15:52:12,932 | INFO     |   → 713/899 ❌ HTTP 404 — https://raw.githubusercontent.com/rxsweet/proxies/main/sub/sources/dynamicAll.yaml
2026-06-01 15:52:12,932 | INFO     |   → 714/899 ❌ HTTP 404 — https://raw.githubusercontent.com/rxsweet/proxies/main/sub/sources/miningAll.yaml
2026-06-01 15:52:12,932 | INFO     |   → 715/899 ❌ HTTP 404 — https://raw.githubusercontent.com/rxsweet/proxies/main/sub/srx.yaml
2026-06-01 15:52:12,932 | INFO     |   → 716/899: ✅ 454 взято | 🗑️ 1985 мусор
2026-06-01 15:52:12,932 | INFO     |   → 717/899 ❌ HTTP 404 — https://raw.githubusercontent.com/sajad-sajadi/V2ray-Collector/raw/main/output/protocols/vmess.txt
2026-06-01 15:52:12,932 | INFO     |   → 718/899: ✅ 1926 взято | 🗑️ 2508 мусор
2026-06-01 15:52:12,932 | INFO     |   → 719/899 ❌ HTTP 404 — https://raw.githubusercontent.com/sakha1370/OpenRay/raw/refs/heads/main/output/all_valid_proxies.txt
2026-06-01 15:52:12,932 | INFO     |   → 720/899: ✅ 2 взято | 🗑️ 399 мусор
2026-06-01 15:52:12,932 | INFO     |   → 721/899: ✅ 0 взято | 🗑️ 399 мусор
2026-06-01 15:52:12,932 | INFO     |   → 722/899 ❌ HTTP 404 — https://raw.githubusercontent.com/samjoeyang/subscribe/main/fly
2026-06-01 15:52:12,932 | INFO     |   → 723/899: ✅ 0 взято | 🗑️ 0 мусор
2026-06-01 15:52:12,932 | INFO     |   → 724/899 ❌ HTTP 404 — https://raw.githubusercontent.com/satrom/V2SSR/master/SSR/Sub.txt
2026-06-01 15:52:12,932 | INFO     |   → 725/899 ❌ HTTP 404 — https://raw.githubusercontent.com/satrom/V2SSR/master/V2RAY/Sub.txt
2026-06-01 15:52:12,932 | INFO     |   → 726/899: ✅ 4936 взято | 🗑️ 96576 мусор
2026-06-01 15:52:12,932 | INFO     |   → 727/899: ✅ 0 взято | 🗑️ 0 мусор
2026-06-01 15:52:12,932 | INFO     |   → 728/899: ✅ 0 взято | 🗑️ 0 мусор
2026-06-01 15:52:12,932 | INFO     |   → 729/899: ✅ 3 взято | 🗑️ 49 мусор
2026-06-01 15:52:12,932 | INFO     |   → 730/899: ✅ 0 взято | 🗑️ 1548 мусор
2026-06-01 15:52:12,932 | INFO     |   → 731/899: ✅ 0 взято | 🗑️ 783 мусор
2026-06-01 15:52:12,932 | INFO     |   → 732/899: ✅ 0 взято | 🗑️ 81 мусор
2026-06-01 15:52:12,932 | INFO     |   → 733/899: ✅ 0 взято | 🗑️ 659 мусор
2026-06-01 15:52:12,932 | INFO     |   → 734/899: ✅ 0 взято | 🗑️ 25 мусор
2026-06-01 15:52:12,932 | INFO     |   → 735/899: ✅ 0 взято | 🗑️ 1548 мусор
2026-06-01 15:52:12,932 | INFO     |   → 736/899: ✅ 0 взято | 🗑️ 0 мусор
2026-06-01 15:52:12,932 | INFO     |   → 737/899: ✅ 0 взято | 🗑️ 0 мусор
2026-06-01 15:52:12,933 | INFO     |   → 738/899 ❌ HTTP 404 — https://raw.githubusercontent.com/shirkerboy/scp/main/sub
2026-06-01 15:52:12,933 | INFO     |   → 739/899 ❌ HTTP 404 — https://raw.githubusercontent.com/skywrt/v2ray-Collector/master/v2ray
2026-06-01 15:52:12,933 | INFO     |   → 740/899 ❌ HTTP 404 — https://raw.githubusercontent.com/snakem982/proxypool/main/nodelist.txt
2026-06-01 15:52:12,933 | INFO     |   → 741/899: ✅ 0 взято | 🗑️ 0 мусор
2026-06-01 15:52:12,933 | INFO     |   → 742/899: ✅ 0 взято | 🗑️ 7 мусор
2026-06-01 15:52:12,933 | INFO     |   → 743/899 ❌ HTTP 404 — https://raw.githubusercontent.com/snakem982/proxypool/main/source/v2ray.txt
2026-06-01 15:52:12,933 | INFO     |   → 744/899 ❌ HTTP 404 — https://raw.githubusercontent.com/soroushmirzaei/telegram-configs-collector/main/channels/protocols/hysteria
2026-06-01 15:52:12,933 | INFO     |   → 745/899 ❌ HTTP 404 — https://raw.githubusercontent.com/soroushmirzaei/telegram-configs-collector/main/channels/protocols/juicity
2026-06-01 15:52:12,933 | INFO     |   → 746/899 ❌ HTTP 404 — https://raw.githubusercontent.com/soroushmirzaei/telegram-configs-collector/main/channels/protocols/reality
2026-06-01 15:52:12,933 | INFO     |   → 747/899 ❌ HTTP 404 — https://raw.githubusercontent.com/soroushmirzaei/telegram-configs-collector/main/channels/protocols/shadowsocks
2026-06-01 15:52:12,933 | INFO     |   → 748/899 ❌ HTTP 404 — https://raw.githubusercontent.com/soroushmirzaei/telegram-configs-collector/main/channels/protocols/trojan
2026-06-01 15:52:12,933 | INFO     |   → 749/899 ❌ HTTP 404 — https://raw.githubusercontent.com/soroushmirzaei/telegram-configs-collector/main/channels/protocols/tuic
2026-06-01 15:52:12,933 | INFO     |   → 750/899 ❌ HTTP 404 — https://raw.githubusercontent.com/soroushmirzaei/telegram-configs-collector/main/channels/protocols/vless
2026-06-01 15:52:12,933 | INFO     |   → 751/899 ❌ HTTP 404 — https://raw.githubusercontent.com/soroushmirzaei/telegram-configs-collector/main/channels/protocols/vmess
2026-06-01 15:52:12,933 | INFO     |   → 752/899 ❌ HTTP 404 — https://raw.githubusercontent.com/soroushmirzaei/telegram-configs-collector/main/countries/jp/mixed
2026-06-01 15:52:12,933 | INFO     |   → 753/899 ❌ HTTP 404 — https://raw.githubusercontent.com/soroushmirzaei/telegram-configs-collector/main/protocols/hysteria
2026-06-01 15:52:12,933 | INFO     |   → 754/899 ❌ HTTP 404 — https://raw.githubusercontent.com/soroushmirzaei/telegram-configs-collector/main/protocols/juicity
2026-06-01 15:52:12,933 | INFO     |   → 755/899 ❌ HTTP 404 — https://raw.githubusercontent.com/soroushmirzaei/telegram-configs-collector/main/protocols/reality
2026-06-01 15:52:12,933 | INFO     |   → 756/899 ❌ HTTP 404 — https://raw.githubusercontent.com/soroushmirzaei/telegram-configs-collector/main/protocols/shadowsocks
2026-06-01 15:52:12,933 | INFO     |   → 757/899 ❌ HTTP 404 — https://raw.githubusercontent.com/soroushmirzaei/telegram-configs-collector/main/protocols/trojan
2026-06-01 15:52:12,933 | INFO     |   → 758/899 ❌ HTTP 404 — https://raw.githubusercontent.com/soroushmirzaei/telegram-configs-collector/main/protocols/tuic
2026-06-01 15:52:12,933 | INFO     |   → 759/899 ❌ HTTP 404 — https://raw.githubusercontent.com/soroushmirzaei/telegram-configs-collector/main/protocols/vless
2026-06-01 15:52:12,933 | INFO     |   → 760/899 ❌ HTTP 404 — https://raw.githubusercontent.com/soroushmirzaei/telegram-configs-collector/main/protocols/vmess
2026-06-01 15:52:12,933 | INFO     |   → 761/899 ❌ HTTP 404 — https://raw.githubusercontent.com/soroushmirzaei/telegram-configs-collector/main/splitted/subscribe
2026-06-01 15:52:12,933 | INFO     |   → 762/899 ❌ HTTP 404 — https://raw.githubusercontent.com/ssrsub/ssr/master/Clash.yml
2026-06-01 15:52:12,933 | INFO     |   → 763/899 ❌ HTTP 404 — https://raw.githubusercontent.com/ssrsub/ssr/master/V2Ray
2026-06-01 15:52:12,933 | INFO     |   → 764/899 ❌ HTTP 404 — https://raw.githubusercontent.com/ssrsub/ssr/master/ss-sub
2026-06-01 15:52:12,933 | INFO     |   → 765/899 ❌ HTTP 404 — https://raw.githubusercontent.com/ssrsub/ssr/master/ssrsub
2026-06-01 15:52:12,934 | INFO     |   → 766/899 ❌ HTTP 404 — https://raw.githubusercontent.com/ssrsub/ssr/master/trojan
2026-06-01 15:52:12,934 | INFO     |   → 767/899 ❌ HTTP 404 — https://raw.githubusercontent.com/ssrsub/ssr/master/vless.txt
2026-06-01 15:52:12,934 | INFO     |   → 768/899: ✅ 0 взято | 🗑️ 0 мусор
2026-06-01 15:52:12,934 | INFO     |   → 769/899: ✅ 2 взято | 🗑️ 12 мусор
2026-06-01 15:52:12,934 | INFO     |   → 770/899: ✅ 0 взято | 🗑️ 13 мусор
2026-06-01 15:52:12,934 | INFO     |   → 771/899: ✅ 0 взято | 🗑️ 13 мусор
2026-06-01 15:52:12,934 | INFO     |   → 772/899 ❌ HTTP 404 — https://raw.githubusercontent.com/tbbatbb/Proxy/master/dist/clash.config.yaml
2026-06-01 15:52:12,934 | INFO     |   → 773/899: ✅ 63 взято | 🗑️ 237 мусор
2026-06-01 15:52:12,934 | INFO     |   → 774/899: ✅ 45 взято | 🗑️ 255 мусор
2026-06-01 15:52:12,934 | INFO     |   → 775/899: ✅ 20 взято | 🗑️ 101 мусор
2026-06-01 15:52:12,934 | INFO     |   → 776/899: ✅ 26 взято | 🗑️ 274 мусор
2026-06-01 15:52:12,934 | INFO     |   → 777/899: ✅ 48 взято | 🗑️ 252 мусор
2026-06-01 15:52:12,934 | INFO     |   → 778/899: ✅ 32 взято | 🗑️ 268 мусор
2026-06-01 15:52:12,934 | INFO     |   → 779/899: ✅ 99 взято | 🗑️ 201 мусор
2026-06-01 15:52:12,934 | INFO     |   → 780/899: ✅ 229 взято | 🗑️ 71 мусор
2026-06-01 15:52:12,934 | INFO     |   → 781/899 ❌ HTTP 404 — https://raw.githubusercontent.com/thuhollow2/myconfig/main/config.yaml
2026-06-01 15:52:12,934 | INFO     |   → 782/899: ✅ 2 взято | 🗑️ 35 мусор
2026-06-01 15:52:12,934 | INFO     |   → 783/899: ✅ 0 взято | 🗑️ 0 мусор
2026-06-01 15:52:12,934 | INFO     |   → 784/899: ✅ 5 взято | 🗑️ 111 мусор
2026-06-01 15:52:12,934 | INFO     |   → 785/899: ✅ 0 взято | 🗑️ 0 мусор
2026-06-01 15:52:12,934 | INFO     |   → 786/899: ✅ 4 взято | 🗑️ 65 мусор
2026-06-01 15:52:12,934 | INFO     |   → 787/899 ❌ HTTP 404 — https://raw.githubusercontent.com/v2clash/Autoproxy/a81f840ab2364124133572ec94e4b81fb0d4e58d/sub/2401/240104.txt
2026-06-01 15:52:12,934 | INFO     |   → 788/899 ❌ HTTP 404 — https://raw.githubusercontent.com/v2clash/V2ray-Configs/31f493c584d0c7b56350f4a34d80c53ad82bcc18/Sub9.txt
2026-06-01 15:52:12,934 | INFO     |   → 789/899: ✅ 36 взято | 🗑️ 303 мусор
2026-06-01 15:52:12,934 | INFO     |   → 790/899: ✅ 0 взято | 🗑️ 0 мусор
2026-06-01 15:52:12,934 | INFO     |   → 791/899: ✅ 0 взято | 🗑️ 0 мусор
2026-06-01 15:52:12,934 | INFO     |   → 792/899: ✅ 0 взято | 🗑️ 0 мусор
2026-06-01 15:52:12,934 | INFO     |   → 793/899: ✅ 283 взято | 🗑️ 9640 мусор
2026-06-01 15:52:12,934 | INFO     |   → 794/899: ✅ 281 взято | 🗑️ 10086 мусор
2026-06-01 15:52:12,935 | INFO     |   → 795/899: ✅ 280 взято | 🗑️ 9675 мусор
2026-06-01 15:52:12,935 | INFO     |   → 796/899: ✅ 334 взято | 🗑️ 9823 мусор
2026-06-01 15:52:12,935 | INFO     |   → 797/899: ✅ 350 взято | 🗑️ 9639 мусор
2026-06-01 15:52:12,935 | INFO     |   → 798/899: ✅ 125 взято | 🗑️ 7919 мусор
2026-06-01 15:52:12,935 | INFO     |   → 799/899: ✅ 135 взято | 🗑️ 4836 мусор
2026-06-01 15:52:12,935 | INFO     |   → 800/899: ✅ 502 взято | 🗑️ 7659 мусор
2026-06-01 15:52:12,935 | INFO     |   → 801/899: ✅ 631 взято | 🗑️ 8081 мусор
2026-06-01 15:52:12,935 | INFO     |   → 802/899: ✅ 202 взято | 🗑️ 5131 мусор
2026-06-01 15:52:12,935 | INFO     |   → 803/899 ❌ HTTP 404 — https://raw.githubusercontent.com/vsevjik/OBSpiskov/main/wwh
2026-06-01 15:52:12,935 | INFO     |   → 804/899 ❌ HTTP 404 — https://raw.githubusercontent.com/vsevjik/OBSpiskov/main/wwhjk
2026-06-01 15:52:12,935 | INFO     |   → 805/899 ❌ HTTP 404 — https://raw.githubusercontent.com/vsevjik/OBSpiskov/main/wwhljjjkk
2026-06-01 15:52:12,935 | INFO     |   → 806/899 ❌ HTTP 404 — https://raw.githubusercontent.com/vveg26/chromego_merge/main/sub/merged_proxies.yaml
2026-06-01 15:52:12,935 | INFO     |   → 807/899 ❌ HTTP 404 — https://raw.githubusercontent.com/vveg26/get_proxy/main/dist/clash.config.yaml
2026-06-01 15:52:12,935 | INFO     |   → 808/899: ✅ 0 взято | 🗑️ 0 мусор
2026-06-01 15:52:12,935 | INFO     |   → 809/899: ✅ 0 взято | 🗑️ 10 мусор
2026-06-01 15:52:12,935 | INFO     |   → 810/899: ✅ 0 взято | 🗑️ 10 мусор
2026-06-01 15:52:12,935 | INFO     |   → 811/899: ✅ 0 взято | 🗑️ 4 мусор
2026-06-01 15:52:12,935 | INFO     |   → 812/899: ✅ 0 взято | 🗑️ 0 мусор
2026-06-01 15:52:12,935 | INFO     |   → 813/899: ✅ 0 взято | 🗑️ 4 мусор
2026-06-01 15:52:12,935 | INFO     |   → 814/899: ✅ 106 взято | 🗑️ 689 мусор
2026-06-01 15:52:12,935 | INFO     |   → 815/899: ✅ 48 взято | 🗑️ 841 мусор
2026-06-01 15:52:12,935 | INFO     |   → 816/899: ✅ 21 взято | 🗑️ 789 мусор
2026-06-01 15:52:12,935 | INFO     |   → 817/899: ✅ 24 взято | 🗑️ 774 мусор
2026-06-01 15:52:12,935 | INFO     |   → 818/899: ✅ 52 взято | 🗑️ 756 мусор
2026-06-01 15:52:12,935 | INFO     |   → 819/899: ✅ 191 взято | 🗑️ 745 мусор
2026-06-01 15:52:12,935 | INFO     |   → 820/899: ✅ 9 взято | 🗑️ 651 мусор
2026-06-01 15:52:12,935 | INFO     |   → 821/899: ✅ 185 взято | 🗑️ 388 мусор
2026-06-01 15:52:12,935 | INFO     |   → 822/899: ✅ 130 взято | 🗑️ 523 мусор
2026-06-01 15:52:12,935 | INFO     |   → 823/899: ✅ 67 взято | 🗑️ 533 мусор
2026-06-01 15:52:12,935 | INFO     |   → 824/899: ✅ 98 взято | 🗑️ 444 мусор
2026-06-01 15:52:12,936 | INFO     |   → 825/899: ✅ 102 взято | 🗑️ 670 мусор
2026-06-01 15:52:12,936 | INFO     |   → 826/899: ✅ 86 взято | 🗑️ 476 мусор
2026-06-01 15:52:12,936 | INFO     |   → 827/899: ✅ 95 взято | 🗑️ 657 мусор
2026-06-01 15:52:12,936 | INFO     |   → 828/899: ✅ 105 взято | 🗑️ 645 мусор
2026-06-01 15:52:12,936 | INFO     |   → 829/899: ✅ 115 взято | 🗑️ 985 мусор
2026-06-01 15:52:12,936 | INFO     |   → 830/899: ✅ 3 взято | 🗑️ 63 мусор
2026-06-01 15:52:12,936 | INFO     |   → 831/899: ✅ 3 взято | 🗑️ 62 мусор
2026-06-01 15:52:12,936 | INFO     |   → 832/899: ✅ 13 взято | 🗑️ 489 мусор
2026-06-01 15:52:12,936 | INFO     |   → 833/899: ✅ 0 взято | 🗑️ 0 мусор
2026-06-01 15:52:12,936 | INFO     |   → 834/899: ✅ 0 взято | 🗑️ 0 мусор
2026-06-01 15:52:12,936 | INFO     |   → 835/899: ✅ 0 взято | 🗑️ 0 мусор
2026-06-01 15:52:12,936 | INFO     |   → 836/899: ✅ 0 взято | 🗑️ 0 мусор
2026-06-01 15:52:12,936 | INFO     |   → 837/899: ✅ 0 взято | 🗑️ 0 мусор
2026-06-01 15:52:12,936 | INFO     |   → 838/899: ✅ 0 взято | 🗑️ 0 мусор
2026-06-01 15:52:12,936 | INFO     |   → 839/899: ✅ 0 взято | 🗑️ 52 мусор
2026-06-01 15:52:12,936 | INFO     |   → 840/899: ✅ 5 взято | 🗑️ 10 мусор
2026-06-01 15:52:12,936 | INFO     |   → 841/899: ✅ 1 взято | 🗑️ 124 мусор
2026-06-01 15:52:12,936 | INFO     |   → 842/899: ✅ 164 взято | 🗑️ 135 мусор
2026-06-01 15:52:12,936 | INFO     |   → 843/899: ✅ 0 взято | 🗑️ 9 мусор
2026-06-01 15:52:12,936 | INFO     |   → 844/899: ✅ 64 взято | 🗑️ 2079 мусор
2026-06-01 15:52:12,936 | INFO     |   → 845/899: ✅ 0 взято | 🗑️ 2058 мусор
2026-06-01 15:52:12,936 | INFO     |   → 846/899: ✅ 0 взято | 🗑️ 14 мусор
2026-06-01 15:52:12,936 | INFO     |   → 847/899: ✅ 0 взято | 🗑️ 0 мусор
2026-06-01 15:52:12,936 | INFO     |   → 848/899: ✅ 0 взято | 🗑️ 2079 мусор
2026-06-01 15:52:12,936 | INFO     |   → 849/899 ❌ HTTP 404 — https://raw.githubusercontent.com/xiaozhu2007/xiaozhu2007/61a755a044dbaeea678bc2d1e20f21a21c6d7170/docs/fxxk.txt
2026-06-01 15:52:12,936 | INFO     |   → 850/899: ✅ 0 взято | 🗑️ 159 мусор
2026-06-01 15:52:12,936 | INFO     |   → 851/899: ✅ 0 взято | 🗑️ 22 мусор
2026-06-01 15:52:12,936 | INFO     |   → 852/899: ✅ 0 взято | 🗑️ 0 мусор
2026-06-01 15:52:12,936 | INFO     |   → 853/899 ❌ HTTP 404 — https://raw.githubusercontent.com/yebekhe/TVC/0f745f92bf381e505f1245abbc7c145b19b11503/config.txt
2026-06-01 15:52:12,937 | INFO     |   → 854/899 ❌ HTTP 404 — https://raw.githubusercontent.com/yebekhe/TVC/9fac69239c69327fb7a61f5a8d79d107133889e1/lite/config.txt
2026-06-01 15:52:12,937 | INFO     |   → 855/899 ❌ HTTP 404 — https://raw.githubusercontent.com/yebekhe/TelegramV2rayCollector/main/sub/normal/donated
2026-06-01 15:52:12,937 | INFO     |   → 856/899 ❌ HTTP 404 — https://raw.githubusercontent.com/yebekhe/TelegramV2rayCollector/main/sub/normal/hysteria2
2026-06-01 15:52:12,937 | INFO     |   → 857/899 ❌ HTTP 404 — https://raw.githubusercontent.com/yebekhe/TelegramV2rayCollector/main/sub/normal/mix
2026-06-01 15:52:12,937 | INFO     |   → 858/899 ❌ HTTP 404 — https://raw.githubusercontent.com/yebekhe/TelegramV2rayCollector/main/sub/normal/reality
2026-06-01 15:52:12,937 | INFO     |   → 859/899 ❌ HTTP 404 — https://raw.githubusercontent.com/yebekhe/TelegramV2rayCollector/main/sub/normal/shadowsocks
2026-06-01 15:52:12,937 | INFO     |   → 860/899 ❌ HTTP 404 — https://raw.githubusercontent.com/yebekhe/TelegramV2rayCollector/main/sub/normal/trojan
2026-06-01 15:52:12,937 | INFO     |   → 861/899 ❌ HTTP 404 — https://raw.githubusercontent.com/yebekhe/TelegramV2rayCollector/main/sub/normal/tuic
2026-06-01 15:52:12,937 | INFO     |   → 862/899 ❌ HTTP 404 — https://raw.githubusercontent.com/yebekhe/TelegramV2rayCollector/main/sub/normal/vless
2026-06-01 15:52:12,937 | INFO     |   → 863/899 ❌ HTTP 404 — https://raw.githubusercontent.com/yebekhe/TelegramV2rayCollector/main/sub/normal/vmess
2026-06-01 15:52:12,937 | INFO     |   → 864/899 ❌ HTTP 404 — https://raw.githubusercontent.com/yebekhe/V2Hub/main/Split/Normal/shadowsocks
2026-06-01 15:52:12,937 | INFO     |   → 865/899 ❌ HTTP 404 — https://raw.githubusercontent.com/yebekhe/V2Hub/main/merged
2026-06-01 15:52:12,937 | INFO     |   → 866/899: ✅ 0 взято | 🗑️ 30 мусор
2026-06-01 15:52:12,937 | INFO     |   → 867/899: ✅ 942 взято | 🗑️ 8170 мусор
2026-06-01 15:52:12,937 | INFO     |   → 868/899: ✅ 0 взято | 🗑️ 8170 мусор
2026-06-01 15:52:12,937 | INFO     |   → 869/899: ✅ 6 взято | 🗑️ 370 мусор
2026-06-01 15:52:12,937 | INFO     |   → 870/899: ✅ 13 взято | 🗑️ 348 мусор
2026-06-01 15:52:12,937 | INFO     |   → 871/899: ✅ 262 взято | 🗑️ 315 мусор
2026-06-01 15:52:12,937 | INFO     |   → 872/899: ✅ 0 взято | 🗑️ 1482 мусор
2026-06-01 15:52:12,937 | INFO     |   → 873/899: ✅ 1 взято | 🗑️ 409 мусор
2026-06-01 15:52:12,937 | INFO     |   → 874/899 ❌ HTTP 404 — https://raw.githubusercontent.com/yyyr-otz/tele-providers-collector/019cb3e07ee52fddbc7caa54fc670c6b9bae6539/sub/proxies.txt
2026-06-01 15:52:12,937 | INFO     |   → 875/899 ❌ HTTP 404 — https://raw.githubusercontent.com/yyyr-otz/tele-providers-collector/b7a74ee98bcf02c5a507d688a1bed3aa9f7f4ed1/script/raw/protocols/mixed.txt
2026-06-01 15:52:12,937 | INFO     |   → 876/899: ✅ 0 взято | 🗑️ 0 мусор
2026-06-01 15:52:12,937 | INFO     |   → 877/899: ✅ 0 взято | 🗑️ 0 мусор
2026-06-01 15:52:12,937 | INFO     |   → 878/899: ✅ 0 взято | 🗑️ 18 мусор
2026-06-01 15:52:12,937 | INFO     |   → 879/899: ✅ 412 взято | 🗑️ 10 мусор
2026-06-01 15:52:12,937 | INFO     |   → 880/899: ✅ 0 взято | 🗑️ 23 мусор
2026-06-01 15:52:12,937 | INFO     |   → 881/899: ✅ 0 взято | 🗑️ 5 мусор
2026-06-01 15:52:12,937 | INFO     |   → 882/899: ✅ 0 взято | 🗑️ 0 мусор
2026-06-01 15:52:12,937 | INFO     |   → 883/899 ⚠️ Ошибка: ('Connection aborted.', RemoteDisconnected('Remote end closed connection without response')) — https://sub.pmsub.me/clash.yaml
2026-06-01 15:52:12,938 | INFO     |   → 884/899: ✅ 0 взято | 🗑️ 0 мусор
2026-06-01 15:52:12,938 | INFO     |   → 885/899: ✅ 0 взято | 🗑️ 0 мусор
2026-06-01 15:52:12,938 | INFO     |   → 886/899: ✅ 0 взято | 🗑️ 0 мусор
2026-06-01 15:52:12,938 | INFO     |   → 887/899: ✅ 0 взято | 🗑️ 0 мусор
2026-06-01 15:52:12,938 | INFO     |   → 888/899: ✅ 0 взято | 🗑️ 0 мусор
2026-06-01 15:52:12,938 | INFO     |   → 889/899: ✅ 0 взято | 🗑️ 0 мусор
2026-06-01 15:52:12,938 | INFO     |   → 890/899: ✅ 0 взято | 🗑️ 0 мусор
2026-06-01 15:52:12,938 | INFO     |   → 891/899: ✅ 0 взято | 🗑️ 1 мусор
2026-06-01 15:52:12,938 | INFO     |   → 892/899: ✅ 7 взято | 🗑️ 12 мусор
2026-06-01 15:52:12,938 | INFO     |   → 893/899: ✅ 0 взято | 🗑️ 0 мусор
2026-06-01 15:52:12,938 | INFO     |   → 894/899: ✅ 0 взято | 🗑️ 7 мусор
2026-06-01 15:52:12,938 | INFO     |   → 895/899: ✅ 0 взято | 🗑️ 0 мусор
2026-06-01 15:52:12,938 | INFO     |   → 896/899: ✅ 11 взято | 🗑️ 12 мусор
2026-06-01 15:52:12,938 | INFO     |   → 897/899: ✅ 0 взято | 🗑️ 0 мусор
2026-06-01 15:52:12,938 | INFO     |   → 898/899 ⚠️ Ошибка: HTTPSConnectionPool(host='v2rayshare.githubrowcontent.com', port=443): Max retries exceeded with url: /%7BYYYY%7D/%7BMM%7D/%7BYYYY%7D%7BMM%7D%7BDD%7D.txt (Caused by NameResolutionError("HTTPSConnection(host='v2rayshare.githubrowcontent.com', port=443): Failed to resolve 'v2rayshare.githubrowcontent.com' ([Errno -2] Name or service not known)")) — https://v2rayshare.githubrowcontent.com/{YYYY}/{MM}/{YYYY}{MM}{DD}.txt
2026-06-01 15:52:12,938 | INFO     |   → 899/899: ✅ 0 взято | 🗑️ 20 мусор
2026-06-01 15:52:12,938 | INFO     |   → 📡 С sstap.org получено 0 ключей
2026-06-01 15:52:12,938 | INFO     |   → 📡 С sstap.org не добавлено ни одного ключа (все 0 отклонены фильтром)
2026-06-01 15:52:12,938 | INFO     |   → ✅ ГОТОВО!
2026-06-01 15:52:12,938 | INFO     |   →    📥 Всего ключей после фильтра: 66552
2026-06-01 15:52:12,938 | INFO     |   →    🔗 Уникальных IP:PORT:SCHEME: 24010
2026-06-01 15:52:12,938 | INFO     |   →    🗑️ Выброшено мусора: 1060216
2026-06-01 15:52:12,938 | INFO     |   → 📊 По протоколам:
2026-06-01 15:52:12,938 | INFO     |   →    vless: 9956
2026-06-01 15:52:12,938 | INFO     |   →    vmess: 4685
2026-06-01 15:52:12,938 | INFO     |   →    trojan: 3920
2026-06-01 15:52:12,938 | INFO     |   →    ss: 5258
2026-06-01 15:52:12,938 | INFO     |   →    hysteria: 17
2026-06-01 15:52:12,938 | INFO     |   →    hysteria2: 59
2026-06-01 15:52:12,938 | INFO     |   →    hy2: 62
2026-06-01 15:52:12,938 | INFO     |   →    tuic: 53
2026-06-01 15:52:12,938 | INFO     | ✅ mirror.py завершён успешно
2026-06-01 15:52:12,938 | INFO     | 
2026-06-01 15:52:12,938 | INFO     | 
2026-06-01 15:52:12,938 | INFO     | ──────────────────────────────────────────────────────────────────────
2026-06-01 15:52:12,938 | INFO     | 📌 ЭТАП: Генерация 50 уникальных CF-VLESS
2026-06-01 15:52:12,938 | INFO     | ──────────────────────────────────────────────────────────────────────
2026-06-01 15:52:12,938 | INFO     | 🚀 Запуск generate_cf_vless.py (50 новых CF-VLESS)...
2026-06-01 15:52:13,178 | INFO     |   → === Генератор свежих VLESS-конфигов на IP Cloudflare ===
2026-06-01 15:52:13,178 | INFO     |   → ✅ Сгенерировано и сохранено 50 VLESS-конфигов.
2026-06-01 15:52:13,178 | INFO     |   → 📂 Файл: /home/runner/work/vpn-vless-configs-russia/vpn-vless-configs-russia/data/githubmirror/new/cf_fresh.txt
2026-06-01 15:52:13,178 | INFO     | ✅ generate_cf_vless.py завершён успешно
2026-06-01 15:52:13,178 | INFO     | 
2026-06-01 15:52:13,179 | INFO     | 
2026-06-01 15:52:13,179 | INFO     | ──────────────────────────────────────────────────────────────────────
2026-06-01 15:52:13,179 | INFO     | 📌 ЭТАП: Слияние CF с основным списком
2026-06-01 15:52:13,179 | INFO     | ──────────────────────────────────────────────────────────────────────
2026-06-01 15:52:13,301 | INFO     | 🔄 Добавлено 49 новых CF-VLESS в /home/runner/work/vpn-vless-configs-russia/vpn-vless-configs-russia/data/githubmirror/clean/vless.txt
2026-06-01 15:52:13,301 | INFO     | 📊 Всего в clean/vless.txt теперь: 10005
2026-06-01 15:52:13,303 | INFO     | 
2026-06-01 15:52:13,304 | INFO     | 
2026-06-01 15:52:13,304 | INFO     | ──────────────────────────────────────────────────────────────────────
2026-06-01 15:52:13,304 | INFO     | 📌 ЭТАП: Фильтрация по реальному SNI
2026-06-01 15:52:13,304 | INFO     | ──────────────────────────────────────────────────────────────────────
2026-06-01 15:52:13,304 | INFO     | 🚀 Запуск filter_ru_sni.py (Фильтр по реальному SNI (CDN+RU))...
2026-06-01 15:52:13,862 | INFO     |   → hy2.txt: 62 → 19 (SNI-filtered)
2026-06-01 15:52:13,862 | INFO     |   →   hysteria.txt: 17 → 0 (SNI-filtered)
2026-06-01 15:52:13,863 | INFO     |   →   hysteria2.txt: 59 → 4 (SNI-filtered)
2026-06-01 15:52:13,863 | INFO     |   →   ss.txt: 5258 → 361 (SNI-filtered)
2026-06-01 15:52:13,863 | INFO     |   →   trojan.txt: 3920 → 16 (SNI-filtered)
2026-06-01 15:52:13,863 | INFO     |   →   tuic.txt: 53 → 0 (SNI-filtered)
2026-06-01 15:52:13,863 | INFO     |   →   vless.txt: 10005 → 1743 (SNI-filtered)
2026-06-01 15:52:13,863 | INFO     |   →   vmess.txt: 4685 → 54 (SNI-filtered)
2026-06-01 15:52:13,863 | INFO     |   → ==================================================
2026-06-01 15:52:13,863 | INFO     |   →   Всего входных:  24059
2026-06-01 15:52:13,863 | INFO     |   →   Прошли фильтр:  2197
2026-06-01 15:52:13,863 | INFO     |   →   Отброшено:      21862
2026-06-01 15:52:13,863 | INFO     |   → ==================================================
2026-06-01 15:52:13,863 | INFO     |   → Готово → /home/runner/work/vpn-vless-configs-russia/vpn-vless-configs-russia/data/githubmirror/ru-sni
2026-06-01 15:52:13,863 | INFO     | ✅ filter_ru_sni.py завершён успешно
2026-06-01 15:52:13,863 | INFO     | 
2026-06-01 15:52:13,863 | INFO     | 
2026-06-01 15:52:13,863 | INFO     | ──────────────────────────────────────────────────────────────────────
2026-06-01 15:52:13,863 | INFO     | 📌 ЭТАП: Экспериментальный RU-SNI фильтр
2026-06-01 15:52:13,863 | INFO     | ──────────────────────────────────────────────────────────────────────
2026-06-01 15:52:13,863 | INFO     | 🚀 Запуск filter_ru_sni_local.py (Экспериментальный фильтр по RU-SNI)...
2026-06-01 15:52:14,222 | INFO     |   → hy2.txt: 62 → 0 (RU-SNI)
2026-06-01 15:52:14,222 | INFO     |   → hysteria.txt: 17 → 0 (RU-SNI)
2026-06-01 15:52:14,222 | INFO     |   → hysteria2.txt: 59 → 0 (RU-SNI)
2026-06-01 15:52:14,222 | INFO     |   → ss.txt: 5258 → 83 (RU-SNI)
2026-06-01 15:52:14,222 | INFO     |   → trojan.txt: 3920 → 0 (RU-SNI)
2026-06-01 15:52:14,222 | INFO     |   → tuic.txt: 53 → 0 (RU-SNI)
2026-06-01 15:52:14,222 | INFO     |   → vless.txt: 10005 → 755 (RU-SNI)
2026-06-01 15:52:14,222 | INFO     |   → vmess.txt: 4685 → 0 (RU-SNI)
2026-06-01 15:52:14,222 | INFO     |   → ==================================================
2026-06-01 15:52:14,222 | INFO     |   → Всего входных:  24059
2026-06-01 15:52:14,222 | INFO     |   → Прошли RU-SNI:  838
2026-06-01 15:52:14,222 | INFO     |   → Отброшено:      23221
2026-06-01 15:52:14,222 | INFO     |   → ==================================================
2026-06-01 15:52:14,222 | INFO     |   → Готово → /home/runner/work/vpn-vless-configs-russia/vpn-vless-configs-russia/data/githubmirror/ru-sni-local
2026-06-01 15:52:14,222 | INFO     | ✅ filter_ru_sni_local.py завершён успешно
2026-06-01 15:52:14,223 | INFO     | 
2026-06-01 15:52:14,223 | INFO     | 
2026-06-01 15:52:14,223 | INFO     | ──────────────────────────────────────────────────────────────────────
2026-06-01 15:52:14,223 | INFO     | 📌 ЭТАП: Сбор статистики
2026-06-01 15:52:14,223 | INFO     | ──────────────────────────────────────────────────────────────────────
2026-06-01 15:52:14,223 | INFO     | 📊 Сбор статистики...
2026-06-01 15:52:14,223 | INFO     |   📁 githubmirror/clean:
2026-06-01 15:52:14,223 | INFO     |     • hy2         :    62 конфигов
2026-06-01 15:52:14,223 | INFO     |     • hysteria    :    17 конфигов
2026-06-01 15:52:14,224 | INFO     |     • hysteria2   :    59 конфигов
2026-06-01 15:52:14,227 | INFO     |     • ss          :  5258 конфигов
2026-06-01 15:52:14,230 | INFO     |     • trojan      :  3920 конфигов
2026-06-01 15:52:14,231 | INFO     |     • tuic        :    53 конфигов
2026-06-01 15:52:14,240 | INFO     |     • vless       : 10005 конфигов
2026-06-01 15:52:14,244 | INFO     |     • vmess       :  4685 конфигов
2026-06-01 15:52:14,244 | INFO     |   📁 githubmirror/ru-sni:
2026-06-01 15:52:14,245 | INFO     |     • hy2         :    19 конфигов ( 30.6% от clean)
2026-06-01 15:52:14,245 | INFO     |     • hysteria    :     0 конфигов (  0.0% от clean)
2026-06-01 15:52:14,245 | INFO     |     • hysteria2   :     4 конфигов (  6.8% от clean)
2026-06-01 15:52:14,246 | INFO     |     • ss          :   361 конфигов (  6.9% от clean)
2026-06-01 15:52:14,246 | INFO     |     • trojan      :    16 конфигов (  0.4% от clean)
2026-06-01 15:52:14,246 | INFO     |     • tuic        :     0 конфигов (  0.0% от clean)
2026-06-01 15:52:14,248 | INFO     |     • vless       :  1743 конфигов ( 17.4% от clean)
2026-06-01 15:52:14,248 | INFO     |     • vmess       :    54 конфигов (  1.2% от clean)
2026-06-01 15:52:14,248 | INFO     |   ✨ Новых CF-VLESS в этом запуске: 50
2026-06-01 15:52:14,248 | INFO     | 
2026-06-01 15:52:14,249 | INFO     |   ──────────────────────────────────────────────────
2026-06-01 15:52:14,249 | INFO     |   📈 ИТОГО:
2026-06-01 15:52:14,249 | INFO     |     Clean (после geo-фильтра):    24059
2026-06-01 15:52:14,249 | INFO     |     RU-SNI (после SNI-фильтра):    2197
2026-06-01 15:52:14,249 | INFO     |     Прошло фильтр:                  9.1%
2026-06-01 15:52:14,249 | INFO     |   ──────────────────────────────────────────────────
2026-06-01 15:52:14,249 | INFO     | ✅ Статистика сохранена: /home/runner/work/vpn-vless-configs-russia/vpn-vless-configs-russia/data/stats.json
2026-06-01 15:52:14,249 | INFO     | 
2026-06-01 15:52:14,249 | INFO     | ======================================================================
2026-06-01 15:52:14,249 | INFO     | 📊 ИТОГОВЫЙ ОТЧЁТ
2026-06-01 15:52:14,249 | INFO     | ======================================================================
2026-06-01 15:52:14,249 | INFO     |   ✅ OK         | Загрузка и geo-фильтрация
2026-06-01 15:52:14,249 | INFO     |   ✅ OK         | Генерация 50 уникальных CF-VLESS
2026-06-01 15:52:14,249 | INFO     |   ✅ OK         | Слияние CF с основным списком
2026-06-01 15:52:14,249 | INFO     |   ✅ OK         | Фильтрация по реальному SNI
2026-06-01 15:52:14,249 | INFO     |   ✅ OK         | Экспериментальный RU-SNI фильтр
2026-06-01 15:52:14,249 | INFO     |   ✅ OK         | Сбор статистики
2026-06-01 15:52:14,249 | INFO     | ──────────────────────────────────────────────────────────────────────
2026-06-01 15:52:14,249 | INFO     | ✅ ВСЕ ЭТАПЫ УСПЕШНЫ (6/6)
2026-06-01 15:52:14,250 | INFO     | ⏰ Время завершения: 2026-06-01 15:52:14
2026-06-01 15:52:14,250 | INFO     | ======================================================================
