2026-06-02 13:52:45,704 | INFO     | ======================================================================
2026-06-02 13:52:45,704 | INFO     | 🔍 VPN KEY CHECKER - Начало проверки
2026-06-02 13:52:45,704 | INFO     | ⏰ Время старта: 2026-06-02 13:52:45
2026-06-02 13:52:45,704 | INFO     | 📂 Рабочая директория: /home/runner/work/vpn-vless-configs-russia/vpn-vless-configs-russia
2026-06-02 13:52:45,704 | INFO     | ======================================================================
2026-06-02 13:52:45,704 | INFO     | 
2026-06-02 13:52:45,704 | INFO     | 🔍 Проверка наличия скриптов...
2026-06-02 13:52:45,705 | INFO     |   ✅ mirror.py
2026-06-02 13:52:45,705 | INFO     |   ✅ generate_cf_vless.py
2026-06-02 13:52:45,705 | INFO     |   ✅ filter_ru_sni.py
2026-06-02 13:52:45,705 | INFO     |   ✅ filter_ru_sni_local.py
2026-06-02 13:52:45,705 | INFO     | 
2026-06-02 13:52:45,705 | INFO     | ──────────────────────────────────────────────────────────────────────
2026-06-02 13:52:45,705 | INFO     | 📌 ЭТАП: Загрузка и geo-фильтрация
2026-06-02 13:52:45,705 | INFO     | ──────────────────────────────────────────────────────────────────────
2026-06-02 13:52:45,705 | INFO     | 🚀 Запуск mirror.py (Загрузка и фильтрация по РФ/СНГ/Европа)...
2026-06-02 13:54:40,973 | INFO     |   → DEBUG: mirror.py started
2026-06-02 13:54:40,973 | INFO     |   → DEBUG: BASE_PATH = /home/runner/work/vpn-vless-configs-russia/vpn-vless-configs-russia
2026-06-02 13:54:40,973 | INFO     |   → DEBUG: CONFIG_SOURCES_FILE = /home/runner/work/vpn-vless-configs-russia/vpn-vless-configs-russia/data/config_sources.json
2026-06-02 13:54:40,973 | INFO     |   → 📂 Загружено 911 источников из /home/runner/work/vpn-vless-configs-russia/vpn-vless-configs-russia/data/config_sources.json
2026-06-02 13:54:40,973 | INFO     |   → 🚀 Старт: всего источников: 911
2026-06-02 13:54:40,973 | INFO     |   → 1/911: ✅ 0 взято | 🗑️ 0 мусор
2026-06-02 13:54:40,973 | INFO     |   → 2/911: ✅ 13 взято | 🗑️ 242 мусор
2026-06-02 13:54:40,973 | INFO     |   → 3/911 ⚠️ Ошибка: HTTPSConnectionPool(host='a.nodeshare.xyz', port=443): Max retries exceeded with url: /uploads/%7BYYYY%7D/%7BM%7D/%7BYYYY%7D%7BMM%7D%7BDD%7D.txt (Caused by SSLError(SSLError(1, '[SSL: TLSV1_UNRECOGNIZED_NAME] tlsv1 unrecognized name (_ssl.c:1016)'))) — https://a.nodeshare.xyz/uploads/{YYYY}/{M}/{YYYY}{MM}{DD}.txt
2026-06-02 13:54:40,973 | INFO     |   → 4/911: ✅ 0 взято | 🗑️ 0 мусор
2026-06-02 13:54:40,973 | INFO     |   → 5/911 ❌ HTTP 404 — https://bitbucket.org/huwo1/proxy_nodes/raw/f31ca9ec67b84071515729ff45b011b6b09c10f2/clash.yaml
2026-06-02 13:54:40,973 | INFO     |   → 6/911 ❌ HTTP 404 — https://cdn.jsdelivr.net/gh/cry0ice/genode@main/public/all.txt
2026-06-02 13:54:40,973 | INFO     |   → 7/911 ❌ HTTP 404 — https://cdn.jsdelivr.net/gh/cry0ice/genode@main/public/ss.txt
2026-06-02 13:54:40,973 | INFO     |   → 8/911 ❌ HTTP 404 — https://cdn.jsdelivr.net/gh/cry0ice/genode@main/public/ssr.txt
2026-06-02 13:54:40,974 | INFO     |   → 9/911 ❌ HTTP 404 — https://cdn.jsdelivr.net/gh/cry0ice/genode@main/public/trojan.txt
2026-06-02 13:54:40,974 | INFO     |   → 10/911 ❌ HTTP 404 — https://cdn.jsdelivr.net/gh/cry0ice/genode@main/public/vless.txt
2026-06-02 13:54:40,974 | INFO     |   → 11/911 ❌ HTTP 404 — https://cdn.jsdelivr.net/gh/cry0ice/genode@main/public/vmess.txt
2026-06-02 13:54:40,974 | INFO     |   → 12/911: ✅ 0 взято | 🗑️ 0 мусор
2026-06-02 13:54:40,974 | INFO     |   → 13/911: ✅ 0 взято | 🗑️ 0 мусор
2026-06-02 13:54:40,974 | INFO     |   → 14/911: ✅ 0 взято | 🗑️ 0 мусор
2026-06-02 13:54:40,974 | INFO     |   → 15/911: ✅ 0 взято | 🗑️ 0 мусор
2026-06-02 13:54:40,974 | INFO     |   → 16/911: ✅ 0 взято | 🗑️ 0 мусор
2026-06-02 13:54:40,974 | INFO     |   → 17/911: ✅ 0 взято | 🗑️ 0 мусор
2026-06-02 13:54:40,974 | INFO     |   → 18/911: ✅ 0 взято | 🗑️ 0 мусор
2026-06-02 13:54:40,974 | INFO     |   → 19/911: ✅ 0 взято | 🗑️ 0 мусор
2026-06-02 13:54:40,974 | INFO     |   → 20/911 ❌ HTTP 404 — https://free.datiya.com/uploads/{YYYY}{MM}{DD}-v2ray.txt
2026-06-02 13:54:40,974 | INFO     |   → 21/911 ❌ HTTP 404 — https://freessrnode.github.io/uploads/2024/08/0-20240822.txt
2026-06-02 13:54:40,974 | INFO     |   → 22/911 ❌ HTTP 404 — https://freessrnode.github.io/uploads/2024/08/1-20240822.txt
2026-06-02 13:54:40,974 | INFO     |   → 23/911 ❌ HTTP 404 — https://freessrnode.github.io/uploads/2024/08/2-20240822.txt
2026-06-02 13:54:40,974 | INFO     |   → 24/911 ❌ HTTP 404 — https://freessrnode.github.io/uploads/2024/08/3-20240822.txt
2026-06-02 13:54:40,974 | INFO     |   → 25/911 ❌ HTTP 404 — https://freessrnode.github.io/uploads/2024/08/4-20240822.txt
2026-06-02 13:54:40,974 | INFO     |   → 26/911 ⚠️ Ошибка: HTTPSConnectionPool(host='freevpnspy.githubrowcontent.com', port=443): Max retries exceeded with url: /2024/08/20240802_novless.yaml (Caused by NameResolutionError("HTTPSConnection(host='freevpnspy.githubrowcontent.com', port=443): Failed to resolve 'freevpnspy.githubrowcontent.com' ([Errno -2] Name or service not known)")) — https://freevpnspy.githubrowcontent.com/2024/08/20240802_novless.yaml
2026-06-02 13:54:40,974 | INFO     |   → 27/911 ⚠️ Ошибка: HTTPSConnectionPool(host='freevpnspy.githubrowcontent.com', port=443): Max retries exceeded with url: /2024/08/20240802_vless.yaml (Caused by NameResolutionError("HTTPSConnection(host='freevpnspy.githubrowcontent.com', port=443): Failed to resolve 'freevpnspy.githubrowcontent.com' ([Errno -2] Name or service not known)")) — https://freevpnspy.githubrowcontent.com/2024/08/20240802_vless.yaml
2026-06-02 13:54:40,974 | INFO     |   → 28/911: ✅ 0 взято | 🗑️ 0 мусор
2026-06-02 13:54:40,974 | INFO     |   → 29/911: ✅ 14 взято | 🗑️ 152 мусор
2026-06-02 13:54:40,974 | INFO     |   → 30/911: ✅ 0 взято | 🗑️ 0 мусор
2026-06-02 13:54:40,974 | INFO     |   → 31/911: ✅ 1 взято | 🗑️ 125 мусор
2026-06-02 13:54:40,974 | INFO     |   → 32/911: ✅ 2 взято | 🗑️ 105 мусор
2026-06-02 13:54:40,974 | INFO     |   → 33/911: ✅ 0 взято | 🗑️ 0 мусор
2026-06-02 13:54:40,974 | INFO     |   → 34/911 ❌ HTTP 404 — https://github.com/Epodonios/bulk-xray-v2ray-vless-vmess-...-configs/raw/main/sub/Albania/config.txt
2026-06-02 13:54:40,974 | INFO     |   → 35/911 ❌ HTTP 404 — https://github.com/Epodonios/bulk-xray-v2ray-vless-vmess-...-configs/raw/main/sub/Cura%C3%A7ao/config.txt
2026-06-02 13:54:40,974 | INFO     |   → 36/911 ❌ HTTP 404 — https://github.com/Epodonios/bulk-xray-v2ray-vless-vmess-...-configs/raw/main/sub/Finland/config.txt
2026-06-02 13:54:40,974 | INFO     |   → 37/911 ❌ HTTP 404 — https://github.com/Epodonios/bulk-xray-v2ray-vless-vmess-...-configs/raw/main/sub/Iran/config.txt
2026-06-02 13:54:40,974 | INFO     |   → 38/911 ❌ HTTP 404 — https://github.com/Epodonios/bulk-xray-v2ray-vless-vmess-...-configs/raw/main/sub/Netherlands/config.txt
2026-06-02 13:54:40,974 | INFO     |   → 39/911 ❌ HTTP 404 — https://github.com/Epodonios/bulk-xray-v2ray-vless-vmess-...-configs/raw/main/sub/Norway/config.txt
2026-06-02 13:54:40,974 | INFO     |   → 40/911 ❌ HTTP 404 — https://github.com/Epodonios/bulk-xray-v2ray-vless-vmess-...-configs/raw/main/sub/Russia/config.txt
2026-06-02 13:54:40,974 | INFO     |   → 41/911: ✅ 13 взято | 🗑️ 70 мусор
2026-06-02 13:54:40,974 | INFO     |   → 42/911: ✅ 0 взято | 🗑️ 4 мусор
2026-06-02 13:54:40,974 | INFO     |   → 43/911: ✅ 0 взято | 🗑️ 7 мусор
2026-06-02 13:54:40,974 | INFO     |   → 44/911: ✅ 0 взято | 🗑️ 51 мусор
2026-06-02 13:54:40,974 | INFO     |   → 45/911: ✅ 0 взято | 🗑️ 8 мусор
2026-06-02 13:54:40,974 | INFO     |   → 46/911: ✅ 0 взято | 🗑️ 0 мусор
2026-06-02 13:54:40,975 | INFO     |   → 47/911: ✅ 17 взято | 🗑️ 119 мусор
2026-06-02 13:54:40,975 | INFO     |   → 48/911 ❌ HTTP 404 — https://github.com/MrMohebi/xray-proxy-grabber-telegram/raw/master/collected-proxies/clash-meta/all.yaml
2026-06-02 13:54:40,975 | INFO     |   → 49/911 ❌ HTTP 404 — https://github.com/MrMohebi/xray-proxy-grabber-telegram/raw/master/collected-proxies/row-url/all.txt
2026-06-02 13:54:40,975 | INFO     |   → 50/911: ✅ 0 взято | 🗑️ 0 мусор
2026-06-02 13:54:40,975 | INFO     |   → 51/911: ✅ 0 взято | 🗑️ 113 мусор
2026-06-02 13:54:40,975 | INFO     |   → 52/911: ✅ 0 взято | 🗑️ 119 мусор
2026-06-02 13:54:40,975 | INFO     |   → 53/911: ✅ 0 взято | 🗑️ 0 мусор
2026-06-02 13:54:40,975 | INFO     |   → 54/911: ✅ 0 взято | 🗑️ 0 мусор
2026-06-02 13:54:40,975 | INFO     |   → 55/911: ✅ 0 взято | 🗑️ 0 мусор
2026-06-02 13:54:40,975 | INFO     |   → 56/911: ✅ 0 взято | 🗑️ 0 мусор
2026-06-02 13:54:40,975 | INFO     |   → 57/911: ✅ 0 взято | 🗑️ 0 мусор
2026-06-02 13:54:40,975 | INFO     |   → 58/911: ✅ 0 взято | 🗑️ 0 мусор
2026-06-02 13:54:40,975 | INFO     |   → 59/911: ✅ 0 взято | 🗑️ 0 мусор
2026-06-02 13:54:40,975 | INFO     |   → 60/911 ❌ HTTP 404 — https://github.com/mermeroo/V2RAY-FREE/raw/main/All_Configs_base64_Sub.txt
2026-06-02 13:54:40,975 | INFO     |   → 61/911 ❌ HTTP 404 — https://github.com/mermeroo/V2RAY-FREE/raw/main/Base64/Sub1_base64.txt
2026-06-02 13:54:40,975 | INFO     |   → 62/911 ❌ HTTP 404 — https://github.com/mermeroo/V2RAY-FREE/raw/main/Base64/Sub2_base64.txt
2026-06-02 13:54:40,975 | INFO     |   → 63/911 ❌ HTTP 404 — https://github.com/mermeroo/V2RAY-FREE/raw/main/Base64/Sub3_base64.txt
2026-06-02 13:54:40,975 | INFO     |   → 64/911 ❌ HTTP 404 — https://github.com/mermeroo/V2RAY-FREE/raw/main/Base64/Sub4_base64.txt
2026-06-02 13:54:40,975 | INFO     |   → 65/911 ❌ HTTP 404 — https://github.com/mermeroo/V2RAY-FREE/raw/main/Base64/Sub5_base64.txt
2026-06-02 13:54:40,975 | INFO     |   → 66/911 ❌ HTTP 404 — https://github.com/mermeroo/telegram-configs-collector/raw/main/protocols/hysteria
2026-06-02 13:54:40,975 | INFO     |   → 67/911 ❌ HTTP 404 — https://github.com/mermeroo/telegram-configs-collector/raw/main/protocols/juicity
2026-06-02 13:54:40,975 | INFO     |   → 68/911 ❌ HTTP 404 — https://github.com/mermeroo/telegram-configs-collector/raw/main/protocols/tuic
2026-06-02 13:54:40,975 | INFO     |   → 69/911: ✅ 5 взято | 🗑️ 16 мусор
2026-06-02 13:54:40,975 | INFO     |   → 70/911: ✅ 0 взято | 🗑️ 0 мусор
2026-06-02 13:54:40,975 | INFO     |   → 71/911: ✅ 0 взято | 🗑️ 0 мусор
2026-06-02 13:54:40,975 | INFO     |   → 72/911 ❌ HTTP 403 — https://gitlab.com/colloq168/nodefiltrate/-/raw/main/filtrate?ref_type=heads
2026-06-02 13:54:40,975 | INFO     |   → 73/911: ✅ 0 взято | 🗑️ 0 мусор
2026-06-02 13:54:40,975 | INFO     |   → 74/911: ✅ 0 взято | 🗑️ 103 мусор
2026-06-02 13:54:40,975 | INFO     |   → 75/911: ✅ 0 взято | 🗑️ 0 мусор
2026-06-02 13:54:40,975 | INFO     |   → 76/911: ✅ 3 взято | 🗑️ 213 мусор
2026-06-02 13:54:40,975 | INFO     |   → 77/911: ✅ 0 взято | 🗑️ 0 мусор
2026-06-02 13:54:40,975 | INFO     |   → 78/911: ✅ 1 взято | 🗑️ 130 мусор
2026-06-02 13:54:40,975 | INFO     |   → 79/911: ✅ 0 взято | 🗑️ 0 мусор
2026-06-02 13:54:40,975 | INFO     |   → 80/911 ⚠️ Ошибка: HTTPSConnectionPool(host='ivuxy.tech', port=443): Max retries exceeded with url: /v.txt (Caused by NameResolutionError("HTTPSConnection(host='ivuxy.tech', port=443): Failed to resolve 'ivuxy.tech' ([Errno -2] Name or service not known)")) — https://ivuxy.tech/v.txt
2026-06-02 13:54:40,975 | INFO     |   → 81/911 ⚠️ Ошибка: HTTPSConnectionPool(host='mirror.ghproxy.com', port=443): Max retries exceeded with url: /https://raw.githubusercontent.com/Barabama/FreeNodes/master/nodes/blues.txt (Caused by NameResolutionError("HTTPSConnection(host='mirror.ghproxy.com', port=443): Failed to resolve 'mirror.ghproxy.com' ([Errno -2] Name or service not known)")) — https://mirror.ghproxy.com/https://raw.githubusercontent.com/Barabama/FreeNodes/master/nodes/blues.txt
2026-06-02 13:54:40,975 | INFO     |   → 82/911 ⚠️ Ошибка: HTTPSConnectionPool(host='mirror.ghproxy.com', port=443): Max retries exceeded with url: /https://raw.githubusercontent.com/Barabama/FreeNodes/master/nodes/halekj.txt (Caused by NameResolutionError("HTTPSConnection(host='mirror.ghproxy.com', port=443): Failed to resolve 'mirror.ghproxy.com' ([Errno -2] Name or service not known)")) — https://mirror.ghproxy.com/https://raw.githubusercontent.com/Barabama/FreeNodes/master/nodes/halekj.txt
2026-06-02 13:54:40,975 | INFO     |   → 83/911 ⚠️ Ошибка: HTTPSConnectionPool(host='mirror.ghproxy.com', port=443): Max retries exceeded with url: /https://raw.githubusercontent.com/Barabama/FreeNodes/master/nodes/kkzui.txt (Caused by NameResolutionError("HTTPSConnection(host='mirror.ghproxy.com', port=443): Failed to resolve 'mirror.ghproxy.com' ([Errno -2] Name or service not known)")) — https://mirror.ghproxy.com/https://raw.githubusercontent.com/Barabama/FreeNodes/master/nodes/kkzui.txt
2026-06-02 13:54:40,975 | INFO     |   → 84/911 ⚠️ Ошибка: HTTPSConnectionPool(host='mirror.ghproxy.com', port=443): Max retries exceeded with url: /https://raw.githubusercontent.com/Barabama/FreeNodes/master/nodes/merged.txt (Caused by NameResolutionError("HTTPSConnection(host='mirror.ghproxy.com', port=443): Failed to resolve 'mirror.ghproxy.com' ([Errno -2] Name or service not known)")) — https://mirror.ghproxy.com/https://raw.githubusercontent.com/Barabama/FreeNodes/master/nodes/merged.txt
2026-06-02 13:54:40,975 | INFO     |   → 85/911 ⚠️ Ошибка: HTTPSConnectionPool(host='mirror.ghproxy.com', port=443): Max retries exceeded with url: /https://raw.githubusercontent.com/Barabama/FreeNodes/master/nodes/nodefree.txt (Caused by NameResolutionError("HTTPSConnection(host='mirror.ghproxy.com', port=443): Failed to resolve 'mirror.ghproxy.com' ([Errno -2] Name or service not known)")) — https://mirror.ghproxy.com/https://raw.githubusercontent.com/Barabama/FreeNodes/master/nodes/nodefree.txt
2026-06-02 13:54:40,975 | INFO     |   → 86/911 ⚠️ Ошибка: HTTPSConnectionPool(host='mirror.ghproxy.com', port=443): Max retries exceeded with url: /https://raw.githubusercontent.com/Barabama/FreeNodes/master/nodes/openrunner.txt (Caused by NameResolutionError("HTTPSConnection(host='mirror.ghproxy.com', port=443): Failed to resolve 'mirror.ghproxy.com' ([Errno -2] Name or service not known)")) — https://mirror.ghproxy.com/https://raw.githubusercontent.com/Barabama/FreeNodes/master/nodes/openrunner.txt
2026-06-02 13:54:40,975 | INFO     |   → 87/911 ⚠️ Ошибка: HTTPSConnectionPool(host='mirror.ghproxy.com', port=443): Max retries exceeded with url: /https://raw.githubusercontent.com/Barabama/FreeNodes/master/nodes/v2rayshare.txt (Caused by NameResolutionError("HTTPSConnection(host='mirror.ghproxy.com', port=443): Failed to resolve 'mirror.ghproxy.com' ([Errno -2] Name or service not known)")) — https://mirror.ghproxy.com/https://raw.githubusercontent.com/Barabama/FreeNodes/master/nodes/v2rayshare.txt
2026-06-02 13:54:40,975 | INFO     |   → 88/911 ⚠️ Ошибка: HTTPSConnectionPool(host='mirror.ghproxy.com', port=443): Max retries exceeded with url: /https://raw.githubusercontent.com/Barabama/FreeNodes/master/nodes/wenode.txt (Caused by NameResolutionError("HTTPSConnection(host='mirror.ghproxy.com', port=443): Failed to resolve 'mirror.ghproxy.com' ([Errno -2] Name or service not known)")) — https://mirror.ghproxy.com/https://raw.githubusercontent.com/Barabama/FreeNodes/master/nodes/wenode.txt
2026-06-02 13:54:40,975 | INFO     |   → 89/911 ⚠️ Ошибка: HTTPSConnectionPool(host='mirror.ghproxy.com', port=443): Max retries exceeded with url: /https://raw.githubusercontent.com/Barabama/FreeNodes/master/nodes/yudou66.txt (Caused by NameResolutionError("HTTPSConnection(host='mirror.ghproxy.com', port=443): Failed to resolve 'mirror.ghproxy.com' ([Errno -2] Name or service not known)")) — https://mirror.ghproxy.com/https://raw.githubusercontent.com/Barabama/FreeNodes/master/nodes/yudou66.txt
2026-06-02 13:54:40,975 | INFO     |   → 90/911 ❌ HTTP 404 — https://node.freeclashnode.com/uploads/{YYYY}/{MM}/0-{YYYY}{MM}{DD}.txt
2026-06-02 13:54:40,975 | INFO     |   → 91/911 ❌ HTTP 404 — https://node.freeclashnode.com/uploads/{YYYY}/{MM}/1-{YYYY}{MM}{DD}.txt
2026-06-02 13:54:40,975 | INFO     |   → 92/911 ❌ HTTP 404 — https://node.freeclashnode.com/uploads/{YYYY}/{MM}/2-{YYYY}{MM}{DD}.txt
2026-06-02 13:54:40,975 | INFO     |   → 93/911 ❌ HTTP 404 — https://node.freeclashnode.com/uploads/{YYYY}/{MM}/3-{YYYY}{MM}{DD}.txt
2026-06-02 13:54:40,975 | INFO     |   → 94/911 ❌ HTTP 404 — https://node.freeclashnode.com/uploads/{YYYY}/{MM}/4-{YYYY}{MM}{DD}.txt
2026-06-02 13:54:40,975 | INFO     |   → 95/911: ✅ 6 взято | 🗑️ 24 мусор
2026-06-02 13:54:40,975 | INFO     |   → 96/911: ✅ 13 взято | 🗑️ 7 мусор
2026-06-02 13:54:40,976 | INFO     |   → 97/911: ✅ 0 взято | 🗑️ 7 мусор
2026-06-02 13:54:40,976 | INFO     |   → 98/911 ⚠️ Ошибка: HTTPSConnectionPool(host='nodefree.githubrowcontent.com', port=443): Max retries exceeded with url: /%7BYYYY%7D/%7BMM%7D/%7BYYYY%7D%7BMM%7D%7BDD%7D.txt (Caused by NameResolutionError("HTTPSConnection(host='nodefree.githubrowcontent.com', port=443): Failed to resolve 'nodefree.githubrowcontent.com' ([Errno -2] Name or service not known)")) — https://nodefree.githubrowcontent.com/{YYYY}/{MM}/{YYYY}{MM}{DD}.txt
2026-06-02 13:54:40,976 | INFO     |   → 99/911 ⚠️ Ошибка: HTTPSConnectionPool(host='nodefree.githubrowcontent.com', port=443): Max retries exceeded with url: /2024/07/20240705.yaml (Caused by NameResolutionError("HTTPSConnection(host='nodefree.githubrowcontent.com', port=443): Failed to resolve 'nodefree.githubrowcontent.com' ([Errno -2] Name or service not known)")) — https://nodefree.org/dy/2023/08/20230806.yaml
2026-06-02 13:54:40,976 | INFO     |   → 100/911 ⚠️ Ошибка: HTTPSConnectionPool(host='nodefree.githubrowcontent.com', port=443): Max retries exceeded with url: /2024/07/20240705.txt (Caused by NameResolutionError("HTTPSConnection(host='nodefree.githubrowcontent.com', port=443): Failed to resolve 'nodefree.githubrowcontent.com' ([Errno -2] Name or service not known)")) — https://nodefree.org/dy/2023/12/20231221.txt
2026-06-02 13:54:40,976 | INFO     |   → 101/911: ✅ 0 взято | 🗑️ 24 мусор
2026-06-02 13:54:40,976 | INFO     |   → 102/911: ✅ 0 взято | 🗑️ 7 мусор
2026-06-02 13:54:40,976 | INFO     |   → 103/911: ✅ 0 взято | 🗑️ 7 мусор
2026-06-02 13:54:40,976 | INFO     |   → 104/911: ✅ 0 взято | 🗑️ 0 мусор
2026-06-02 13:54:40,976 | INFO     |   → 105/911: ✅ 0 взято | 🗑️ 0 мусор
2026-06-02 13:54:40,976 | INFO     |   → 106/911: ✅ 0 взято | 🗑️ 0 мусор
2026-06-02 13:54:40,976 | INFO     |   → 107/911: ✅ 0 взято | 🗑️ 0 мусор
2026-06-02 13:54:40,976 | INFO     |   → 108/911: ✅ 0 взято | 🗑️ 0 мусор
2026-06-02 13:54:40,976 | INFO     |   → 109/911: ✅ 0 взято | 🗑️ 0 мусор
2026-06-02 13:54:40,976 | INFO     |   → 110/911: ✅ 0 взято | 🗑️ 0 мусор
2026-06-02 13:54:40,976 | INFO     |   → 111/911: ✅ 0 взято | 🗑️ 0 мусор
2026-06-02 13:54:40,976 | INFO     |   → 112/911: ✅ 0 взято | 🗑️ 0 мусор
2026-06-02 13:54:40,976 | INFO     |   → 113/911: ✅ 0 взято | 🗑️ 0 мусор
2026-06-02 13:54:40,976 | INFO     |   → 114/911: ✅ 0 взято | 🗑️ 0 мусор
2026-06-02 13:54:40,976 | INFO     |   → 115/911: ✅ 0 взято | 🗑️ 0 мусор
2026-06-02 13:54:40,976 | INFO     |   → 116/911 ❌ HTTP 404 — https://raw.githubusercontent.com/10ium/MihomoSaz/main/Sublist/shatakvpn.yaml4_Sub.txt
2026-06-02 13:54:40,976 | INFO     |   → 117/911: ✅ 0 взято | 🗑️ 0 мусор
2026-06-02 13:54:40,976 | INFO     |   → 118/911: ✅ 0 взято | 🗑️ 0 мусор
2026-06-02 13:54:40,976 | INFO     |   → 119/911: ✅ 1142 взято | 🗑️ 2859 мусор
2026-06-02 13:54:40,976 | INFO     |   → 120/911: ✅ 1 взято | 🗑️ 324 мусор
2026-06-02 13:54:40,976 | INFO     |   → 121/911: ✅ 833 взято | 🗑️ 1960 мусор
2026-06-02 13:54:40,976 | INFO     |   → 122/911: ✅ 167 взято | 🗑️ 672 мусор
2026-06-02 13:54:40,976 | INFO     |   → 123/911: ✅ 0 взято | 🗑️ 0 мусор
2026-06-02 13:54:40,976 | INFO     |   → 124/911: ✅ 0 взято | 🗑️ 0 мусор
2026-06-02 13:54:40,976 | INFO     |   → 125/911: ✅ 11 взято | 🗑️ 399 мусор
2026-06-02 13:54:40,976 | INFO     |   → 126/911: ✅ 767 взято | 🗑️ 1318 мусор
2026-06-02 13:54:40,976 | INFO     |   → 127/911: ✅ 32 взято | 🗑️ 5 мусор
2026-06-02 13:54:40,976 | INFO     |   → 128/911: ✅ 0 взято | 🗑️ 0 мусор
2026-06-02 13:54:40,976 | INFO     |   → 129/911 ❌ HTTP 404 — https://raw.githubusercontent.com/9Fork/openit/main/Clash.yaml
2026-06-02 13:54:40,976 | INFO     |   → 130/911: ✅ 46 взято | 🗑️ 47 мусор
2026-06-02 13:54:40,976 | INFO     |   → 131/911: ✅ 0 взято | 🗑️ 47 мусор
2026-06-02 13:54:40,976 | INFO     |   → 132/911: ✅ 63 взято | 🗑️ 237 мусор
2026-06-02 13:54:40,976 | INFO     |   → 133/911: ✅ 49 взято | 🗑️ 251 мусор
2026-06-02 13:54:40,976 | INFO     |   → 134/911: ✅ 20 взято | 🗑️ 101 мусор
2026-06-02 13:54:40,976 | INFO     |   → 135/911: ✅ 21 взято | 🗑️ 54 мусор
2026-06-02 13:54:40,976 | INFO     |   → 136/911: ✅ 32 взято | 🗑️ 268 мусор
2026-06-02 13:54:40,976 | INFO     |   → 137/911: ✅ 99 взято | 🗑️ 201 мусор
2026-06-02 13:54:40,976 | INFO     |   → 138/911: ✅ 250 взято | 🗑️ 50 мусор
2026-06-02 13:54:40,976 | INFO     |   → 139/911: ✅ 9 взято | 🗑️ 356 мусор
2026-06-02 13:54:40,976 | INFO     |   → 140/911: ✅ 19 взято | 🗑️ 81 мусор
2026-06-02 13:54:40,976 | INFO     |   → 141/911: ✅ 11 взято | 🗑️ 87 мусор
2026-06-02 13:54:40,976 | INFO     |   → 142/911: ✅ 27 взято | 🗑️ 73 мусор
2026-06-02 13:54:40,977 | INFO     |   → 143/911: ✅ 13 взято | 🗑️ 75 мусор
2026-06-02 13:54:40,977 | INFO     |   → 144/911: ✅ 10 взято | 🗑️ 83 мусор
2026-06-02 13:54:40,977 | INFO     |   → 145/911: ✅ 12 взято | 🗑️ 86 мусор
2026-06-02 13:54:40,977 | INFO     |   → 146/911: ✅ 11 взято | 🗑️ 87 мусор
2026-06-02 13:54:40,977 | INFO     |   → 147/911: ✅ 11 взято | 🗑️ 80 мусор
2026-06-02 13:54:40,977 | INFO     |   → 148/911: ✅ 9 взято | 🗑️ 82 мусор
2026-06-02 13:54:40,977 | INFO     |   → 149/911: ✅ 69 взято | 🗑️ 3 мусор
2026-06-02 13:54:40,977 | INFO     |   → 150/911: ✅ 3 взято | 🗑️ 75 мусор
2026-06-02 13:54:40,977 | INFO     |   → 151/911: ✅ 4 взято | 🗑️ 69 мусор
2026-06-02 13:54:40,977 | INFO     |   → 152/911: ✅ 4 взято | 🗑️ 80 мусор
2026-06-02 13:54:40,977 | INFO     |   → 153/911: ✅ 6 взято | 🗑️ 81 мусор
2026-06-02 13:54:40,977 | INFO     |   → 154/911: ✅ 5 взято | 🗑️ 79 мусор
2026-06-02 13:54:40,977 | INFO     |   → 155/911: ✅ 11 взято | 🗑️ 78 мусор
2026-06-02 13:54:40,977 | INFO     |   → 156/911: ✅ 3 взято | 🗑️ 83 мусор
2026-06-02 13:54:40,977 | INFO     |   → 157/911: ✅ 14 взято | 🗑️ 76 мусор
2026-06-02 13:54:40,977 | INFO     |   → 158/911: ✅ 12 взято | 🗑️ 78 мусор
2026-06-02 13:54:40,977 | INFO     |   → 159/911: ✅ 26 взято | 🗑️ 218 мусор
2026-06-02 13:54:40,977 | INFO     |   → 160/911: ✅ 44 взято | 🗑️ 141 мусор
2026-06-02 13:54:40,977 | INFO     |   → 161/911: ✅ 10 взято | 🗑️ 71 мусор
2026-06-02 13:54:40,977 | INFO     |   → 162/911: ✅ 2 взято | 🗑️ 88 мусор
2026-06-02 13:54:40,977 | INFO     |   → 163/911: ✅ 0 взято | 🗑️ 3 мусор
2026-06-02 13:54:40,977 | INFO     |   → 164/911: ✅ 14 взято | 🗑️ 4 мусор
2026-06-02 13:54:40,977 | INFO     |   → 165/911: ✅ 711 взято | 🗑️ 2452 мусор
2026-06-02 13:54:40,977 | INFO     |   → 166/911 ❌ HTTP 404 — https://raw.githubusercontent.com/Alvin9999/pac2/master/clash/1/config.yaml
2026-06-02 13:54:40,977 | INFO     |   → 167/911 ❌ HTTP 404 — https://raw.githubusercontent.com/AmirHDevo/temp2/7f15e7ddb311a6f8c5ab338bd1af0e1f2136a84b/configs.txt
2026-06-02 13:54:40,977 | INFO     |   → 168/911: ✅ 232 взято | 🗑️ 2042 мусор
2026-06-02 13:54:40,977 | INFO     |   → 169/911: ✅ 37 взято | 🗑️ 100 мусор
2026-06-02 13:54:40,977 | INFO     |   → 170/911: ✅ 4101 взято | 🗑️ 60529 мусор
2026-06-02 13:54:40,977 | INFO     |   → 171/911: ✅ 5 взято | 🗑️ 47 мусор
2026-06-02 13:54:40,977 | INFO     |   → 172/911: ✅ 0 взято | 🗑️ 44 мусор
2026-06-02 13:54:40,977 | INFO     |   → 173/911: ✅ 21 взято | 🗑️ 107 мусор
2026-06-02 13:54:40,977 | INFO     |   → 174/911: ✅ 78 взято | 🗑️ 347 мусор
2026-06-02 13:54:40,977 | INFO     |   → 175/911: ✅ 0 взято | 🗑️ 1373 мусор
2026-06-02 13:54:40,977 | INFO     |   → 176/911: ✅ 42 взято | 🗑️ 635 мусор
2026-06-02 13:54:40,977 | INFO     |   → 177/911: ✅ 339 взято | 🗑️ 1542 мусор
2026-06-02 13:54:40,977 | INFO     |   → 178/911: ✅ 0 взято | 🗑️ 6 мусор
2026-06-02 13:54:40,977 | INFO     |   → 179/911: ✅ 0 взято | 🗑️ 0 мусор
2026-06-02 13:54:40,977 | INFO     |   → 180/911: ✅ 1 взято | 🗑️ 235 мусор
2026-06-02 13:54:40,977 | INFO     |   → 181/911: ✅ 49 взято | 🗑️ 86 мусор
2026-06-02 13:54:40,977 | INFO     |   → 182/911: ✅ 0 взято | 🗑️ 16 мусор
2026-06-02 13:54:40,977 | INFO     |   → 183/911: ✅ 6 взято | 🗑️ 17 мусор
2026-06-02 13:54:40,977 | INFO     |   → 184/911: ✅ 1 взято | 🗑️ 12 мусор
2026-06-02 13:54:40,977 | INFO     |   → 185/911: ✅ 0 взято | 🗑️ 17 мусор
2026-06-02 13:54:40,977 | INFO     |   → 186/911: ✅ 0 взято | 🗑️ 17 мусор
2026-06-02 13:54:40,977 | INFO     |   → 187/911: ✅ 23 взято | 🗑️ 516 мусор
2026-06-02 13:54:40,977 | INFO     |   → 188/911: ✅ 1 взято | 🗑️ 324 мусор
2026-06-02 13:54:40,977 | INFO     |   → 189/911: ✅ 1 взято | 🗑️ 192 мусор
2026-06-02 13:54:40,978 | INFO     |   → 190/911: ✅ 5 взято | 🗑️ 158 мусор
2026-06-02 13:54:40,978 | INFO     |   → 191/911: ✅ 0 взято | 🗑️ 16 мусор
2026-06-02 13:54:40,978 | INFO     |   → 192/911: ✅ 0 взято | 🗑️ 0 мусор
2026-06-02 13:54:40,978 | INFO     |   → 193/911: ✅ 0 взято | 🗑️ 14 мусор
2026-06-02 13:54:40,978 | INFO     |   → 194/911: ✅ 0 взято | 🗑️ 0 мусор
2026-06-02 13:54:40,978 | INFO     |   → 195/911: ✅ 0 взято | 🗑️ 17 мусор
2026-06-02 13:54:40,978 | INFO     |   → 196/911: ✅ 0 взято | 🗑️ 0 мусор
2026-06-02 13:54:40,978 | INFO     |   → 197/911: ✅ 0 взято | 🗑️ 12 мусор
2026-06-02 13:54:40,978 | INFO     |   → 198/911: ✅ 0 взято | 🗑️ 0 мусор
2026-06-02 13:54:40,978 | INFO     |   → 199/911: ✅ 0 взято | 🗑️ 17 мусор
2026-06-02 13:54:40,978 | INFO     |   → 200/911: ✅ 0 взято | 🗑️ 0 мусор
2026-06-02 13:54:40,978 | INFO     |   → 201/911: ✅ 0 взято | 🗑️ 17 мусор
2026-06-02 13:54:40,978 | INFO     |   → 202/911: ✅ 0 взято | 🗑️ 0 мусор
2026-06-02 13:54:40,978 | INFO     |   → 203/911: ✅ 2 взято | 🗑️ 161 мусор
2026-06-02 13:54:40,978 | INFO     |   → 204/911: ✅ 0 взято | 🗑️ 0 мусор
2026-06-02 13:54:40,978 | INFO     |   → 205/911: ✅ 26 взято | 🗑️ 331 мусор
2026-06-02 13:54:40,978 | INFO     |   → 206/911: ✅ 67 взято | 🗑️ 5 мусор
2026-06-02 13:54:40,978 | INFO     |   → 207/911: ✅ 5 взято | 🗑️ 76 мусор
2026-06-02 13:54:40,978 | INFO     |   → 208/911: ✅ 80 взято | 🗑️ 1110 мусор
2026-06-02 13:54:40,978 | INFO     |   → 209/911: ✅ 19 взято | 🗑️ 1330 мусор
2026-06-02 13:54:40,978 | INFO     |   → 210/911 ❌ HTTP 404 — https://raw.githubusercontent.com/Egkaz/Proxy-list-20k-server/main/stable.txt
2026-06-02 13:54:40,978 | INFO     |   → 211/911: ✅ 5 взято | 🗑️ 13 мусор
2026-06-02 13:54:40,978 | INFO     |   → 212/911 ❌ HTTP 404 — https://raw.githubusercontent.com/Epodonios/bulk-xray-v2ray-vless-vmess-...-configs/main/sub/Austria/config.txt
2026-06-02 13:54:40,978 | INFO     |   → 213/911 ❌ HTTP 404 — https://raw.githubusercontent.com/Epodonios/bulk-xray-v2ray-vless-vmess-...-configs/main/sub/Canada/config.txt
2026-06-02 13:54:40,978 | INFO     |   → 214/911 ❌ HTTP 404 — https://raw.githubusercontent.com/Epodonios/bulk-xray-v2ray-vless-vmess-...-configs/main/sub/Costa%20Rica/config.txt
2026-06-02 13:54:40,978 | INFO     |   → 215/911 ❌ HTTP 404 — https://raw.githubusercontent.com/Epodonios/bulk-xray-v2ray-vless-vmess-...-configs/main/sub/France/config.txt
2026-06-02 13:54:40,978 | INFO     |   → 216/911 ❌ HTTP 404 — https://raw.githubusercontent.com/Epodonios/bulk-xray-v2ray-vless-vmess-...-configs/main/sub/Germany/config.txt
2026-06-02 13:54:40,978 | INFO     |   → 217/911 ❌ HTTP 404 — https://raw.githubusercontent.com/Epodonios/bulk-xray-v2ray-vless-vmess-...-configs/main/sub/Indonesia/config.txt
2026-06-02 13:54:40,978 | INFO     |   → 218/911 ❌ HTTP 404 — https://raw.githubusercontent.com/Epodonios/bulk-xray-v2ray-vless-vmess-...-configs/main/sub/Ireland/config.txt
2026-06-02 13:54:40,978 | INFO     |   → 219/911 ❌ HTTP 404 — https://raw.githubusercontent.com/Epodonios/bulk-xray-v2ray-vless-vmess-...-configs/main/sub/Republic%20of%20Lithuania/config.txt
2026-06-02 13:54:40,978 | INFO     |   → 220/911 ❌ HTTP 404 — https://raw.githubusercontent.com/Epodonios/bulk-xray-v2ray-vless-vmess-...-configs/main/sub/South%20Africa/config.txt
2026-06-02 13:54:40,978 | INFO     |   → 221/911 ❌ HTTP 404 — https://raw.githubusercontent.com/Epodonios/bulk-xray-v2ray-vless-vmess-...-configs/main/sub/Sweden/config.txt
2026-06-02 13:54:40,978 | INFO     |   → 222/911 ❌ HTTP 404 — https://raw.githubusercontent.com/Epodonios/bulk-xray-v2ray-vless-vmess-...-configs/main/sub/Turkey/config.txt
2026-06-02 13:54:40,978 | INFO     |   → 223/911 ❌ HTTP 404 — https://raw.githubusercontent.com/Epodonios/bulk-xray-v2ray-vless-vmess-...-configs/main/sub/United%20Arab%20Emirates/config.txt
2026-06-02 13:54:40,978 | INFO     |   → 224/911 ❌ HTTP 404 — https://raw.githubusercontent.com/Epodonios/bulk-xray-v2ray-vless-vmess-...-configs/main/sub/United%20Kingdom/config.txt
2026-06-02 13:54:40,978 | INFO     |   → 225/911 ❌ HTTP 404 — https://raw.githubusercontent.com/Epodonios/bulk-xray-v2ray-vless-vmess-...-configs/main/sub/United%20States/config.txt
2026-06-02 13:54:40,978 | INFO     |   → 226/911 ❌ HTTP 404 — https://raw.githubusercontent.com/Epodonios/v2ray-configs/main/Splitted-By-Protocol/mix.txt
2026-06-02 13:54:40,978 | INFO     |   → 227/911: ✅ 49 взято | 🗑️ 331 мусор
2026-06-02 13:54:40,978 | INFO     |   → 228/911: ✅ 0 взято | 🗑️ 0 мусор
2026-06-02 13:54:40,978 | INFO     |   → 229/911: ✅ 69 взято | 🗑️ 290 мусор
2026-06-02 13:54:40,978 | INFO     |   → 230/911: ✅ 281 взято | 🗑️ 2243 мусор
2026-06-02 13:54:40,978 | INFO     |   → 231/911: ✅ 43 взято | 🗑️ 424 мусор
2026-06-02 13:54:40,978 | INFO     |   → 232/911 ❌ HTTP 404 — https://raw.githubusercontent.com/Epodonios/v2ray-configs/raw/main/Splitted-By-Protocol/trojan.txt
2026-06-02 13:54:40,978 | INFO     |   → 233/911 ❌ HTTP 404 — https://raw.githubusercontent.com/Epodonios/v2ray-configs/raw/main/Splitted-By-Protocol/vmess.txt
2026-06-02 13:54:40,978 | INFO     |   → 234/911: ✅ 121 взято | 🗑️ 3378 мусор
2026-06-02 13:54:40,979 | INFO     |   → 235/911: ✅ 0 взято | 🗑️ 331 мусор
2026-06-02 13:54:40,979 | INFO     |   → 236/911: ✅ 0 взято | 🗑️ 0 мусор
2026-06-02 13:54:40,979 | INFO     |   → 237/911: ✅ 0 взято | 🗑️ 290 мусор
2026-06-02 13:54:40,979 | INFO     |   → 238/911: ✅ 0 взято | 🗑️ 2243 мусор
2026-06-02 13:54:40,979 | INFO     |   → 239/911: ✅ 0 взято | 🗑️ 424 мусор
2026-06-02 13:54:40,979 | INFO     |   → 240/911: ✅ 549 взято | 🗑️ 478 мусор
2026-06-02 13:54:40,979 | INFO     |   → 241/911: ✅ 0 взято | 🗑️ 98 мусор
2026-06-02 13:54:40,979 | INFO     |   → 242/911: ✅ 0 взято | 🗑️ 153 мусор
2026-06-02 13:54:40,979 | INFO     |   → 243/911: ✅ 213 взято | 🗑️ 108 мусор
2026-06-02 13:54:40,979 | INFO     |   → 244/911: ✅ 109 взято | 🗑️ 7 мусор
2026-06-02 13:54:40,979 | INFO     |   → 245/911: ✅ 8 взято | 🗑️ 345 мусор
2026-06-02 13:54:40,979 | INFO     |   → 246/911 ❌ HTTP 404 — https://raw.githubusercontent.com/Fido6/FreeNodes/57221e59caddde55ffdda21d491ae952cd608049/nodes/halekj.txt
2026-06-02 13:54:40,979 | INFO     |   → 247/911 ❌ HTTP 404 — https://raw.githubusercontent.com/Fido6/FreeNodes/57221e59caddde55ffdda21d491ae952cd608049/nodes/kkzui.txt
2026-06-02 13:54:40,979 | INFO     |   → 248/911 ❌ HTTP 404 — https://raw.githubusercontent.com/Fido6/FreeNodes/57221e59caddde55ffdda21d491ae952cd608049/nodes/wenode.txt
2026-06-02 13:54:40,979 | INFO     |   → 249/911: ✅ 81 взято | 🗑️ 383 мусор
2026-06-02 13:54:40,979 | INFO     |   → 250/911: ✅ 24 взято | 🗑️ 78 мусор
2026-06-02 13:54:40,979 | INFO     |   → 251/911: ✅ 252 взято | 🗑️ 1241 мусор
2026-06-02 13:54:40,979 | INFO     |   → 252/911: ✅ 205 взято | 🗑️ 810 мусор
2026-06-02 13:54:40,979 | INFO     |   → 253/911: ✅ 840 взято | 🗑️ 3803 мусор
2026-06-02 13:54:40,979 | INFO     |   → 254/911: ✅ 9 взято | 🗑️ 839 мусор
2026-06-02 13:54:40,979 | INFO     |   → 255/911: ✅ 0 взято | 🗑️ 0 мусор
2026-06-02 13:54:40,979 | INFO     |   → 256/911: ✅ 0 взято | 🗑️ 17 мусор
2026-06-02 13:54:40,980 | INFO     |   → 257/911: ✅ 14 взято | 🗑️ 250 мусор
2026-06-02 13:54:40,980 | INFO     |   → 258/911: ✅ 0 взято | 🗑️ 24 мусор
2026-06-02 13:54:40,980 | INFO     |   → 259/911: ✅ 15 взято | 🗑️ 0 мусор
2026-06-02 13:54:40,980 | INFO     |   → 260/911: ✅ 0 взято | 🗑️ 609 мусор
2026-06-02 13:54:40,980 | INFO     |   → 261/911: ✅ 18 взято | 🗑️ 63 мусор
2026-06-02 13:54:40,980 | INFO     |   → 262/911: ✅ 1 взято | 🗑️ 17 мусор
2026-06-02 13:54:40,980 | INFO     |   → 263/911: ✅ 4 взято | 🗑️ 11 мусор
2026-06-02 13:54:40,980 | INFO     |   → 264/911: ✅ 0 взято | 🗑️ 0 мусор
2026-06-02 13:54:40,980 | INFO     |   → 265/911: ✅ 0 взято | 🗑️ 137 мусор
2026-06-02 13:54:40,980 | INFO     |   → 266/911: ✅ 0 взято | 🗑️ 32 мусор
2026-06-02 13:54:40,980 | INFO     |   → 267/911: ✅ 2 взято | 🗑️ 19 мусор
2026-06-02 13:54:40,980 | INFO     |   → 268/911: ✅ 0 взято | 🗑️ 43 мусор
2026-06-02 13:54:40,980 | INFO     |   → 269/911: ✅ 0 взято | 🗑️ 43 мусор
2026-06-02 13:54:40,980 | INFO     |   → 270/911: ✅ 0 взято | 🗑️ 1 мусор
2026-06-02 13:54:40,980 | INFO     |   → 271/911: ✅ 0 взято | 🗑️ 1 мусор
2026-06-02 13:54:40,980 | INFO     |   → 272/911: ✅ 0 взято | 🗑️ 28 мусор
2026-06-02 13:54:40,980 | INFO     |   → 273/911: ✅ 14 взято | 🗑️ 282 мусор
2026-06-02 13:54:40,980 | INFO     |   → 274/911: ✅ 0 взято | 🗑️ 94 мусор
2026-06-02 13:54:40,980 | INFO     |   → 275/911: ✅ 0 взято | 🗑️ 0 мусор
2026-06-02 13:54:40,980 | INFO     |   → 276/911: ✅ 0 взято | 🗑️ 0 мусор
2026-06-02 13:54:40,980 | INFO     |   → 277/911: ✅ 367 взято | 🗑️ 110 мусор
2026-06-02 13:54:40,980 | INFO     |   → 278/911: ✅ 178 взято | 🗑️ 343 мусор
2026-06-02 13:54:40,980 | INFO     |   → 279/911: ✅ 167 взято | 🗑️ 338 мусор
2026-06-02 13:54:40,980 | INFO     |   → 280/911: ✅ 5940 взято | 🗑️ 46237 мусор
2026-06-02 13:54:40,980 | INFO     |   → 281/911: ✅ 0 взято | 🗑️ 35 мусор
2026-06-02 13:54:40,980 | INFO     |   → 282/911: ✅ 0 взято | 🗑️ 9698 мусор
2026-06-02 13:54:40,981 | INFO     |   → 283/911: ✅ 0 взято | 🗑️ 31035 мусор
2026-06-02 13:54:40,981 | INFO     |   → 284/911: ✅ 0 взято | 🗑️ 5 мусор
2026-06-02 13:54:40,981 | INFO     |   → 285/911: ✅ 0 взято | 🗑️ 4 мусор
2026-06-02 13:54:40,981 | INFO     |   → 286/911: ✅ 0 взято | 🗑️ 51 мусор
2026-06-02 13:54:40,981 | INFO     |   → 287/911: ✅ 0 взято | 🗑️ 8 мусор
2026-06-02 13:54:40,981 | INFO     |   → 288/911 ❌ HTTP 404 — https://raw.githubusercontent.com/Kwinshadow/TelegramV2rayCollector/raw/refs/heads/main/sublinks/mix.txt
2026-06-02 13:54:40,981 | INFO     |   → 289/911: ✅ 5 взято | 🗑️ 678 мусор
2026-06-02 13:54:40,981 | INFO     |   → 290/911 ❌ HTTP 404 — https://raw.githubusercontent.com/LalatinaHub/Mineral/raw/refs/heads/master/result/nodes
2026-06-02 13:54:40,981 | INFO     |   → 291/911: ✅ 3 взято | 🗑️ 129 мусор
2026-06-02 13:54:40,981 | INFO     |   → 292/911 ❌ HTTP 404 — https://raw.githubusercontent.com/Leon406/SubCrawler/main/sub/share/all3
2026-06-02 13:54:40,981 | INFO     |   → 293/911 ❌ HTTP 404 — https://raw.githubusercontent.com/Leon406/SubCrawler/main/sub/share/all4
2026-06-02 13:54:40,981 | INFO     |   → 294/911: ✅ 4 взято | 🗑️ 335 мусор
2026-06-02 13:54:40,981 | INFO     |   → 295/911: ✅ 378 взято | 🗑️ 19362 мусор
2026-06-02 13:54:40,981 | INFO     |   → 296/911: ✅ 0 взято | 🗑️ 33 мусор
2026-06-02 13:54:40,981 | INFO     |   → 297/911: ✅ 0 взято | 🗑️ 6 мусор
2026-06-02 13:54:40,981 | INFO     |   → 298/911: ✅ 167 взято | 🗑️ 21 мусор
2026-06-02 13:54:40,981 | INFO     |   → 299/911: ✅ 0 взято | 🗑️ 147 мусор
2026-06-02 13:54:40,981 | INFO     |   → 300/911 ❌ HTTP 404 — https://raw.githubusercontent.com/M-Mashreghi/free-config-collector/main/Splitted-By-Protocol/ssr.txt
2026-06-02 13:54:40,981 | INFO     |   → 301/911: ✅ 139 взято | 🗑️ 114 мусор
2026-06-02 13:54:40,981 | INFO     |   → 302/911: ✅ 126 взято | 🗑️ 137 мусор
2026-06-02 13:54:40,981 | INFO     |   → 303/911: ✅ 0 взято | 🗑️ 12 мусор
2026-06-02 13:54:40,981 | INFO     |   → 304/911: ✅ 0 взято | 🗑️ 1 мусор
2026-06-02 13:54:40,981 | INFO     |   → 305/911: ✅ 74 взято | 🗑️ 340 мусор
2026-06-02 13:54:40,981 | INFO     |   → 306/911: ✅ 0 взято | 🗑️ 340 мусор
2026-06-02 13:54:40,981 | INFO     |   → 307/911: ✅ 0 взято | 🗑️ 47 мусор
2026-06-02 13:54:40,981 | INFO     |   → 308/911 ❌ HTTP 404 — https://raw.githubusercontent.com/MatinGhanbari/v2ray-configs/main/subscriptions/filtered/subs/hy2.txt
2026-06-02 13:54:40,981 | INFO     |   → 309/911: ✅ 30 взято | 🗑️ 1484 мусор
2026-06-02 13:54:40,981 | INFO     |   → 310/911 ❌ HTTP 404 — https://raw.githubusercontent.com/MatinGhanbari/v2ray-configs/main/subscriptions/filtered/subs/ssr.txt
2026-06-02 13:54:40,981 | INFO     |   → 311/911: ✅ 68 взято | 🗑️ 550 мусор
2026-06-02 13:54:40,981 | INFO     |   → 312/911 ❌ HTTP 404 — https://raw.githubusercontent.com/MatinGhanbari/v2ray-configs/main/subscriptions/filtered/subs/tuic.txt
2026-06-02 13:54:40,981 | INFO     |   → 313/911: ✅ 5 взято | 🗑️ 61 мусор
2026-06-02 13:54:40,981 | INFO     |   → 314/911: ✅ 264 взято | 🗑️ 1459 мусор
2026-06-02 13:54:40,981 | INFO     |   → 315/911: ✅ 372 взято | 🗑️ 3567 мусор
2026-06-02 13:54:40,981 | INFO     |   → 316/911: ✅ 24 взято | 🗑️ 170 мусор
2026-06-02 13:54:40,981 | INFO     |   → 317/911: ✅ 0 взято | 🗑️ 2 мусор
2026-06-02 13:54:40,981 | INFO     |   → 318/911: ✅ 54 взято | 🗑️ 993 мусор
2026-06-02 13:54:40,981 | INFO     |   → 319/911: ✅ 0 взято | 🗑️ 503 мусор
2026-06-02 13:54:40,981 | INFO     |   → 320/911: ✅ 0 взято | 🗑️ 503 мусор
2026-06-02 13:54:40,981 | INFO     |   → 321/911: ✅ 0 взято | 🗑️ 36 мусор
2026-06-02 13:54:40,981 | INFO     |   → 322/911: ✅ 0 взято | 🗑️ 2 мусор
2026-06-02 13:54:40,981 | INFO     |   → 323/911: ✅ 0 взято | 🗑️ 380 мусор
2026-06-02 13:54:40,981 | INFO     |   → 324/911: ✅ 0 взято | 🗑️ 80 мусор
2026-06-02 13:54:40,981 | INFO     |   → 325/911 ❌ HTTP 404 — https://raw.githubusercontent.com/MhdiTaheri/V2rayCollector/raw/refs/heads/main/sub/mix
2026-06-02 13:54:40,981 | INFO     |   → 326/911: ✅ 53 взято | 🗑️ 267 мусор
2026-06-02 13:54:40,981 | INFO     |   → 327/911 ❌ HTTP 404 — https://raw.githubusercontent.com/MhdiTaheri/V2rayCollector_Py/raw/refs/heads/main/sub/Mix/mix.txt
2026-06-02 13:54:40,981 | INFO     |   → 328/911: ✅ 0 взято | 🗑️ 0 мусор
2026-06-02 13:54:40,981 | INFO     |   → 329/911: ✅ 43 взято | 🗑️ 217 мусор
2026-06-02 13:54:40,981 | INFO     |   → 330/911: ✅ 0 взято | 🗑️ 31 мусор
2026-06-02 13:54:40,981 | INFO     |   → 331/911: ✅ 92 взято | 🗑️ 282 мусор
2026-06-02 13:54:40,981 | INFO     |   → 332/911: ✅ 0 взято | 🗑️ 26 мусор
2026-06-02 13:54:40,981 | INFO     |   → 333/911: ✅ 2 взято | 🗑️ 3 мусор
2026-06-02 13:54:40,981 | INFO     |   → 334/911 ❌ HTTP 404 — https://raw.githubusercontent.com/MrMohebi/xray-proxy-grabber-telegram/master/collected-proxies/clash-meta/all.yaml
2026-06-02 13:54:40,982 | INFO     |   → 335/911 ❌ HTTP 404 — https://raw.githubusercontent.com/MrMohebi/xray-proxy-grabber-telegram/master/collected-proxies/row-url/actives.txt
2026-06-02 13:54:40,982 | INFO     |   → 336/911 ❌ HTTP 404 — https://raw.githubusercontent.com/MrMohebi/xray-proxy-grabber-telegram/master/collected-proxies/row-url/all.txt
2026-06-02 13:54:40,982 | INFO     |   → 337/911: ✅ 0 взято | 🗑️ 13 мусор
2026-06-02 13:54:40,982 | INFO     |   → 338/911: ✅ 0 взято | 🗑️ 13 мусор
2026-06-02 13:54:40,982 | INFO     |   → 339/911: ✅ 5 взято | 🗑️ 15 мусор
2026-06-02 13:54:40,982 | INFO     |   → 340/911: ✅ 0 взято | 🗑️ 30 мусор
2026-06-02 13:54:40,982 | INFO     |   → 341/911: ✅ 0 взято | 🗑️ 15 мусор
2026-06-02 13:54:40,982 | INFO     |   → 342/911: ✅ 66 взято | 🗑️ 123 мусор
2026-06-02 13:54:40,982 | INFO     |   → 343/911: ✅ 175 взято | 🗑️ 582 мусор
2026-06-02 13:54:40,982 | INFO     |   → 344/911: ✅ 2 взято | 🗑️ 13 мусор
2026-06-02 13:54:40,982 | INFO     |   → 345/911: ✅ 0 взято | 🗑️ 0 мусор
2026-06-02 13:54:40,982 | INFO     |   → 346/911 ❌ HTTP 404 — https://raw.githubusercontent.com/OpenCNLink/freevpn/3cfcff048bfdd1493ccffa52ecf30ce7f9fc6b28/src/list/vmess.txt
2026-06-02 13:54:40,982 | INFO     |   → 347/911: ✅ 1 взято | 🗑️ 14 мусор
2026-06-02 13:54:40,982 | INFO     |   → 348/911: ✅ 0 взято | 🗑️ 14 мусор
2026-06-02 13:54:40,982 | INFO     |   → 349/911: ✅ 0 взято | 🗑️ 0 мусор
2026-06-02 13:54:40,982 | INFO     |   → 350/911: ✅ 0 взято | 🗑️ 0 мусор
2026-06-02 13:54:40,982 | INFO     |   → 351/911: ✅ 0 взято | 🗑️ 0 мусор
2026-06-02 13:54:40,982 | INFO     |   → 352/911: ✅ 0 взято | 🗑️ 0 мусор
2026-06-02 13:54:40,982 | INFO     |   → 353/911: ✅ 0 взято | 🗑️ 0 мусор
2026-06-02 13:54:40,982 | INFO     |   → 354/911: ✅ 0 взято | 🗑️ 0 мусор
2026-06-02 13:54:40,983 | INFO     |   → 355/911: ✅ 75 взято | 🗑️ 71 мусор
2026-06-02 13:54:40,983 | INFO     |   → 356/911 ❌ HTTP 404 — https://raw.githubusercontent.com/RKPchannel/RKP_bypass_configs/main/configs
2026-06-02 13:54:40,983 | INFO     |   → 357/911: ✅ 0 взято | 🗑️ 35 мусор
2026-06-02 13:54:40,983 | INFO     |   → 358/911: ✅ 0 взято | 🗑️ 0 мусор
2026-06-02 13:54:40,983 | INFO     |   → 359/911: ✅ 0 взято | 🗑️ 50 мусор
2026-06-02 13:54:40,983 | INFO     |   → 360/911: ✅ 0 взято | 🗑️ 0 мусор
2026-06-02 13:54:40,983 | INFO     |   → 361/911: ✅ 0 взято | 🗑️ 0 мусор
2026-06-02 13:54:40,983 | INFO     |   → 362/911: ✅ 5 взято | 🗑️ 206 мусор
2026-06-02 13:54:40,983 | INFO     |   → 363/911: ✅ 21 взято | 🗑️ 138 мусор
2026-06-02 13:54:40,983 | INFO     |   → 364/911: ✅ 23 взято | 🗑️ 89 мусор
2026-06-02 13:54:40,983 | INFO     |   → 365/911: ✅ 9 взято | 🗑️ 85 мусор
2026-06-02 13:54:40,983 | INFO     |   → 366/911: ✅ 0 взято | 🗑️ 129 мусор
2026-06-02 13:54:40,983 | INFO     |   → 367/911: ✅ 0 взято | 🗑️ 81 мусор
2026-06-02 13:54:40,983 | INFO     |   → 368/911 ❌ HTTP 404 — https://raw.githubusercontent.com/STR97/STRUGOV/main/BYPASS
2026-06-02 13:54:40,983 | INFO     |   → 369/911 ❌ HTTP 404 — https://raw.githubusercontent.com/STR97/STRUGOV/main/CUSTOM
2026-06-02 13:54:40,983 | INFO     |   → 370/911 ❌ HTTP 404 — https://raw.githubusercontent.com/STR97/STRUGOV/main/STR
2026-06-02 13:54:40,983 | INFO     |   → 371/911 ❌ HTTP 404 — https://raw.githubusercontent.com/STR97/STRUGOV/main/STR.BYPASS
2026-06-02 13:54:40,983 | INFO     |   → 372/911 ❌ HTTP 404 — https://raw.githubusercontent.com/STR97/STRUGOV/main/Vless
2026-06-02 13:54:40,983 | INFO     |   → 373/911 ❌ HTTP 404 — https://raw.githubusercontent.com/STR97/STRUGOV/refs/heads/main/STR.BYPASS
2026-06-02 13:54:40,983 | INFO     |   → 374/911: ✅ 4 взято | 🗑️ 34 мусор
2026-06-02 13:54:40,983 | INFO     |   → 375/911: ✅ 11 взято | 🗑️ 16 мусор
2026-06-02 13:54:40,983 | INFO     |   → 376/911: ✅ 0 взято | 🗑️ 16 мусор
2026-06-02 13:54:40,983 | INFO     |   → 377/911: ✅ 0 взято | 🗑️ 27 мусор
2026-06-02 13:54:40,983 | INFO     |   → 378/911: ✅ 140 взято | 🗑️ 1153 мусор
2026-06-02 13:54:40,983 | INFO     |   → 379/911: ✅ 99 взято | 🗑️ 2136 мусор
2026-06-02 13:54:40,983 | INFO     |   → 380/911: ✅ 17 взято | 🗑️ 1067 мусор
2026-06-02 13:54:40,984 | INFO     |   → 381/911: ✅ 162 взято | 🗑️ 3128 мусор
2026-06-02 13:54:40,984 | INFO     |   → 382/911: ✅ 200 взято | 🗑️ 451 мусор
2026-06-02 13:54:40,984 | INFO     |   → 383/911: ✅ 61 взято | 🗑️ 4715 мусор
2026-06-02 13:54:40,984 | INFO     |   → 384/911: ✅ 76 взято | 🗑️ 362 мусор
2026-06-02 13:54:40,984 | INFO     |   → 385/911: ✅ 29 взято | 🗑️ 54 мусор
2026-06-02 13:54:40,984 | INFO     |   → 386/911: ✅ 0 взято | 🗑️ 0 мусор
2026-06-02 13:54:40,984 | INFO     |   → 387/911: ✅ 0 взято | 🗑️ 0 мусор
2026-06-02 13:54:40,984 | INFO     |   → 388/911: ✅ 246 взято | 🗑️ 2261 мусор
2026-06-02 13:54:40,984 | INFO     |   → 389/911: ✅ 0 взято | 🗑️ 0 мусор
2026-06-02 13:54:40,984 | INFO     |   → 390/911: ✅ 0 взято | 🗑️ 0 мусор
2026-06-02 13:54:40,984 | INFO     |   → 391/911: ✅ 0 взято | 🗑️ 77 мусор
2026-06-02 13:54:40,984 | INFO     |   → 392/911: ✅ 0 взято | 🗑️ 149 мусор
2026-06-02 13:54:40,984 | INFO     |   → 393/911: ✅ 0 взято | 🗑️ 1817 мусор
2026-06-02 13:54:40,984 | INFO     |   → 394/911: ✅ 0 взято | 🗑️ 75 мусор
2026-06-02 13:54:40,984 | INFO     |   → 395/911: ✅ 0 взято | 🗑️ 0 мусор
2026-06-02 13:54:40,984 | INFO     |   → 396/911: ✅ 0 взято | 🗑️ 77 мусор
2026-06-02 13:54:40,984 | INFO     |   → 397/911 ❌ HTTP 404 — https://raw.githubusercontent.com/Syavar/V2ray-Configs/main/OK_TLS_activision.com.txt
2026-06-02 13:54:40,984 | INFO     |   → 398/911: ✅ 3 взято | 🗑️ 1 мусор
2026-06-02 13:54:40,984 | INFO     |   → 399/911: ✅ 3 взято | 🗑️ 1 мусор
2026-06-02 13:54:40,984 | INFO     |   → 400/911: ✅ 3 взято | 🗑️ 1 мусор
2026-06-02 13:54:40,984 | INFO     |   → 401/911: ✅ 3 взято | 🗑️ 1 мусор
2026-06-02 13:54:40,984 | INFO     |   → 402/911 ❌ HTTP 404 — https://raw.githubusercontent.com/Syavar/V2ray-Configs/main/OK_TLS_viber.com.txt
2026-06-02 13:54:40,984 | INFO     |   → 403/911: ✅ 3 взято | 🗑️ 1 мусор
2026-06-02 13:54:40,984 | INFO     |   → 404/911: ✅ 3 взято | 🗑️ 1 мусор
2026-06-02 13:54:40,984 | INFO     |   → 405/911 ❌ HTTP 404 — https://raw.githubusercontent.com/Syavar/V2ray-Configs/main/OK_activision.com.txt
2026-06-02 13:54:40,984 | INFO     |   → 406/911 ❌ HTTP 404 — https://raw.githubusercontent.com/Syavar/V2ray-Configs/main/OK_css.rbxcdn.com.txt
2026-06-02 13:54:40,984 | INFO     |   → 407/911 ❌ HTTP 404 — https://raw.githubusercontent.com/Syavar/V2ray-Configs/main/OK_google.com.txt
2026-06-02 13:54:40,985 | INFO     |   → 408/911 ❌ HTTP 404 — https://raw.githubusercontent.com/Syavar/V2ray-Configs/main/OK_speedtest.tinkoff.ru.txt
2026-06-02 13:54:40,985 | INFO     |   → 409/911 ❌ HTTP 404 — https://raw.githubusercontent.com/Syavar/V2ray-Configs/main/OK_telegram.org.txt
2026-06-02 13:54:40,985 | INFO     |   → 410/911 ❌ HTTP 404 — https://raw.githubusercontent.com/Syavar/V2ray-Configs/main/OK_viber.com.txt
2026-06-02 13:54:40,985 | INFO     |   → 411/911 ❌ HTTP 404 — https://raw.githubusercontent.com/Syavar/V2ray-Configs/main/OK_vk.com.txt
2026-06-02 13:54:40,985 | INFO     |   → 412/911 ❌ HTTP 404 — https://raw.githubusercontent.com/Syavar/V2ray-Configs/main/OK_whatsapp.com.txt
2026-06-02 13:54:40,985 | INFO     |   → 413/911: ✅ 319 взято | 🗑️ 713 мусор
2026-06-02 13:54:40,985 | INFO     |   → 414/911: ✅ 4 взято | 🗑️ 291 мусор
2026-06-02 13:54:40,985 | INFO     |   → 415/911: ✅ 0 взято | 🗑️ 119 мусор
2026-06-02 13:54:40,985 | INFO     |   → 416/911: ✅ 0 взято | 🗑️ 0 мусор
2026-06-02 13:54:40,985 | INFO     |   → 417/911 ❌ HTTP 404 — https://raw.githubusercontent.com/V2RAYCONFIGSPOOL/V2RAY_SUB/main/V2RAY_SUB.txt
2026-06-02 13:54:40,985 | INFO     |   → 418/911: ✅ 11 взято | 🗑️ 9 мусор
2026-06-02 13:54:40,985 | INFO     |   → 419/911: ✅ 10 взято | 🗑️ 6 мусор
2026-06-02 13:54:40,985 | INFO     |   → 420/911: ✅ 0 взято | 🗑️ 12 мусор
2026-06-02 13:54:40,985 | INFO     |   → 421/911: ✅ 13 взято | 🗑️ 7 мусор
2026-06-02 13:54:40,985 | INFO     |   → 422/911: ✅ 8 взято | 🗑️ 12 мусор
2026-06-02 13:54:40,985 | INFO     |   → 423/911: ✅ 5 взято | 🗑️ 12 мусор
2026-06-02 13:54:40,985 | INFO     |   → 424/911: ✅ 1 взято | 🗑️ 17 мусор
2026-06-02 13:54:40,985 | INFO     |   → 425/911: ✅ 8 взято | 🗑️ 10 мусор
2026-06-02 13:54:40,985 | INFO     |   → 426/911: ✅ 10 взято | 🗑️ 6 мусор
2026-06-02 13:54:40,985 | INFO     |   → 427/911: ✅ 6 взято | 🗑️ 9 мусор
2026-06-02 13:54:40,985 | INFO     |   → 428/911: ✅ 52 взято | 🗑️ 205 мусор
2026-06-02 13:54:40,985 | INFO     |   → 429/911: ✅ 0 взято | 🗑️ 5 мусор
2026-06-02 13:54:40,985 | INFO     |   → 430/911: ✅ 0 взято | 🗑️ 0 мусор
2026-06-02 13:54:40,985 | INFO     |   → 431/911: ✅ 16 взято | 🗑️ 17 мусор
2026-06-02 13:54:40,985 | INFO     |   → 432/911: ✅ 0 взято | 🗑️ 0 мусор
2026-06-02 13:54:40,985 | INFO     |   → 433/911: ✅ 0 взято | 🗑️ 17 мусор
2026-06-02 13:54:40,985 | INFO     |   → 434/911: ✅ 58 взято | 🗑️ 348 мусор
2026-06-02 13:54:40,986 | INFO     |   → 435/911: ✅ 0 взято | 🗑️ 231 мусор
2026-06-02 13:54:40,986 | INFO     |   → 436/911: ✅ 0 взято | 🗑️ 0 мусор
2026-06-02 13:54:40,986 | INFO     |   → 437/911: ✅ 0 взято | 🗑️ 17 мусор
2026-06-02 13:54:40,986 | INFO     |   → 438/911: ✅ 123 взято | 🗑️ 432 мусор
2026-06-02 13:54:40,986 | INFO     |   → 439/911: ✅ 0 взято | 🗑️ 83 мусор
2026-06-02 13:54:40,986 | INFO     |   → 440/911: ✅ 0 взято | 🗑️ 16 мусор
2026-06-02 13:54:40,986 | INFO     |   → 441/911: ✅ 0 взято | 🗑️ 16 мусор
2026-06-02 13:54:40,986 | INFO     |   → 442/911 ❌ HTTP 404 — https://raw.githubusercontent.com/aiboboxx/clashfree/main/clash.yml
2026-06-02 13:54:40,986 | INFO     |   → 443/911 ❌ HTTP 404 — https://raw.githubusercontent.com/aiboboxx/clashfree/refs/heads/main/clash.yml
2026-06-02 13:54:40,986 | INFO     |   → 444/911 ❌ HTTP 404 — https://raw.githubusercontent.com/aiboboxx/v2rayfree/main/v2
2026-06-02 13:54:40,986 | INFO     |   → 445/911 ❌ HTTP 404 — https://raw.githubusercontent.com/amirmohammad-mohammad-88/Sub-Reality-Azadi-config/Config/Azadi-Reality-Different
2026-06-02 13:54:40,986 | INFO     |   → 446/911 ❌ HTTP 404 — https://raw.githubusercontent.com/amirmohammad-mohammad-88/Sub-Reality-Azadi-config/Config/Azadi-Reality-Different-Base64
2026-06-02 13:54:40,986 | INFO     |   → 447/911: ✅ 1 взято | 🗑️ 17 мусор
2026-06-02 13:54:40,986 | INFO     |   → 448/911: ✅ 0 взято | 🗑️ 0 мусор
2026-06-02 13:54:40,986 | INFO     |   → 449/911: ✅ 0 взято | 🗑️ 0 мусор
2026-06-02 13:54:40,986 | INFO     |   → 450/911: ✅ 4 взято | 🗑️ 114 мусор
2026-06-02 13:54:40,986 | INFO     |   → 451/911: ✅ 21 взято | 🗑️ 51 мусор
2026-06-02 13:54:40,986 | INFO     |   → 452/911: ✅ 0 взято | 🗑️ 246 мусор
2026-06-02 13:54:40,986 | INFO     |   → 453/911: ✅ 0 взято | 🗑️ 157 мусор
2026-06-02 13:54:40,986 | INFO     |   → 454/911: ✅ 23 взято | 🗑️ 69 мусор
2026-06-02 13:54:40,986 | INFO     |   → 455/911 ❌ HTTP 404 — https://raw.githubusercontent.com/awesome-vpn/awesome-vpn/master/ss
2026-06-02 13:54:40,986 | INFO     |   → 456/911 ❌ HTTP 404 — https://raw.githubusercontent.com/awesome-vpn/awesome-vpn/master/ssr
2026-06-02 13:54:40,986 | INFO     |   → 457/911: ✅ 0 взято | 🗑️ 0 мусор
2026-06-02 13:54:40,986 | INFO     |   → 458/911: ✅ 0 взято | 🗑️ 22 мусор
2026-06-02 13:54:40,986 | INFO     |   → 459/911: ✅ 0 взято | 🗑️ 2918 мусор
2026-06-02 13:54:40,986 | INFO     |   → 460/911: ✅ 0 взято | 🗑️ 307 мусор
2026-06-02 13:54:40,987 | INFO     |   → 461/911: ✅ 0 взято | 🗑️ 2165 мусор
2026-06-02 13:54:40,987 | INFO     |   → 462/911: ✅ 0 взято | 🗑️ 149 мусор
2026-06-02 13:54:40,987 | INFO     |   → 463/911 ❌ HTTP 404 — https://raw.githubusercontent.com/barry-far/V2ray-Configs/ced94ddfff48276ec365b40227561f36b1b64bc8/Sub5.txt
2026-06-02 13:54:40,987 | INFO     |   → 464/911 ❌ HTTP 404 — https://raw.githubusercontent.com/barry-far/V2ray-Configs/main/Splitted-By-Protocol/hysteria2.txt
2026-06-02 13:54:40,987 | INFO     |   → 465/911 ❌ HTTP 404 — https://raw.githubusercontent.com/barry-far/V2ray-Configs/main/Splitted-By-Protocol/vless.txt
2026-06-02 13:54:40,987 | INFO     |   → 466/911 ❌ HTTP 404 — https://raw.githubusercontent.com/barry-far/V2ray-Configs/main/Sub1.txt
2026-06-02 13:54:40,987 | INFO     |   → 467/911 ❌ HTTP 404 — https://raw.githubusercontent.com/barry-far/V2ray-Configs/refs/heads/main/All_Configs_Sub.txt
2026-06-02 13:54:40,987 | INFO     |   → 468/911: ✅ 0 взято | 🗑️ 307 мусор
2026-06-02 13:54:40,987 | INFO     |   → 469/911: ✅ 0 взято | 🗑️ 2165 мусор
2026-06-02 13:54:40,987 | INFO     |   → 470/911: ✅ 0 взято | 🗑️ 149 мусор
2026-06-02 13:54:40,987 | INFO     |   → 471/911: ✅ 0 взято | 🗑️ 0 мусор
2026-06-02 13:54:40,987 | INFO     |   → 472/911 ❌ HTTP 404 — https://raw.githubusercontent.com/budamu/clashconfig/main/v2ray.txt
2026-06-02 13:54:40,987 | INFO     |   → 473/911 ❌ HTTP 404 — https://raw.githubusercontent.com/budamu/clashconfig/main/v2ray2.txt
2026-06-02 13:54:40,987 | INFO     |   → 474/911 ❌ HTTP 404 — https://raw.githubusercontent.com/bywarm/whitelists-vpns-etc/main/whitelists1-4pda.txt
2026-06-02 13:54:40,987 | INFO     |   → 475/911: ✅ 9 взято | 🗑️ 75 мусор
2026-06-02 13:54:40,987 | INFO     |   → 476/911: ✅ 0 взято | 🗑️ 0 мусор
2026-06-02 13:54:40,987 | INFO     |   → 477/911: ✅ 0 взято | 🗑️ 75 мусор
2026-06-02 13:54:40,987 | INFO     |   → 478/911: ✅ 0 взято | 🗑️ 0 мусор
2026-06-02 13:54:40,987 | INFO     |   → 479/911: ✅ 0 взято | 🗑️ 442 мусор
2026-06-02 13:54:40,987 | INFO     |   → 480/911: ✅ 0 взято | 🗑️ 0 мусор
2026-06-02 13:54:40,987 | INFO     |   → 481/911 ❌ HTTP 404 — https://raw.githubusercontent.com/chxxyz2004/zd/17fca23b73c46b5dd73e9be49b14d219b5e5f836/sub/2401/240110.txt
2026-06-02 13:54:40,987 | INFO     |   → 482/911: ✅ 0 взято | 🗑️ 44 мусор
2026-06-02 13:54:40,987 | INFO     |   → 483/911: ✅ 356 взято | 🗑️ 5284 мусор
2026-06-02 13:54:40,987 | INFO     |   → 484/911: ✅ 236 взято | 🗑️ 517 мусор
2026-06-02 13:54:40,987 | INFO     |   → 485/911 ❌ HTTP 404 — https://raw.githubusercontent.com/cxr9912/cxr2022/main/free.yaml
2026-06-02 13:54:40,987 | INFO     |   → 486/911 ❌ HTTP 404 — https://raw.githubusercontent.com/cxr9912/cxr2022/main/mix.yaml
2026-06-02 13:54:40,987 | INFO     |   → 487/911 ❌ HTTP 404 — https://raw.githubusercontent.com/cxr9912/cxr2022/main/ss.yaml
2026-06-02 13:54:40,987 | INFO     |   → 488/911 ❌ HTTP 404 — https://raw.githubusercontent.com/cxr9912/cxr2022/main/ssr.yaml
2026-06-02 13:54:40,988 | INFO     |   → 489/911 ❌ HTTP 404 — https://raw.githubusercontent.com/cxr9912/cxr2022/main/vmess.yaml
2026-06-02 13:54:40,988 | INFO     |   → 490/911 ❌ HTTP 404 — https://raw.githubusercontent.com/cxr9912/cxr2022/refs/heads/main/18cj.json
2026-06-02 13:54:40,988 | INFO     |   → 491/911 ❌ HTTP 404 — https://raw.githubusercontent.com/cxr9912/cxr2022/refs/heads/main/aaaaaaaa.yaml
2026-06-02 13:54:40,988 | INFO     |   → 492/911 ❌ HTTP 404 — https://raw.githubusercontent.com/cxr9912/cxr2022/refs/heads/main/free.yaml
2026-06-02 13:54:40,988 | INFO     |   → 493/911 ❌ HTTP 404 — https://raw.githubusercontent.com/cxr9912/cxr2022/refs/heads/main/ss2088.txt
2026-06-02 13:54:40,988 | INFO     |   → 494/911: ✅ 0 взято | 🗑️ 18 мусор
2026-06-02 13:54:40,988 | INFO     |   → 495/911: ✅ 0 взято | 🗑️ 18 мусор
2026-06-02 13:54:40,988 | INFO     |   → 496/911: ✅ 6 взято | 🗑️ 78 мусор
2026-06-02 13:54:40,988 | INFO     |   → 497/911: ✅ 6 взято | 🗑️ 4 мусор
2026-06-02 13:54:40,988 | INFO     |   → 498/911: ✅ 0 взято | 🗑️ 2 мусор
2026-06-02 13:54:40,988 | INFO     |   → 499/911: ✅ 0 взято | 🗑️ 2 мусор
2026-06-02 13:54:40,988 | INFO     |   → 500/911: ✅ 0 взято | 🗑️ 2 мусор
2026-06-02 13:54:40,988 | INFO     |   → 501/911: ✅ 0 взято | 🗑️ 3 мусор
2026-06-02 13:54:40,988 | INFO     |   → 502/911: ✅ 0 взято | 🗑️ 2 мусор
2026-06-02 13:54:40,988 | INFO     |   → 503/911: ✅ 0 взято | 🗑️ 9 мусор
2026-06-02 13:54:40,988 | INFO     |   → 504/911: ✅ 1 взято | 🗑️ 1 мусор
2026-06-02 13:54:40,988 | INFO     |   → 505/911: ✅ 0 взято | 🗑️ 10 мусор
2026-06-02 13:54:40,988 | INFO     |   → 506/911: ✅ 0 взято | 🗑️ 2 мусор
2026-06-02 13:54:40,988 | INFO     |   → 507/911: ✅ 0 взято | 🗑️ 0 мусор
2026-06-02 13:54:40,988 | INFO     |   → 508/911: ✅ 0 взято | 🗑️ 0 мусор
2026-06-02 13:54:40,988 | INFO     |   → 509/911: ✅ 6070 взято | 🗑️ 122644 мусор
2026-06-02 13:54:40,988 | INFO     |   → 510/911: ✅ 7 взято | 🗑️ 133 мусор
2026-06-02 13:54:40,988 | INFO     |   → 511/911: ✅ 6498 взято | 🗑️ 132649 мусор
2026-06-02 13:54:40,988 | INFO     |   → 512/911: ✅ 4547 взято | 🗑️ 87299 мусор
2026-06-02 13:54:40,988 | INFO     |   → 513/911: ✅ 89 взято | 🗑️ 5861 мусор
2026-06-02 13:54:40,988 | INFO     |   → 514/911: ✅ 0 взято | 🗑️ 122644 мусор
2026-06-02 13:54:40,988 | INFO     |   → 515/911: ✅ 0 взято | 🗑️ 133 мусор
2026-06-02 13:54:40,988 | INFO     |   → 516/911: ✅ 6 взято | 🗑️ 113 мусор
2026-06-02 13:54:40,988 | INFO     |   → 517/911: ✅ 0 взято | 🗑️ 0 мусор
2026-06-02 13:54:40,988 | INFO     |   → 518/911: ✅ 1 взято | 🗑️ 25 мусор
2026-06-02 13:54:40,989 | INFO     |   → 519/911: ✅ 0 взято | 🗑️ 0 мусор
2026-06-02 13:54:40,989 | INFO     |   → 520/911: ✅ 13 взято | 🗑️ 19 мусор
2026-06-02 13:54:40,989 | INFO     |   → 521/911: ✅ 0 взято | 🗑️ 5 мусор
2026-06-02 13:54:40,989 | INFO     |   → 522/911: ✅ 2 взято | 🗑️ 80 мусор
2026-06-02 13:54:40,989 | INFO     |   → 523/911: ✅ 0 взято | 🗑️ 0 мусор
2026-06-02 13:54:40,989 | INFO     |   → 524/911: ✅ 5 взято | 🗑️ 169 мусор
2026-06-02 13:54:40,989 | INFO     |   → 525/911: ✅ 34 взято | 🗑️ 121 мусор
2026-06-02 13:54:40,989 | INFO     |   → 526/911: ✅ 4 взято | 🗑️ 97 мусор
2026-06-02 13:54:40,989 | INFO     |   → 527/911 ❌ HTTP 404 — https://raw.githubusercontent.com/free18/v2ray/main/Clash.yaml
2026-06-02 13:54:40,989 | INFO     |   → 528/911: ✅ 0 взято | 🗑️ 0 мусор
2026-06-02 13:54:40,989 | INFO     |   → 529/911: ✅ 57 взято | 🗑️ 146 мусор
2026-06-02 13:54:40,989 | INFO     |   → 530/911: ✅ 0 взято | 🗑️ 0 мусор
2026-06-02 13:54:40,989 | INFO     |   → 531/911: ✅ 0 взято | 🗑️ 15 мусор
2026-06-02 13:54:40,989 | INFO     |   → 532/911: ✅ 0 взято | 🗑️ 0 мусор
2026-06-02 13:54:40,989 | INFO     |   → 533/911: ✅ 0 взято | 🗑️ 8 мусор
2026-06-02 13:54:40,989 | INFO     |   → 534/911: ✅ 0 взято | 🗑️ 8 мусор
2026-06-02 13:54:40,989 | INFO     |   → 535/911: ✅ 0 взято | 🗑️ 8 мусор
2026-06-02 13:54:40,989 | INFO     |   → 536/911: ✅ 0 взято | 🗑️ 8 мусор
2026-06-02 13:54:40,989 | INFO     |   → 537/911 ❌ HTTP 404 — https://raw.githubusercontent.com/freev2rayconfig/V2RAY_SUB/3e6a7786a1601ee3723e8d043ae79e70dbdfd9a8/v2rayconfigs.txt
2026-06-02 13:54:40,989 | INFO     |   → 538/911 ❌ HTTP 404 — https://raw.githubusercontent.com/freev2rayconfig/V2RAY_SUBSCRIPTION_LINK/main/v2rayconfigs.txt
2026-06-02 13:54:40,989 | INFO     |   → 539/911: ✅ 0 взято | 🗑️ 5 мусор
2026-06-02 13:54:40,989 | INFO     |   → 540/911 ❌ HTTP 404 — https://raw.githubusercontent.com/gfpcom/free-proxy-list/main/list/http.txt
2026-06-02 13:54:40,989 | INFO     |   → 541/911 ❌ HTTP 404 — https://raw.githubusercontent.com/gfpcom/free-proxy-list/main/list/https.txt
2026-06-02 13:54:40,989 | INFO     |   → 542/911 ❌ HTTP 404 — https://raw.githubusercontent.com/gfpcom/free-proxy-list/main/list/socks4.txt
2026-06-02 13:54:40,989 | INFO     |   → 543/911 ❌ HTTP 404 — https://raw.githubusercontent.com/gfpcom/free-proxy-list/main/list/socks4a.txt
2026-06-02 13:54:40,989 | INFO     |   → 544/911 ❌ HTTP 404 — https://raw.githubusercontent.com/gfpcom/free-proxy-list/main/list/socks5.txt
2026-06-02 13:54:40,989 | INFO     |   → 545/911 ❌ HTTP 404 — https://raw.githubusercontent.com/gfpcom/free-proxy-list/main/list/socks5h.txt
2026-06-02 13:54:40,989 | INFO     |   → 546/911 ❌ HTTP 404 — https://raw.githubusercontent.com/gfpcom/free-proxy-list/main/list/ss.txt
2026-06-02 13:54:40,989 | INFO     |   → 547/911 ❌ HTTP 404 — https://raw.githubusercontent.com/gfpcom/free-proxy-list/main/list/ssr.txt
2026-06-02 13:54:40,989 | INFO     |   → 548/911 ❌ HTTP 404 — https://raw.githubusercontent.com/gfpcom/free-proxy-list/main/list/trojan.txt
2026-06-02 13:54:40,989 | INFO     |   → 549/911 ❌ HTTP 404 — https://raw.githubusercontent.com/gfpcom/free-proxy-list/main/list/vless.txt
2026-06-02 13:54:40,989 | INFO     |   → 550/911 ❌ HTTP 404 — https://raw.githubusercontent.com/gfpcom/free-proxy-list/main/list/vmess.txt
2026-06-02 13:54:40,989 | INFO     |   → 551/911: ✅ 0 взято | 🗑️ 17 мусор
2026-06-02 13:54:40,989 | INFO     |   → 552/911: ✅ 0 взято | 🗑️ 0 мусор
2026-06-02 13:54:40,989 | INFO     |   → 553/911: ✅ 0 взято | 🗑️ 0 мусор
2026-06-02 13:54:40,990 | INFO     |   → 554/911: ✅ 4 взято | 🗑️ 63 мусор
2026-06-02 13:54:40,990 | INFO     |   → 555/911: ✅ 516 взято | 🗑️ 1959 мусор
2026-06-02 13:54:40,990 | INFO     |   → 556/911: ✅ 373 взято | 🗑️ 1129 мусор
2026-06-02 13:54:40,990 | INFO     |   → 557/911: ✅ 399 взято | 🗑️ 4012 мусор
2026-06-02 13:54:40,990 | INFO     |   → 558/911: ✅ 50 взято | 🗑️ 2404 мусор
2026-06-02 13:54:40,990 | INFO     |   → 559/911 ❌ HTTP 404 — https://raw.githubusercontent.com/hameed-maleki/TVC/89a4522969c57dcc22458cae9898426e5c4f2679/lite/config.txt
2026-06-02 13:54:40,990 | INFO     |   → 560/911: ✅ 0 взято | 🗑️ 0 мусор
2026-06-02 13:54:40,990 | INFO     |   → 561/911: ✅ 5 взято | 🗑️ 132 мусор
2026-06-02 13:54:40,990 | INFO     |   → 562/911: ✅ 0 взято | 🗑️ 56 мусор
2026-06-02 13:54:40,990 | INFO     |   → 563/911 ❌ HTTP 404 — https://raw.githubusercontent.com/hkaa0/permalink/main/proxy/V2ray
2026-06-02 13:54:40,990 | INFO     |   → 564/911: ✅ 2 взято | 🗑️ 131 мусор
2026-06-02 13:54:40,990 | INFO     |   → 565/911 ❌ HTTP 404 — https://raw.githubusercontent.com/hkaa0/permalink/main/proxy/clash
2026-06-02 13:54:40,990 | INFO     |   → 566/911 ❌ HTTP 404 — https://raw.githubusercontent.com/hkpc/Autoproxy/6cf946ddfc677a29062007e4b47d70674474baa7/sub/2401/240110.txt
2026-06-02 13:54:40,990 | INFO     |   → 567/911 ❌ HTTP 404 — https://raw.githubusercontent.com/hkpc/V2ray-Configs/7d9aa0dabf947af180a7dd6302818ed37950531a/Sub1.txt
2026-06-02 13:54:40,990 | INFO     |   → 568/911: ✅ 0 взято | 🗑️ 14 мусор
2026-06-02 13:54:40,990 | INFO     |   → 569/911: ✅ 0 взято | 🗑️ 16 мусор
2026-06-02 13:54:40,990 | INFO     |   → 570/911 ❌ HTTP 404 — https://raw.githubusercontent.com/iboxz/free-v2ray-collector/main/main
2026-06-02 13:54:40,990 | INFO     |   → 571/911: ✅ 121 взято | 🗑️ 256 мусор
2026-06-02 13:54:40,990 | INFO     |   → 572/911: ✅ 0 взято | 🗑️ 12 мусор
2026-06-02 13:54:40,990 | INFO     |   → 573/911: ✅ 0 взято | 🗑️ 19 мусор
2026-06-02 13:54:40,990 | INFO     |   → 574/911: ✅ 0 взято | 🗑️ 206 мусор
2026-06-02 13:54:40,990 | INFO     |   → 575/911: ✅ 0 взято | 🗑️ 19 мусор
2026-06-02 13:54:40,990 | INFO     |   → 576/911: ✅ 7 взято | 🗑️ 21 мусор
2026-06-02 13:54:40,990 | INFO     |   → 577/911: ✅ 83 взято | 🗑️ 20 мусор
2026-06-02 13:54:40,990 | INFO     |   → 578/911: ✅ 0 взято | 🗑️ 41 мусор
2026-06-02 13:54:40,990 | INFO     |   → 579/911 ❌ HTTP 404 — https://raw.githubusercontent.com/igareck/vpn-configs-for-russia/refs/heads/main/Vless-Reality-White-Lists-Rus-Cable.txt
2026-06-02 13:54:40,990 | INFO     |   → 580/911: ✅ 53 взято | 🗑️ 4 мусор
2026-06-02 13:54:40,990 | INFO     |   → 581/911: ✅ 0 взято | 🗑️ 0 мусор
2026-06-02 13:54:40,990 | INFO     |   → 582/911: ✅ 0 взято | 🗑️ 0 мусор
2026-06-02 13:54:40,990 | INFO     |   → 583/911: ✅ 0 взято | 🗑️ 9 мусор
2026-06-02 13:54:40,990 | INFO     |   → 584/911: ✅ 4 взято | 🗑️ 372 мусор
2026-06-02 13:54:40,990 | INFO     |   → 585/911: ✅ 0 взято | 🗑️ 0 мусор
2026-06-02 13:54:40,990 | INFO     |   → 586/911: ✅ 0 взято | 🗑️ 0 мусор
2026-06-02 13:54:40,990 | INFO     |   → 587/911: ✅ 0 взято | 🗑️ 12 мусор
2026-06-02 13:54:40,990 | INFO     |   → 588/911: ✅ 0 взято | 🗑️ 43 мусор
2026-06-02 13:54:40,990 | INFO     |   → 589/911 ❌ HTTP 404 — https://raw.githubusercontent.com/jw853355718/clash_233/master/config.yml
2026-06-02 13:54:40,990 | INFO     |   → 590/911: ✅ 0 взято | 🗑️ 210 мусор
2026-06-02 13:54:40,990 | INFO     |   → 591/911: ✅ 0 взято | 🗑️ 0 мусор
2026-06-02 13:54:40,990 | INFO     |   → 592/911 ❌ HTTP 404 — https://raw.githubusercontent.com/kismetpro/NodeSuber/main/Splitted-By-Protocol/vless.txt
2026-06-02 13:54:40,990 | INFO     |   → 593/911 ❌ HTTP 404 — https://raw.githubusercontent.com/kismetpro/NodeSuber/main/out/All_Configs_Sub.txt
2026-06-02 13:54:40,990 | INFO     |   → 594/911 ❌ HTTP 404 — https://raw.githubusercontent.com/kort0881/vpn-key-vless/main/subscriptions/all.txt
2026-06-02 13:54:40,990 | INFO     |   → 595/911: ✅ 224 взято | 🗑️ 176 мусор
2026-06-02 13:54:40,990 | INFO     |   → 596/911: ✅ 0 взято | 🗑️ 29 мусор
2026-06-02 13:54:40,990 | INFO     |   → 597/911 ❌ HTTP 404 — https://raw.githubusercontent.com/koteey/Ms.Kerosin-VPN/main/proxies.txt
2026-06-02 13:54:40,990 | INFO     |   → 598/911: ✅ 533 взято | 🗑️ 1494 мусор
2026-06-02 13:54:40,991 | INFO     |   → 599/911: ✅ 1 взято | 🗑️ 121 мусор
2026-06-02 13:54:40,991 | INFO     |   → 600/911: ✅ 0 взято | 🗑️ 0 мусор
2026-06-02 13:54:40,991 | INFO     |   → 601/911 ❌ HTTP 404 — https://raw.githubusercontent.com/lcx12901/v2ray-/master/sspool.herokuapp.com/yzcloud.yaml
2026-06-02 13:54:40,991 | INFO     |   → 602/911 ❌ HTTP 404 — https://raw.githubusercontent.com/lcx12901/v2ray-/master/sspool.herokuapp.com/yzcloud2.yaml
2026-06-02 13:54:40,991 | INFO     |   → 603/911: ✅ 0 взято | 🗑️ 0 мусор
2026-06-02 13:54:40,991 | INFO     |   → 604/911 ❌ HTTP 404 — https://raw.githubusercontent.com/learnhard-cn/free_proxy_ss/main/clash/config.yaml
2026-06-02 13:54:40,991 | INFO     |   → 605/911: ✅ 0 взято | 🗑️ 8 мусор
2026-06-02 13:54:40,991 | INFO     |   → 606/911: ✅ 0 взято | 🗑️ 4 мусор
2026-06-02 13:54:40,991 | INFO     |   → 607/911: ✅ 0 взято | 🗑️ 0 мусор
2026-06-02 13:54:40,991 | INFO     |   → 608/911: ✅ 0 взято | 🗑️ 4 мусор
2026-06-02 13:54:40,991 | INFO     |   → 609/911: ✅ 0 взято | 🗑️ 149 мусор
2026-06-02 13:54:40,991 | INFO     |   → 610/911: ✅ 0 взято | 🗑️ 421 мусор
2026-06-02 13:54:40,991 | INFO     |   → 611/911: ✅ 213 взято | 🗑️ 1155 мусор
2026-06-02 13:54:40,991 | INFO     |   → 612/911 ❌ HTTP 404 — https://raw.githubusercontent.com/lisylva-lee/v2dyku/main/ssr
2026-06-02 13:54:40,991 | INFO     |   → 613/911 ❌ HTTP 404 — https://raw.githubusercontent.com/lisylva-lee/v2dyku/main/v2dy
2026-06-02 13:54:40,991 | INFO     |   → 614/911: ✅ 0 взято | 🗑️ 53 мусор
2026-06-02 13:54:40,991 | INFO     |   → 615/911: ✅ 0 взято | 🗑️ 0 мусор
2026-06-02 13:54:40,991 | INFO     |   → 616/911: ✅ 0 взято | 🗑️ 0 мусор
2026-06-02 13:54:40,991 | INFO     |   → 617/911 ❌ HTTP 404 — https://raw.githubusercontent.com/luxl-1379/merge/77247d23def72b25226dfa741614e9b07a569c72/sub/sub_merge_base64.txt
2026-06-02 13:54:40,991 | INFO     |   → 618/911 ❌ HTTP 404 — https://raw.githubusercontent.com/luxl-1379/merge/main/sub/sub_merge_base64.txt
2026-06-02 13:54:40,991 | INFO     |   → 619/911: ✅ 146 взято | 🗑️ 343 мусор
2026-06-02 13:54:40,991 | INFO     |   → 620/911: ✅ 0 взято | 🗑️ 0 мусор
2026-06-02 13:54:40,991 | INFO     |   → 621/911: ✅ 0 взято | 🗑️ 122 мусор
2026-06-02 13:54:40,991 | INFO     |   → 622/911: ✅ 0 взято | 🗑️ 122 мусор
2026-06-02 13:54:40,991 | INFO     |   → 623/911: ✅ 0 взято | 🗑️ 0 мусор
2026-06-02 13:54:40,991 | INFO     |   → 624/911: ✅ 0 взято | 🗑️ 0 мусор
2026-06-02 13:54:40,991 | INFO     |   → 625/911: ✅ 0 взято | 🗑️ 3502 мусор
2026-06-02 13:54:40,991 | INFO     |   → 626/911: ✅ 0 взято | 🗑️ 122 мусор
2026-06-02 13:54:40,991 | INFO     |   → 627/911: ✅ 0 взято | 🗑️ 0 мусор
2026-06-02 13:54:40,991 | INFO     |   → 628/911: ✅ 0 взято | 🗑️ 3502 мусор
2026-06-02 13:54:40,992 | INFO     |   → 629/911: ✅ 0 взято | 🗑️ 0 мусор
2026-06-02 13:54:40,992 | INFO     |   → 630/911: ✅ 20 взято | 🗑️ 370 мусор
2026-06-02 13:54:40,992 | INFO     |   → 631/911: ✅ 0 взято | 🗑️ 370 мусор
2026-06-02 13:54:40,992 | INFO     |   → 632/911 ❌ HTTP 404 — https://raw.githubusercontent.com/mermeroo/Clash-V2ray/main/v2ray
2026-06-02 13:54:40,992 | INFO     |   → 633/911: ✅ 714 взято | 🗑️ 6258 мусор
2026-06-02 13:54:40,992 | INFO     |   → 634/911: ✅ 15 взято | 🗑️ 417 мусор
2026-06-02 13:54:40,992 | INFO     |   → 635/911: ✅ 6 взято | 🗑️ 102 мусор
2026-06-02 13:54:40,992 | INFO     |   → 636/911: ✅ 0 взято | 🗑️ 6258 мусор
2026-06-02 13:54:40,992 | INFO     |   → 637/911: ✅ 8 взято | 🗑️ 853 мусор
2026-06-02 13:54:40,992 | INFO     |   → 638/911: ✅ 0 взято | 🗑️ 853 мусор
2026-06-02 13:54:40,992 | INFO     |   → 639/911: ✅ 32 взято | 🗑️ 69 мусор
2026-06-02 13:54:40,992 | INFO     |   → 640/911 ❌ HTTP 404 — https://raw.githubusercontent.com/mermeroo/free-v2ray-collector/main/main/mix
2026-06-02 13:54:40,992 | INFO     |   → 641/911 ❌ HTTP 404 — https://raw.githubusercontent.com/mermeroo/free-v2ray-collector/main/main/reality
2026-06-02 13:54:40,992 | INFO     |   → 642/911 ❌ HTTP 404 — https://raw.githubusercontent.com/mermeroo/free-v2ray-collector/main/main/shadowsocks
2026-06-02 13:54:40,992 | INFO     |   → 643/911 ❌ HTTP 404 — https://raw.githubusercontent.com/mermeroo/free-v2ray-collector/main/main/trojan
2026-06-02 13:54:40,992 | INFO     |   → 644/911 ❌ HTTP 404 — https://raw.githubusercontent.com/mermeroo/free-v2ray-collector/main/main/vless
2026-06-02 13:54:40,992 | INFO     |   → 645/911 ❌ HTTP 404 — https://raw.githubusercontent.com/mermeroo/free-v2ray-collector/main/main/vmess
2026-06-02 13:54:40,992 | INFO     |   → 646/911: ✅ 0 взято | 🗑️ 0 мусор
2026-06-02 13:54:40,992 | INFO     |   → 647/911: ✅ 0 взято | 🗑️ 0 мусор
2026-06-02 13:54:40,992 | INFO     |   → 648/911 ❌ HTTP 404 — https://raw.githubusercontent.com/mfuu/v2ray/master/merge/merge.txt
2026-06-02 13:54:40,992 | INFO     |   → 649/911: ✅ 0 взято | 🗑️ 55 мусор
2026-06-02 13:54:40,992 | INFO     |   → 650/911: ✅ 0 взято | 🗑️ 55 мусор
2026-06-02 13:54:40,992 | INFO     |   → 651/911: ✅ 0 взято | 🗑️ 25 мусор
2026-06-02 13:54:40,992 | INFO     |   → 652/911: ✅ 586 взято | 🗑️ 13702 мусор
2026-06-02 13:54:40,992 | INFO     |   → 653/911: ✅ 0 взято | 🗑️ 13702 мусор
2026-06-02 13:54:40,992 | INFO     |   → 654/911: ✅ 0 взято | 🗑️ 2817 мусор
2026-06-02 13:54:40,992 | INFO     |   → 655/911: ✅ 0 взято | 🗑️ 1765 мусор
2026-06-02 13:54:40,992 | INFO     |   → 656/911: ✅ 0 взято | 🗑️ 4810 мусор
2026-06-02 13:54:40,992 | INFO     |   → 657/911: ✅ 0 взято | 🗑️ 4310 мусор
2026-06-02 13:54:40,992 | INFO     |   → 658/911 ❌ HTTP 404 — https://raw.githubusercontent.com/miladtahanian/V2RayCFGDumper/refs/heads/main/config.txt
2026-06-02 13:54:40,993 | INFO     |   → 659/911 ❌ HTTP 404 — https://raw.githubusercontent.com/miladtahanian/multi-proxy-config-fetcher/refs/heads/main/configs/proxy_configs.txt
2026-06-02 13:54:40,993 | INFO     |   → 660/911: ✅ 0 взято | 🗑️ 0 мусор
2026-06-02 13:54:40,993 | INFO     |   → 661/911: ✅ 0 взято | 🗑️ 0 мусор
2026-06-02 13:54:40,993 | INFO     |   → 662/911: ✅ 0 взято | 🗑️ 0 мусор
2026-06-02 13:54:40,993 | INFO     |   → 663/911: ✅ 15 взято | 🗑️ 46 мусор
2026-06-02 13:54:40,993 | INFO     |   → 664/911: ✅ 0 взято | 🗑️ 12 мусор
2026-06-02 13:54:40,993 | INFO     |   → 665/911: ✅ 0 взято | 🗑️ 206 мусор
2026-06-02 13:54:40,993 | INFO     |   → 666/911: ✅ 0 взято | 🗑️ 32 мусор
2026-06-02 13:54:40,993 | INFO     |   → 667/911: ✅ 0 взято | 🗑️ 0 мусор
2026-06-02 13:54:40,993 | INFO     |   → 668/911: ✅ 28 взято | 🗑️ 93 мусор
2026-06-02 13:54:40,993 | INFO     |   → 669/911: ✅ 74 взято | 🗑️ 425 мусор
2026-06-02 13:54:40,993 | INFO     |   → 670/911: ✅ 168 взято | 🗑️ 330 мусор
2026-06-02 13:54:40,993 | INFO     |   → 671/911: ✅ 0 взято | 🗑️ 0 мусор
2026-06-02 13:54:40,993 | INFO     |   → 672/911: ✅ 15 взято | 🗑️ 70 мусор
2026-06-02 13:54:40,993 | INFO     |   → 673/911: ✅ 127 взято | 🗑️ 492 мусор
2026-06-02 13:54:40,993 | INFO     |   → 674/911: ✅ 331 взято | 🗑️ 190 мусор
2026-06-02 13:54:40,993 | INFO     |   → 675/911: ✅ 98 взято | 🗑️ 1710 мусор
2026-06-02 13:54:40,993 | INFO     |   → 676/911: ✅ 39 взято | 🗑️ 1124 мусор
2026-06-02 13:54:40,993 | INFO     |   → 677/911: ✅ 8 взято | 🗑️ 323 мусор
2026-06-02 13:54:40,993 | INFO     |   → 678/911: ✅ 0 взято | 🗑️ 369 мусор
2026-06-02 13:54:40,993 | INFO     |   → 679/911 ❌ HTTP 404 — https://raw.githubusercontent.com/obscure1990/freeVM/master/snippets/nodes.yml
2026-06-02 13:54:40,993 | INFO     |   → 680/911: ✅ 1181 взято | 🗑️ 177 мусор
2026-06-02 13:54:40,993 | INFO     |   → 681/911 ❌ HTTP 404 — https://raw.githubusercontent.com/op30mmd/things/909b38024ba14d69dc0f95c238f63bc6e930a00f/eut.txt
2026-06-02 13:54:40,993 | INFO     |   → 682/911 ❌ HTTP 404 — https://raw.githubusercontent.com/openRunner/clash-freenode/main/v2ray.txt
2026-06-02 13:54:40,993 | INFO     |   → 683/911 ❌ HTTP 404 — https://raw.githubusercontent.com/oslook/clash-freenode/main/clash.yaml
2026-06-02 13:54:40,993 | INFO     |   → 684/911: ✅ 0 взято | 🗑️ 0 мусор
2026-06-02 13:54:40,993 | INFO     |   → 685/911: ✅ 4 взято | 🗑️ 1 мусор
2026-06-02 13:54:40,993 | INFO     |   → 686/911: ✅ 0 взято | 🗑️ 0 мусор
2026-06-02 13:54:40,993 | INFO     |   → 687/911: ✅ 7 взято | 🗑️ 105 мусор
2026-06-02 13:54:40,993 | INFO     |   → 688/911: ✅ 0 взято | 🗑️ 0 мусор
2026-06-02 13:54:40,994 | INFO     |   → 689/911: ✅ 0 взято | 🗑️ 105 мусор
2026-06-02 13:54:40,994 | INFO     |   → 690/911: ✅ 0 взято | 🗑️ 105 мусор
2026-06-02 13:54:40,994 | INFO     |   → 691/911: ✅ 4 взято | 🗑️ 3 мусор
2026-06-02 13:54:40,994 | INFO     |   → 692/911: ✅ 6703 взято | 🗑️ 35561 мусор
2026-06-02 13:54:40,994 | INFO     |   → 693/911: ✅ 0 взято | 🗑️ 0 мусор
2026-06-02 13:54:40,994 | INFO     |   → 694/911: ✅ 0 взято | 🗑️ 0 мусор
2026-06-02 13:54:40,994 | INFO     |   → 695/911: ✅ 0 взято | 🗑️ 19 мусор
2026-06-02 13:54:40,994 | INFO     |   → 696/911: ✅ 0 взято | 🗑️ 0 мусор
2026-06-02 13:54:40,994 | INFO     |   → 697/911: ✅ 0 взято | 🗑️ 71 мусор
2026-06-02 13:54:40,994 | INFO     |   → 698/911: ✅ 0 взято | 🗑️ 1 мусор
2026-06-02 13:54:40,994 | INFO     |   → 699/911: ✅ 0 взято | 🗑️ 44 мусор
2026-06-02 13:54:40,994 | INFO     |   → 700/911: ✅ 63 взято | 🗑️ 521 мусор
2026-06-02 13:54:40,994 | INFO     |   → 701/911: ✅ 165 взято | 🗑️ 273 мусор
2026-06-02 13:54:40,994 | INFO     |   → 702/911: ✅ 0 взято | 🗑️ 0 мусор
2026-06-02 13:54:40,994 | INFO     |   → 703/911: ✅ 13 взято | 🗑️ 211 мусор
2026-06-02 13:54:40,994 | INFO     |   → 704/911: ✅ 3 взято | 🗑️ 56 мусор
2026-06-02 13:54:40,994 | INFO     |   → 705/911: ✅ 0 взято | 🗑️ 79 мусор
2026-06-02 13:54:40,994 | INFO     |   → 706/911: ✅ 13 взято | 🗑️ 32 мусор
2026-06-02 13:54:40,994 | INFO     |   → 707/911: ✅ 0 взято | 🗑️ 0 мусор
2026-06-02 13:54:40,994 | INFO     |   → 708/911: ✅ 2 взято | 🗑️ 9 мусор
2026-06-02 13:54:40,994 | INFO     |   → 709/911: ✅ 11 взято | 🗑️ 76 мусор
2026-06-02 13:54:40,994 | INFO     |   → 710/911: ✅ 0 взято | 🗑️ 168 мусор
2026-06-02 13:54:40,994 | INFO     |   → 711/911: ✅ 0 взято | 🗑️ 79 мусор
2026-06-02 13:54:40,994 | INFO     |   → 712/911: ✅ 0 взято | 🗑️ 0 мусор
2026-06-02 13:54:40,994 | INFO     |   → 713/911: ✅ 0 взято | 🗑️ 15 мусор
2026-06-02 13:54:40,994 | INFO     |   → 714/911 ❌ HTTP 404 — https://raw.githubusercontent.com/ronghuaxueleng/get_v2/main/pub/changfengoss.yaml
2026-06-02 13:54:40,994 | INFO     |   → 715/911: ✅ 0 взято | 🗑️ 0 мусор
2026-06-02 13:54:40,994 | INFO     |   → 716/911: ✅ 11 взято | 🗑️ 81 мусор
2026-06-02 13:54:40,994 | INFO     |   → 717/911: ✅ 0 взято | 🗑️ 81 мусор
2026-06-02 13:54:40,994 | INFO     |   → 718/911 ❌ HTTP 404 — https://raw.githubusercontent.com/rxsweet/CM_Vmess/refs/heads/main/test.txt
2026-06-02 13:54:40,995 | INFO     |   → 719/911 ❌ HTTP 404 — https://raw.githubusercontent.com/rxsweet/proxies/main/sub/free.yaml
2026-06-02 13:54:40,995 | INFO     |   → 720/911 ❌ HTTP 404 — https://raw.githubusercontent.com/rxsweet/proxies/main/sub/rx.yaml
2026-06-02 13:54:40,995 | INFO     |   → 721/911 ❌ HTTP 404 — https://raw.githubusercontent.com/rxsweet/proxies/main/sub/sources/dynamicAll.yaml
2026-06-02 13:54:40,995 | INFO     |   → 722/911 ❌ HTTP 404 — https://raw.githubusercontent.com/rxsweet/proxies/main/sub/sources/miningAll.yaml
2026-06-02 13:54:40,995 | INFO     |   → 723/911 ❌ HTTP 404 — https://raw.githubusercontent.com/rxsweet/proxies/main/sub/srx.yaml
2026-06-02 13:54:40,995 | INFO     |   → 724/911: ✅ 457 взято | 🗑️ 2284 мусор
2026-06-02 13:54:40,995 | INFO     |   → 725/911 ❌ HTTP 404 — https://raw.githubusercontent.com/sajad-sajadi/V2ray-Collector/raw/main/output/protocols/vmess.txt
2026-06-02 13:54:40,995 | INFO     |   → 726/911: ✅ 1506 взято | 🗑️ 1726 мусор
2026-06-02 13:54:40,995 | INFO     |   → 727/911 ❌ HTTP 404 — https://raw.githubusercontent.com/sakha1370/OpenRay/raw/refs/heads/main/output/all_valid_proxies.txt
2026-06-02 13:54:40,995 | INFO     |   → 728/911: ✅ 2 взято | 🗑️ 399 мусор
2026-06-02 13:54:40,995 | INFO     |   → 729/911: ✅ 0 взято | 🗑️ 399 мусор
2026-06-02 13:54:40,995 | INFO     |   → 730/911 ❌ HTTP 404 — https://raw.githubusercontent.com/samjoeyang/subscribe/main/fly
2026-06-02 13:54:40,995 | INFO     |   → 731/911: ✅ 0 взято | 🗑️ 0 мусор
2026-06-02 13:54:40,995 | INFO     |   → 732/911 ❌ HTTP 404 — https://raw.githubusercontent.com/satrom/V2SSR/master/SSR/Sub.txt
2026-06-02 13:54:40,995 | INFO     |   → 733/911 ❌ HTTP 404 — https://raw.githubusercontent.com/satrom/V2SSR/master/V2RAY/Sub.txt
2026-06-02 13:54:40,995 | INFO     |   → 734/911: ✅ 4803 взято | 🗑️ 100332 мусор
2026-06-02 13:54:40,995 | INFO     |   → 735/911: ✅ 0 взято | 🗑️ 0 мусор
2026-06-02 13:54:40,995 | INFO     |   → 736/911: ✅ 0 взято | 🗑️ 0 мусор
2026-06-02 13:54:40,995 | INFO     |   → 737/911: ✅ 3 взято | 🗑️ 49 мусор
2026-06-02 13:54:40,995 | INFO     |   → 738/911: ✅ 0 взято | 🗑️ 1548 мусор
2026-06-02 13:54:40,995 | INFO     |   → 739/911: ✅ 0 взято | 🗑️ 783 мусор
2026-06-02 13:54:40,995 | INFO     |   → 740/911: ✅ 0 взято | 🗑️ 81 мусор
2026-06-02 13:54:40,995 | INFO     |   → 741/911: ✅ 0 взято | 🗑️ 659 мусор
2026-06-02 13:54:40,995 | INFO     |   → 742/911: ✅ 0 взято | 🗑️ 25 мусор
2026-06-02 13:54:40,995 | INFO     |   → 743/911: ✅ 0 взято | 🗑️ 1548 мусор
2026-06-02 13:54:40,995 | INFO     |   → 744/911: ✅ 0 взято | 🗑️ 0 мусор
2026-06-02 13:54:40,995 | INFO     |   → 745/911: ✅ 0 взято | 🗑️ 0 мусор
2026-06-02 13:54:40,995 | INFO     |   → 746/911 ❌ HTTP 404 — https://raw.githubusercontent.com/shirkerboy/scp/main/sub
2026-06-02 13:54:40,995 | INFO     |   → 747/911 ❌ HTTP 404 — https://raw.githubusercontent.com/skywrt/v2ray-Collector/master/v2ray
2026-06-02 13:54:40,995 | INFO     |   → 748/911 ❌ HTTP 404 — https://raw.githubusercontent.com/snakem982/proxypool/main/nodelist.txt
2026-06-02 13:54:40,996 | INFO     |   → 749/911: ✅ 0 взято | 🗑️ 0 мусор
2026-06-02 13:54:40,996 | INFO     |   → 750/911: ✅ 1 взято | 🗑️ 10 мусор
2026-06-02 13:54:40,996 | INFO     |   → 751/911 ❌ HTTP 404 — https://raw.githubusercontent.com/snakem982/proxypool/main/source/v2ray.txt
2026-06-02 13:54:40,996 | INFO     |   → 752/911 ❌ HTTP 404 — https://raw.githubusercontent.com/soroushmirzaei/telegram-configs-collector/main/channels/protocols/hysteria
2026-06-02 13:54:40,996 | INFO     |   → 753/911 ❌ HTTP 404 — https://raw.githubusercontent.com/soroushmirzaei/telegram-configs-collector/main/channels/protocols/juicity
2026-06-02 13:54:40,996 | INFO     |   → 754/911 ❌ HTTP 404 — https://raw.githubusercontent.com/soroushmirzaei/telegram-configs-collector/main/channels/protocols/reality
2026-06-02 13:54:40,996 | INFO     |   → 755/911 ❌ HTTP 404 — https://raw.githubusercontent.com/soroushmirzaei/telegram-configs-collector/main/channels/protocols/shadowsocks
2026-06-02 13:54:40,996 | INFO     |   → 756/911 ❌ HTTP 404 — https://raw.githubusercontent.com/soroushmirzaei/telegram-configs-collector/main/channels/protocols/trojan
2026-06-02 13:54:40,996 | INFO     |   → 757/911 ❌ HTTP 404 — https://raw.githubusercontent.com/soroushmirzaei/telegram-configs-collector/main/channels/protocols/tuic
2026-06-02 13:54:40,996 | INFO     |   → 758/911 ❌ HTTP 404 — https://raw.githubusercontent.com/soroushmirzaei/telegram-configs-collector/main/channels/protocols/vless
2026-06-02 13:54:40,996 | INFO     |   → 759/911 ❌ HTTP 404 — https://raw.githubusercontent.com/soroushmirzaei/telegram-configs-collector/main/channels/protocols/vmess
2026-06-02 13:54:40,996 | INFO     |   → 760/911 ❌ HTTP 404 — https://raw.githubusercontent.com/soroushmirzaei/telegram-configs-collector/main/countries/jp/mixed
2026-06-02 13:54:40,996 | INFO     |   → 761/911 ❌ HTTP 404 — https://raw.githubusercontent.com/soroushmirzaei/telegram-configs-collector/main/protocols/hysteria
2026-06-02 13:54:40,996 | INFO     |   → 762/911 ❌ HTTP 404 — https://raw.githubusercontent.com/soroushmirzaei/telegram-configs-collector/main/protocols/juicity
2026-06-02 13:54:40,996 | INFO     |   → 763/911 ❌ HTTP 404 — https://raw.githubusercontent.com/soroushmirzaei/telegram-configs-collector/main/protocols/reality
2026-06-02 13:54:40,996 | INFO     |   → 764/911 ❌ HTTP 404 — https://raw.githubusercontent.com/soroushmirzaei/telegram-configs-collector/main/protocols/shadowsocks
2026-06-02 13:54:40,996 | INFO     |   → 765/911 ❌ HTTP 404 — https://raw.githubusercontent.com/soroushmirzaei/telegram-configs-collector/main/protocols/trojan
2026-06-02 13:54:40,996 | INFO     |   → 766/911 ❌ HTTP 404 — https://raw.githubusercontent.com/soroushmirzaei/telegram-configs-collector/main/protocols/tuic
2026-06-02 13:54:40,996 | INFO     |   → 767/911 ❌ HTTP 404 — https://raw.githubusercontent.com/soroushmirzaei/telegram-configs-collector/main/protocols/vless
2026-06-02 13:54:40,996 | INFO     |   → 768/911 ❌ HTTP 404 — https://raw.githubusercontent.com/soroushmirzaei/telegram-configs-collector/main/protocols/vmess
2026-06-02 13:54:40,996 | INFO     |   → 769/911 ❌ HTTP 404 — https://raw.githubusercontent.com/soroushmirzaei/telegram-configs-collector/main/splitted/subscribe
2026-06-02 13:54:40,996 | INFO     |   → 770/911 ❌ HTTP 404 — https://raw.githubusercontent.com/ssrsub/ssr/master/Clash.yml
2026-06-02 13:54:40,996 | INFO     |   → 771/911 ❌ HTTP 404 — https://raw.githubusercontent.com/ssrsub/ssr/master/V2Ray
2026-06-02 13:54:40,996 | INFO     |   → 772/911 ❌ HTTP 404 — https://raw.githubusercontent.com/ssrsub/ssr/master/ss-sub
2026-06-02 13:54:40,996 | INFO     |   → 773/911 ❌ HTTP 404 — https://raw.githubusercontent.com/ssrsub/ssr/master/ssrsub
2026-06-02 13:54:40,996 | INFO     |   → 774/911 ❌ HTTP 404 — https://raw.githubusercontent.com/ssrsub/ssr/master/trojan
2026-06-02 13:54:40,996 | INFO     |   → 775/911 ❌ HTTP 404 — https://raw.githubusercontent.com/ssrsub/ssr/master/vless.txt
2026-06-02 13:54:40,996 | INFO     |   → 776/911: ✅ 0 взято | 🗑️ 0 мусор
2026-06-02 13:54:40,996 | INFO     |   → 777/911: ✅ 2 взято | 🗑️ 12 мусор
2026-06-02 13:54:40,996 | INFO     |   → 778/911: ✅ 0 взято | 🗑️ 13 мусор
2026-06-02 13:54:40,996 | INFO     |   → 779/911: ✅ 0 взято | 🗑️ 13 мусор
2026-06-02 13:54:40,997 | INFO     |   → 780/911 ❌ HTTP 404 — https://raw.githubusercontent.com/tbbatbb/Proxy/master/dist/clash.config.yaml
2026-06-02 13:54:40,997 | INFO     |   → 781/911: ✅ 63 взято | 🗑️ 237 мусор
2026-06-02 13:54:40,997 | INFO     |   → 782/911: ✅ 49 взято | 🗑️ 251 мусор
2026-06-02 13:54:40,997 | INFO     |   → 783/911: ✅ 20 взято | 🗑️ 101 мусор
2026-06-02 13:54:40,997 | INFO     |   → 784/911: ✅ 26 взято | 🗑️ 274 мусор
2026-06-02 13:54:40,997 | INFO     |   → 785/911: ✅ 48 взято | 🗑️ 252 мусор
2026-06-02 13:54:40,997 | INFO     |   → 786/911: ✅ 32 взято | 🗑️ 268 мусор
2026-06-02 13:54:40,997 | INFO     |   → 787/911: ✅ 99 взято | 🗑️ 201 мусор
2026-06-02 13:54:40,997 | INFO     |   → 788/911: ✅ 250 взято | 🗑️ 50 мусор
2026-06-02 13:54:40,997 | INFO     |   → 789/911 ❌ HTTP 404 — https://raw.githubusercontent.com/thuhollow2/myconfig/main/config.yaml
2026-06-02 13:54:40,997 | INFO     |   → 790/911: ✅ 2 взято | 🗑️ 35 мусор
2026-06-02 13:54:40,997 | INFO     |   → 791/911: ✅ 0 взято | 🗑️ 0 мусор
2026-06-02 13:54:40,997 | INFO     |   → 792/911: ✅ 5 взято | 🗑️ 111 мусор
2026-06-02 13:54:40,997 | INFO     |   → 793/911: ✅ 0 взято | 🗑️ 0 мусор
2026-06-02 13:54:40,997 | INFO     |   → 794/911: ✅ 3 взято | 🗑️ 37 мусор
2026-06-02 13:54:40,997 | INFO     |   → 795/911 ❌ HTTP 404 — https://raw.githubusercontent.com/v2clash/Autoproxy/a81f840ab2364124133572ec94e4b81fb0d4e58d/sub/2401/240104.txt
2026-06-02 13:54:40,997 | INFO     |   → 796/911 ❌ HTTP 404 — https://raw.githubusercontent.com/v2clash/V2ray-Configs/31f493c584d0c7b56350f4a34d80c53ad82bcc18/Sub9.txt
2026-06-02 13:54:40,997 | INFO     |   → 797/911: ✅ 36 взято | 🗑️ 303 мусор
2026-06-02 13:54:40,997 | INFO     |   → 798/911: ✅ 0 взято | 🗑️ 0 мусор
2026-06-02 13:54:40,997 | INFO     |   → 799/911: ✅ 0 взято | 🗑️ 0 мусор
2026-06-02 13:54:40,997 | INFO     |   → 800/911: ✅ 0 взято | 🗑️ 0 мусор
2026-06-02 13:54:40,997 | INFO     |   → 801/911: ✅ 283 взято | 🗑️ 9640 мусор
2026-06-02 13:54:40,997 | INFO     |   → 802/911: ✅ 281 взято | 🗑️ 10086 мусор
2026-06-02 13:54:40,997 | INFO     |   → 803/911: ✅ 280 взято | 🗑️ 9675 мусор
2026-06-02 13:54:40,997 | INFO     |   → 804/911: ✅ 334 взято | 🗑️ 9823 мусор
2026-06-02 13:54:40,997 | INFO     |   → 805/911: ✅ 350 взято | 🗑️ 9639 мусор
2026-06-02 13:54:40,997 | INFO     |   → 806/911: ✅ 125 взято | 🗑️ 7919 мусор
2026-06-02 13:54:40,997 | INFO     |   → 807/911: ✅ 135 взято | 🗑️ 4836 мусор
2026-06-02 13:54:40,997 | INFO     |   → 808/911: ✅ 502 взято | 🗑️ 7659 мусор
2026-06-02 13:54:40,997 | INFO     |   → 809/911: ✅ 631 взято | 🗑️ 8081 мусор
2026-06-02 13:54:40,998 | INFO     |   → 810/911: ✅ 202 взято | 🗑️ 5131 мусор
2026-06-02 13:54:40,998 | INFO     |   → 811/911 ❌ HTTP 404 — https://raw.githubusercontent.com/vsevjik/OBSpiskov/main/wwh
2026-06-02 13:54:40,998 | INFO     |   → 812/911 ❌ HTTP 404 — https://raw.githubusercontent.com/vsevjik/OBSpiskov/main/wwhjk
2026-06-02 13:54:40,998 | INFO     |   → 813/911 ❌ HTTP 404 — https://raw.githubusercontent.com/vsevjik/OBSpiskov/main/wwhljjjkk
2026-06-02 13:54:40,998 | INFO     |   → 814/911 ❌ HTTP 404 — https://raw.githubusercontent.com/vveg26/chromego_merge/main/sub/merged_proxies.yaml
2026-06-02 13:54:40,998 | INFO     |   → 815/911 ❌ HTTP 404 — https://raw.githubusercontent.com/vveg26/get_proxy/main/dist/clash.config.yaml
2026-06-02 13:54:40,998 | INFO     |   → 816/911: ✅ 0 взято | 🗑️ 0 мусор
2026-06-02 13:54:40,998 | INFO     |   → 817/911: ✅ 0 взято | 🗑️ 10 мусор
2026-06-02 13:54:40,998 | INFO     |   → 818/911: ✅ 0 взято | 🗑️ 10 мусор
2026-06-02 13:54:40,998 | INFO     |   → 819/911: ✅ 0 взято | 🗑️ 4 мусор
2026-06-02 13:54:40,998 | INFO     |   → 820/911: ✅ 0 взято | 🗑️ 0 мусор
2026-06-02 13:54:40,998 | INFO     |   → 821/911: ✅ 0 взято | 🗑️ 4 мусор
2026-06-02 13:54:40,998 | INFO     |   → 822/911: ✅ 106 взято | 🗑️ 689 мусор
2026-06-02 13:54:40,998 | INFO     |   → 823/911: ✅ 48 взято | 🗑️ 841 мусор
2026-06-02 13:54:40,998 | INFO     |   → 824/911: ✅ 21 взято | 🗑️ 789 мусор
2026-06-02 13:54:40,998 | INFO     |   → 825/911: ✅ 24 взято | 🗑️ 774 мусор
2026-06-02 13:54:40,998 | INFO     |   → 826/911: ✅ 52 взято | 🗑️ 756 мусор
2026-06-02 13:54:40,998 | INFO     |   → 827/911: ✅ 191 взято | 🗑️ 745 мусор
2026-06-02 13:54:40,998 | INFO     |   → 828/911: ✅ 9 взято | 🗑️ 651 мусор
2026-06-02 13:54:40,998 | INFO     |   → 829/911: ✅ 185 взято | 🗑️ 388 мусор
2026-06-02 13:54:40,998 | INFO     |   → 830/911: ✅ 130 взято | 🗑️ 523 мусор
2026-06-02 13:54:40,998 | INFO     |   → 831/911: ✅ 67 взято | 🗑️ 533 мусор
2026-06-02 13:54:40,998 | INFO     |   → 832/911: ✅ 98 взято | 🗑️ 444 мусор
2026-06-02 13:54:40,998 | INFO     |   → 833/911: ✅ 102 взято | 🗑️ 670 мусор
2026-06-02 13:54:40,998 | INFO     |   → 834/911: ✅ 86 взято | 🗑️ 476 мусор
2026-06-02 13:54:40,998 | INFO     |   → 835/911: ✅ 95 взято | 🗑️ 657 мусор
2026-06-02 13:54:40,998 | INFO     |   → 836/911: ✅ 105 взято | 🗑️ 645 мусор
2026-06-02 13:54:40,998 | INFO     |   → 837/911: ✅ 115 взято | 🗑️ 985 мусор
2026-06-02 13:54:40,998 | INFO     |   → 838/911: ✅ 3 взято | 🗑️ 63 мусор
2026-06-02 13:54:40,998 | INFO     |   → 839/911: ✅ 3 взято | 🗑️ 62 мусор
2026-06-02 13:54:40,999 | INFO     |   → 840/911: ✅ 13 взято | 🗑️ 489 мусор
2026-06-02 13:54:40,999 | INFO     |   → 841/911: ✅ 0 взято | 🗑️ 0 мусор
2026-06-02 13:54:40,999 | INFO     |   → 842/911: ✅ 0 взято | 🗑️ 0 мусор
2026-06-02 13:54:40,999 | INFO     |   → 843/911: ✅ 0 взято | 🗑️ 0 мусор
2026-06-02 13:54:40,999 | INFO     |   → 844/911: ✅ 0 взято | 🗑️ 0 мусор
2026-06-02 13:54:40,999 | INFO     |   → 845/911: ✅ 0 взято | 🗑️ 0 мусор
2026-06-02 13:54:40,999 | INFO     |   → 846/911: ✅ 0 взято | 🗑️ 0 мусор
2026-06-02 13:54:40,999 | INFO     |   → 847/911: ✅ 0 взято | 🗑️ 52 мусор
2026-06-02 13:54:40,999 | INFO     |   → 848/911: ✅ 5 взято | 🗑️ 10 мусор
2026-06-02 13:54:40,999 | INFO     |   → 849/911: ✅ 1 взято | 🗑️ 124 мусор
2026-06-02 13:54:40,999 | INFO     |   → 850/911: ✅ 157 взято | 🗑️ 128 мусор
2026-06-02 13:54:40,999 | INFO     |   → 851/911: ✅ 0 взято | 🗑️ 9 мусор
2026-06-02 13:54:40,999 | INFO     |   → 852/911: ✅ 5 взято | 🗑️ 482 мусор
2026-06-02 13:54:40,999 | INFO     |   → 853/911: ✅ 0 взято | 🗑️ 464 мусор
2026-06-02 13:54:40,999 | INFO     |   → 854/911: ✅ 0 взято | 🗑️ 11 мусор
2026-06-02 13:54:40,999 | INFO     |   → 855/911: ✅ 0 взято | 🗑️ 0 мусор
2026-06-02 13:54:40,999 | INFO     |   → 856/911: ✅ 0 взято | 🗑️ 482 мусор
2026-06-02 13:54:40,999 | INFO     |   → 857/911 ❌ HTTP 404 — https://raw.githubusercontent.com/xiaozhu2007/xiaozhu2007/61a755a044dbaeea678bc2d1e20f21a21c6d7170/docs/fxxk.txt
2026-06-02 13:54:40,999 | INFO     |   → 858/911: ✅ 0 взято | 🗑️ 159 мусор
2026-06-02 13:54:40,999 | INFO     |   → 859/911: ✅ 0 взято | 🗑️ 22 мусор
2026-06-02 13:54:40,999 | INFO     |   → 860/911: ✅ 0 взято | 🗑️ 0 мусор
2026-06-02 13:54:40,999 | INFO     |   → 861/911 ❌ HTTP 404 — https://raw.githubusercontent.com/yebekhe/TVC/0f745f92bf381e505f1245abbc7c145b19b11503/config.txt
2026-06-02 13:54:40,999 | INFO     |   → 862/911 ❌ HTTP 404 — https://raw.githubusercontent.com/yebekhe/TVC/9fac69239c69327fb7a61f5a8d79d107133889e1/lite/config.txt
2026-06-02 13:54:40,999 | INFO     |   → 863/911 ❌ HTTP 404 — https://raw.githubusercontent.com/yebekhe/TelegramV2rayCollector/main/sub/normal/donated
2026-06-02 13:54:40,999 | INFO     |   → 864/911 ❌ HTTP 404 — https://raw.githubusercontent.com/yebekhe/TelegramV2rayCollector/main/sub/normal/hysteria2
2026-06-02 13:54:40,999 | INFO     |   → 865/911 ❌ HTTP 404 — https://raw.githubusercontent.com/yebekhe/TelegramV2rayCollector/main/sub/normal/mix
2026-06-02 13:54:40,999 | INFO     |   → 866/911 ❌ HTTP 404 — https://raw.githubusercontent.com/yebekhe/TelegramV2rayCollector/main/sub/normal/reality
2026-06-02 13:54:40,999 | INFO     |   → 867/911 ❌ HTTP 404 — https://raw.githubusercontent.com/yebekhe/TelegramV2rayCollector/main/sub/normal/shadowsocks
2026-06-02 13:54:40,999 | INFO     |   → 868/911 ❌ HTTP 404 — https://raw.githubusercontent.com/yebekhe/TelegramV2rayCollector/main/sub/normal/trojan
2026-06-02 13:54:40,999 | INFO     |   → 869/911 ❌ HTTP 404 — https://raw.githubusercontent.com/yebekhe/TelegramV2rayCollector/main/sub/normal/tuic
2026-06-02 13:54:41,000 | INFO     |   → 870/911 ❌ HTTP 404 — https://raw.githubusercontent.com/yebekhe/TelegramV2rayCollector/main/sub/normal/vless
2026-06-02 13:54:41,000 | INFO     |   → 871/911 ❌ HTTP 404 — https://raw.githubusercontent.com/yebekhe/TelegramV2rayCollector/main/sub/normal/vmess
2026-06-02 13:54:41,000 | INFO     |   → 872/911 ❌ HTTP 404 — https://raw.githubusercontent.com/yebekhe/V2Hub/main/Split/Normal/shadowsocks
2026-06-02 13:54:41,000 | INFO     |   → 873/911 ❌ HTTP 404 — https://raw.githubusercontent.com/yebekhe/V2Hub/main/merged
2026-06-02 13:54:41,000 | INFO     |   → 874/911: ✅ 0 взято | 🗑️ 30 мусор
2026-06-02 13:54:41,000 | INFO     |   → 875/911: ✅ 943 взято | 🗑️ 8224 мусор
2026-06-02 13:54:41,000 | INFO     |   → 876/911: ✅ 0 взято | 🗑️ 8224 мусор
2026-06-02 13:54:41,000 | INFO     |   → 877/911: ✅ 6 взято | 🗑️ 353 мусор
2026-06-02 13:54:41,000 | INFO     |   → 878/911: ✅ 13 взято | 🗑️ 338 мусор
2026-06-02 13:54:41,000 | INFO     |   → 879/911: ✅ 246 взято | 🗑️ 324 мусор
2026-06-02 13:54:41,000 | INFO     |   → 880/911: ✅ 0 взято | 🗑️ 1435 мусор
2026-06-02 13:54:41,000 | INFO     |   → 881/911: ✅ 1 взято | 🗑️ 395 мусор
2026-06-02 13:54:41,000 | INFO     |   → 882/911 ❌ HTTP 404 — https://raw.githubusercontent.com/yyyr-otz/tele-providers-collector/019cb3e07ee52fddbc7caa54fc670c6b9bae6539/sub/proxies.txt
2026-06-02 13:54:41,000 | INFO     |   → 883/911 ❌ HTTP 404 — https://raw.githubusercontent.com/yyyr-otz/tele-providers-collector/b7a74ee98bcf02c5a507d688a1bed3aa9f7f4ed1/script/raw/protocols/mixed.txt
2026-06-02 13:54:41,000 | INFO     |   → 884/911: ✅ 0 взято | 🗑️ 0 мусор
2026-06-02 13:54:41,000 | INFO     |   → 885/911: ✅ 0 взято | 🗑️ 0 мусор
2026-06-02 13:54:41,000 | INFO     |   → 886/911: ✅ 0 взято | 🗑️ 18 мусор
2026-06-02 13:54:41,000 | INFO     |   → 887/911: ✅ 120 взято | 🗑️ 13 мусор
2026-06-02 13:54:41,000 | INFO     |   → 888/911: ✅ 30 взято | 🗑️ 1029 мусор
2026-06-02 13:54:41,000 | INFO     |   → 889/911: ✅ 0 взято | 🗑️ 5 мусор
2026-06-02 13:54:41,000 | INFO     |   → 890/911: ✅ 0 взято | 🗑️ 0 мусор
2026-06-02 13:54:41,000 | INFO     |   → 891/911 ⚠️ Ошибка: ('Connection aborted.', RemoteDisconnected('Remote end closed connection without response')) — https://sub.pmsub.me/clash.yaml
2026-06-02 13:54:41,000 | INFO     |   → 892/911: ✅ 0 взято | 🗑️ 0 мусор
2026-06-02 13:54:41,000 | INFO     |   → 893/911: ✅ 0 взято | 🗑️ 0 мусор
2026-06-02 13:54:41,000 | INFO     |   → 894/911: ✅ 0 взято | 🗑️ 0 мусор
2026-06-02 13:54:41,000 | INFO     |   → 895/911: ✅ 0 взято | 🗑️ 0 мусор
2026-06-02 13:54:41,000 | INFO     |   → 896/911: ✅ 0 взято | 🗑️ 0 мусор
2026-06-02 13:54:41,000 | INFO     |   → 897/911: ✅ 0 взято | 🗑️ 0 мусор
2026-06-02 13:54:41,000 | INFO     |   → 898/911: ✅ 0 взято | 🗑️ 0 мусор
2026-06-02 13:54:41,000 | INFO     |   → 899/911: ✅ 0 взято | 🗑️ 1 мусор
2026-06-02 13:54:41,001 | INFO     |   → 900/911: ✅ 7 взято | 🗑️ 12 мусор
2026-06-02 13:54:41,001 | INFO     |   → 901/911: ✅ 0 взято | 🗑️ 0 мусор
2026-06-02 13:54:41,001 | INFO     |   → 902/911: ✅ 0 взято | 🗑️ 7 мусор
2026-06-02 13:54:41,001 | INFO     |   → 903/911: ✅ 0 взято | 🗑️ 0 мусор
2026-06-02 13:54:41,001 | INFO     |   → 904/911: ✅ 5 взято | 🗑️ 8 мусор
2026-06-02 13:54:41,001 | INFO     |   → 905/911: ✅ 0 взято | 🗑️ 0 мусор
2026-06-02 13:54:41,001 | INFO     |   → 906/911: ✅ 9 взято | 🗑️ 12 мусор
2026-06-02 13:54:41,001 | INFO     |   → 907/911: ✅ 0 взято | 🗑️ 0 мусор
2026-06-02 13:54:41,001 | INFO     |   → 908/911: ✅ 3 взято | 🗑️ 12 мусор
2026-06-02 13:54:41,001 | INFO     |   → 909/911: ✅ 0 взято | 🗑️ 0 мусор
2026-06-02 13:54:41,001 | INFO     |   → 910/911 ⚠️ Ошибка: HTTPSConnectionPool(host='v2rayshare.githubrowcontent.com', port=443): Max retries exceeded with url: /%7BYYYY%7D/%7BMM%7D/%7BYYYY%7D%7BMM%7D%7BDD%7D.txt (Caused by NameResolutionError("HTTPSConnection(host='v2rayshare.githubrowcontent.com', port=443): Failed to resolve 'v2rayshare.githubrowcontent.com' ([Errno -2] Name or service not known)")) — https://v2rayshare.githubrowcontent.com/{YYYY}/{MM}/{YYYY}{MM}{DD}.txt
2026-06-02 13:54:41,001 | INFO     |   → 911/911: ✅ 0 взято | 🗑️ 24 мусор
2026-06-02 13:54:41,001 | INFO     |   → 📡 С sstap.org получено 0 ключей
2026-06-02 13:54:41,001 | INFO     |   → 📡 С sstap.org не добавлено ни одного ключа (все 0 отклонены фильтром)
2026-06-02 13:54:41,001 | INFO     |   → ✅ ГОТОВО!
2026-06-02 13:54:41,001 | INFO     |   →    📥 Всего ключей после фильтра: 68130
2026-06-02 13:54:41,001 | INFO     |   →    🔗 Уникальных IP:PORT:SCHEME: 23871
2026-06-02 13:54:41,001 | INFO     |   →    🗑️ Выброшено мусора: 1087102
2026-06-02 13:54:41,001 | INFO     |   → 📊 По протоколам:
2026-06-02 13:54:41,001 | INFO     |   →    vless: 9839
2026-06-02 13:54:41,001 | INFO     |   →    vmess: 4655
2026-06-02 13:54:41,001 | INFO     |   →    trojan: 3916
2026-06-02 13:54:41,001 | INFO     |   →    ss: 5238
2026-06-02 13:54:41,001 | INFO     |   →    hysteria: 17
2026-06-02 13:54:41,001 | INFO     |   →    hysteria2: 92
2026-06-02 13:54:41,001 | INFO     |   →    hy2: 61
2026-06-02 13:54:41,001 | INFO     |   →    tuic: 53
2026-06-02 13:54:41,001 | INFO     | ✅ mirror.py завершён успешно
2026-06-02 13:54:41,002 | INFO     | 
2026-06-02 13:54:41,002 | INFO     | 
2026-06-02 13:54:41,002 | INFO     | ──────────────────────────────────────────────────────────────────────
2026-06-02 13:54:41,002 | INFO     | 📌 ЭТАП: Генерация 50 уникальных CF-VLESS
2026-06-02 13:54:41,002 | INFO     | ──────────────────────────────────────────────────────────────────────
2026-06-02 13:54:41,002 | INFO     | 🚀 Запуск generate_cf_vless.py (50 новых CF-VLESS)...
2026-06-02 13:54:41,222 | INFO     |   → === Генератор свежих VLESS-конфигов на IP Cloudflare ===
2026-06-02 13:54:41,222 | INFO     |   → ✅ Сгенерировано и сохранено 50 VLESS-конфигов.
2026-06-02 13:54:41,222 | INFO     |   → 📂 Файл: /home/runner/work/vpn-vless-configs-russia/vpn-vless-configs-russia/data/githubmirror/new/cf_fresh.txt
2026-06-02 13:54:41,222 | INFO     | ✅ generate_cf_vless.py завершён успешно
2026-06-02 13:54:41,222 | INFO     | 
2026-06-02 13:54:41,222 | INFO     | 
2026-06-02 13:54:41,222 | INFO     | ──────────────────────────────────────────────────────────────────────
2026-06-02 13:54:41,222 | INFO     | 📌 ЭТАП: Слияние CF с основным списком
2026-06-02 13:54:41,222 | INFO     | ──────────────────────────────────────────────────────────────────────
2026-06-02 13:54:41,343 | INFO     | 🔄 Добавлено 47 новых CF-VLESS в /home/runner/work/vpn-vless-configs-russia/vpn-vless-configs-russia/data/githubmirror/clean/vless.txt
2026-06-02 13:54:41,343 | INFO     | 📊 Всего в clean/vless.txt теперь: 9886
2026-06-02 13:54:41,346 | INFO     | 
2026-06-02 13:54:41,346 | INFO     | 
2026-06-02 13:54:41,346 | INFO     | ──────────────────────────────────────────────────────────────────────
2026-06-02 13:54:41,346 | INFO     | 📌 ЭТАП: Фильтрация по реальному SNI
2026-06-02 13:54:41,346 | INFO     | ──────────────────────────────────────────────────────────────────────
2026-06-02 13:54:41,346 | INFO     | 🚀 Запуск filter_ru_sni.py (Фильтр по реальному SNI (CDN+RU))...
2026-06-02 13:54:41,885 | INFO     |   → hy2.txt: 61 → 19 (SNI-filtered)
2026-06-02 13:54:41,885 | INFO     |   →   hysteria.txt: 17 → 0 (SNI-filtered)
2026-06-02 13:54:41,885 | INFO     |   →   hysteria2.txt: 92 → 4 (SNI-filtered)
2026-06-02 13:54:41,885 | INFO     |   →   ss.txt: 5238 → 361 (SNI-filtered)
2026-06-02 13:54:41,885 | INFO     |   →   trojan.txt: 3916 → 15 (SNI-filtered)
2026-06-02 13:54:41,885 | INFO     |   →   tuic.txt: 53 → 0 (SNI-filtered)
2026-06-02 13:54:41,885 | INFO     |   →   vless.txt: 9886 → 1749 (SNI-filtered)
2026-06-02 13:54:41,885 | INFO     |   →   vmess.txt: 4655 → 57 (SNI-filtered)
2026-06-02 13:54:41,885 | INFO     |   → ==================================================
2026-06-02 13:54:41,885 | INFO     |   →   Всего входных:  23918
2026-06-02 13:54:41,885 | INFO     |   →   Прошли фильтр:  2205
2026-06-02 13:54:41,886 | INFO     |   →   Отброшено:      21713
2026-06-02 13:54:41,886 | INFO     |   → ==================================================
2026-06-02 13:54:41,886 | INFO     |   → Готово → /home/runner/work/vpn-vless-configs-russia/vpn-vless-configs-russia/data/githubmirror/ru-sni
2026-06-02 13:54:41,886 | INFO     | ✅ filter_ru_sni.py завершён успешно
2026-06-02 13:54:41,886 | INFO     | 
2026-06-02 13:54:41,886 | INFO     | 
2026-06-02 13:54:41,886 | INFO     | ──────────────────────────────────────────────────────────────────────
2026-06-02 13:54:41,886 | INFO     | 📌 ЭТАП: Экспериментальный RU-SNI фильтр
2026-06-02 13:54:41,886 | INFO     | ──────────────────────────────────────────────────────────────────────
2026-06-02 13:54:41,886 | INFO     | 🚀 Запуск filter_ru_sni_local.py (Экспериментальный фильтр по RU-SNI)...
2026-06-02 13:54:42,240 | INFO     |   → hy2.txt: 61 → 0 (RU-SNI)
2026-06-02 13:54:42,240 | INFO     |   → hysteria.txt: 17 → 0 (RU-SNI)
2026-06-02 13:54:42,240 | INFO     |   → hysteria2.txt: 92 → 0 (RU-SNI)
2026-06-02 13:54:42,240 | INFO     |   → ss.txt: 5238 → 93 (RU-SNI)
2026-06-02 13:54:42,240 | INFO     |   → trojan.txt: 3916 → 0 (RU-SNI)
2026-06-02 13:54:42,240 | INFO     |   → tuic.txt: 53 → 0 (RU-SNI)
2026-06-02 13:54:42,240 | INFO     |   → vless.txt: 9886 → 781 (RU-SNI)
2026-06-02 13:54:42,240 | INFO     |   → vmess.txt: 4655 → 0 (RU-SNI)
2026-06-02 13:54:42,240 | INFO     |   → ==================================================
2026-06-02 13:54:42,240 | INFO     |   → Всего входных:  23918
2026-06-02 13:54:42,240 | INFO     |   → Прошли RU-SNI:  874
2026-06-02 13:54:42,240 | INFO     |   → Отброшено:      23044
2026-06-02 13:54:42,240 | INFO     |   → ==================================================
2026-06-02 13:54:42,240 | INFO     |   → Готово → /home/runner/work/vpn-vless-configs-russia/vpn-vless-configs-russia/data/githubmirror/ru-sni-local
2026-06-02 13:54:42,240 | INFO     | ✅ filter_ru_sni_local.py завершён успешно
2026-06-02 13:54:42,240 | INFO     | 
2026-06-02 13:54:42,240 | INFO     | 
2026-06-02 13:54:42,240 | INFO     | ──────────────────────────────────────────────────────────────────────
2026-06-02 13:54:42,240 | INFO     | 📌 ЭТАП: Сбор статистики
2026-06-02 13:54:42,240 | INFO     | ──────────────────────────────────────────────────────────────────────
2026-06-02 13:54:42,240 | INFO     | 📊 Сбор статистики...
2026-06-02 13:54:42,240 | INFO     |   📁 githubmirror/clean:
2026-06-02 13:54:42,241 | INFO     |     • hy2         :    61 конфигов
2026-06-02 13:54:42,241 | INFO     |     • hysteria    :    17 конфигов
2026-06-02 13:54:42,241 | INFO     |     • hysteria2   :    92 конфигов
2026-06-02 13:54:42,245 | INFO     |     • ss          :  5238 конфигов
2026-06-02 13:54:42,248 | INFO     |     • trojan      :  3916 конфигов
2026-06-02 13:54:42,248 | INFO     |     • tuic        :    53 конфигов
2026-06-02 13:54:42,258 | INFO     |     • vless       :  9886 конфигов
2026-06-02 13:54:42,262 | INFO     |     • vmess       :  4655 конфигов
2026-06-02 13:54:42,262 | INFO     |   📁 githubmirror/ru-sni:
2026-06-02 13:54:42,263 | INFO     |     • hy2         :    19 конфигов ( 31.1% от clean)
2026-06-02 13:54:42,263 | INFO     |     • hysteria    :     0 конфигов (  0.0% от clean)
2026-06-02 13:54:42,263 | INFO     |     • hysteria2   :     4 конфигов (  4.3% от clean)
2026-06-02 13:54:42,264 | INFO     |     • ss          :   361 конфигов (  6.9% от clean)
2026-06-02 13:54:42,264 | INFO     |     • trojan      :    15 конфигов (  0.4% от clean)
2026-06-02 13:54:42,264 | INFO     |     • tuic        :     0 конфигов (  0.0% от clean)
2026-06-02 13:54:42,266 | INFO     |     • vless       :  1749 конфигов ( 17.7% от clean)
2026-06-02 13:54:42,266 | INFO     |     • vmess       :    57 конфигов (  1.2% от clean)
2026-06-02 13:54:42,266 | INFO     |   ✨ Новых CF-VLESS в этом запуске: 50
2026-06-02 13:54:42,266 | INFO     | 
2026-06-02 13:54:42,266 | INFO     |   ──────────────────────────────────────────────────
2026-06-02 13:54:42,266 | INFO     |   📈 ИТОГО:
2026-06-02 13:54:42,266 | INFO     |     Clean (после geo-фильтра):    23918
2026-06-02 13:54:42,266 | INFO     |     RU-SNI (после SNI-фильтра):    2205
2026-06-02 13:54:42,267 | INFO     |     Прошло фильтр:                  9.2%
2026-06-02 13:54:42,267 | INFO     |   ──────────────────────────────────────────────────
2026-06-02 13:54:42,267 | INFO     | ✅ Статистика сохранена: /home/runner/work/vpn-vless-configs-russia/vpn-vless-configs-russia/data/stats.json
2026-06-02 13:54:42,267 | INFO     | 
2026-06-02 13:54:42,267 | INFO     | ======================================================================
2026-06-02 13:54:42,267 | INFO     | 📊 ИТОГОВЫЙ ОТЧЁТ
2026-06-02 13:54:42,267 | INFO     | ======================================================================
2026-06-02 13:54:42,267 | INFO     |   ✅ OK         | Загрузка и geo-фильтрация
2026-06-02 13:54:42,267 | INFO     |   ✅ OK         | Генерация 50 уникальных CF-VLESS
2026-06-02 13:54:42,267 | INFO     |   ✅ OK         | Слияние CF с основным списком
2026-06-02 13:54:42,267 | INFO     |   ✅ OK         | Фильтрация по реальному SNI
2026-06-02 13:54:42,267 | INFO     |   ✅ OK         | Экспериментальный RU-SNI фильтр
2026-06-02 13:54:42,267 | INFO     |   ✅ OK         | Сбор статистики
2026-06-02 13:54:42,267 | INFO     | ──────────────────────────────────────────────────────────────────────
2026-06-02 13:54:42,267 | INFO     | ✅ ВСЕ ЭТАПЫ УСПЕШНЫ (6/6)
2026-06-02 13:54:42,267 | INFO     | ⏰ Время завершения: 2026-06-02 13:54:42
2026-06-02 13:54:42,267 | INFO     | ======================================================================
