2026-06-04 02:37:46,293 | INFO     | ======================================================================
2026-06-04 02:37:46,294 | INFO     | 🔍 VPN KEY CHECKER - Начало проверки
2026-06-04 02:37:46,294 | INFO     | ⏰ Время старта: 2026-06-04 02:37:46
2026-06-04 02:37:46,294 | INFO     | 📂 Рабочая директория: /home/runner/work/vpn-vless-configs-russia/vpn-vless-configs-russia
2026-06-04 02:37:46,294 | INFO     | ======================================================================
2026-06-04 02:37:46,294 | INFO     | 
2026-06-04 02:37:46,294 | INFO     | 🔍 Проверка наличия скриптов...
2026-06-04 02:37:46,294 | INFO     |   ✅ mirror.py
2026-06-04 02:37:46,294 | INFO     |   ✅ generate_cf_vless.py
2026-06-04 02:37:46,294 | INFO     |   ✅ filter_ru_sni.py
2026-06-04 02:37:46,294 | INFO     |   ✅ filter_ru_sni_local.py
2026-06-04 02:37:46,294 | INFO     | 
2026-06-04 02:37:46,294 | INFO     | ──────────────────────────────────────────────────────────────────────
2026-06-04 02:37:46,294 | INFO     | 📌 ЭТАП: Загрузка и geo-фильтрация
2026-06-04 02:37:46,294 | INFO     | ──────────────────────────────────────────────────────────────────────
2026-06-04 02:37:46,294 | INFO     | 🚀 Запуск mirror.py (Загрузка и фильтрация по РФ/СНГ/Европа)...
2026-06-04 02:40:31,633 | INFO     |   → DEBUG: mirror.py started
2026-06-04 02:40:31,633 | INFO     |   → DEBUG: BASE_PATH = /home/runner/work/vpn-vless-configs-russia/vpn-vless-configs-russia
2026-06-04 02:40:31,633 | INFO     |   → DEBUG: CONFIG_SOURCES_FILE = /home/runner/work/vpn-vless-configs-russia/vpn-vless-configs-russia/data/config_sources.json
2026-06-04 02:40:31,634 | INFO     |   → 📂 Загружено 927 источников из /home/runner/work/vpn-vless-configs-russia/vpn-vless-configs-russia/data/config_sources.json
2026-06-04 02:40:31,634 | INFO     |   → 🚀 Старт: всего источников: 927
2026-06-04 02:40:31,634 | INFO     |   → 1/927: ✅ 0 взято | 🗑️ 0 мусор
2026-06-04 02:40:31,634 | INFO     |   → 2/927: ✅ 13 взято | 🗑️ 242 мусор
2026-06-04 02:40:31,634 | INFO     |   → 3/927 ⚠️ Ошибка: HTTPSConnectionPool(host='a.nodeshare.xyz', port=443): Max retries exceeded with url: /uploads/%7BYYYY%7D/%7BM%7D/%7BYYYY%7D%7BMM%7D%7BDD%7D.txt (Caused by SSLError(SSLError(1, '[SSL: TLSV1_UNRECOGNIZED_NAME] tlsv1 unrecognized name (_ssl.c:1016)'))) — https://a.nodeshare.xyz/uploads/{YYYY}/{M}/{YYYY}{MM}{DD}.txt
2026-06-04 02:40:31,634 | INFO     |   → 4/927: ✅ 0 взято | 🗑️ 0 мусор
2026-06-04 02:40:31,634 | INFO     |   → 5/927 ❌ HTTP 404 — https://bitbucket.org/huwo1/proxy_nodes/raw/f31ca9ec67b84071515729ff45b011b6b09c10f2/clash.yaml
2026-06-04 02:40:31,634 | INFO     |   → 6/927 ❌ HTTP 404 — https://cdn.jsdelivr.net/gh/cry0ice/genode@main/public/all.txt
2026-06-04 02:40:31,634 | INFO     |   → 7/927 ❌ HTTP 404 — https://cdn.jsdelivr.net/gh/cry0ice/genode@main/public/ss.txt
2026-06-04 02:40:31,634 | INFO     |   → 8/927 ❌ HTTP 404 — https://cdn.jsdelivr.net/gh/cry0ice/genode@main/public/ssr.txt
2026-06-04 02:40:31,634 | INFO     |   → 9/927 ❌ HTTP 404 — https://cdn.jsdelivr.net/gh/cry0ice/genode@main/public/trojan.txt
2026-06-04 02:40:31,634 | INFO     |   → 10/927 ❌ HTTP 404 — https://cdn.jsdelivr.net/gh/cry0ice/genode@main/public/vless.txt
2026-06-04 02:40:31,634 | INFO     |   → 11/927 ❌ HTTP 404 — https://cdn.jsdelivr.net/gh/cry0ice/genode@main/public/vmess.txt
2026-06-04 02:40:31,634 | INFO     |   → 12/927: ✅ 0 взято | 🗑️ 0 мусор
2026-06-04 02:40:31,634 | INFO     |   → 13/927: ✅ 0 взято | 🗑️ 0 мусор
2026-06-04 02:40:31,634 | INFO     |   → 14/927: ✅ 0 взято | 🗑️ 0 мусор
2026-06-04 02:40:31,634 | INFO     |   → 15/927: ✅ 0 взято | 🗑️ 0 мусор
2026-06-04 02:40:31,634 | INFO     |   → 16/927: ✅ 0 взято | 🗑️ 0 мусор
2026-06-04 02:40:31,634 | INFO     |   → 17/927: ✅ 0 взято | 🗑️ 0 мусор
2026-06-04 02:40:31,634 | INFO     |   → 18/927: ✅ 0 взято | 🗑️ 0 мусор
2026-06-04 02:40:31,635 | INFO     |   → 19/927: ✅ 0 взято | 🗑️ 0 мусор
2026-06-04 02:40:31,635 | INFO     |   → 20/927: ✅ 0 взято | 🗑️ 0 мусор
2026-06-04 02:40:31,635 | INFO     |   → 21/927: ✅ 0 взято | 🗑️ 0 мусор
2026-06-04 02:40:31,635 | INFO     |   → 22/927: ✅ 0 взято | 🗑️ 0 мусор
2026-06-04 02:40:31,635 | INFO     |   → 23/927: ✅ 0 взято | 🗑️ 0 мусор
2026-06-04 02:40:31,635 | INFO     |   → 24/927 ❌ HTTP 404 — https://free.datiya.com/uploads/{YYYY}{MM}{DD}-v2ray.txt
2026-06-04 02:40:31,635 | INFO     |   → 25/927 ❌ HTTP 404 — https://freessrnode.github.io/uploads/2024/08/0-20240822.txt
2026-06-04 02:40:31,635 | INFO     |   → 26/927 ❌ HTTP 404 — https://freessrnode.github.io/uploads/2024/08/1-20240822.txt
2026-06-04 02:40:31,635 | INFO     |   → 27/927 ❌ HTTP 404 — https://freessrnode.github.io/uploads/2024/08/2-20240822.txt
2026-06-04 02:40:31,635 | INFO     |   → 28/927 ❌ HTTP 404 — https://freessrnode.github.io/uploads/2024/08/3-20240822.txt
2026-06-04 02:40:31,635 | INFO     |   → 29/927 ❌ HTTP 404 — https://freessrnode.github.io/uploads/2024/08/4-20240822.txt
2026-06-04 02:40:31,635 | INFO     |   → 30/927 ⚠️ Ошибка: HTTPSConnectionPool(host='freevpnspy.githubrowcontent.com', port=443): Max retries exceeded with url: /2024/08/20240802_novless.yaml (Caused by NameResolutionError("HTTPSConnection(host='freevpnspy.githubrowcontent.com', port=443): Failed to resolve 'freevpnspy.githubrowcontent.com' ([Errno -2] Name or service not known)")) — https://freevpnspy.githubrowcontent.com/2024/08/20240802_novless.yaml
2026-06-04 02:40:31,635 | INFO     |   → 31/927 ⚠️ Ошибка: HTTPSConnectionPool(host='freevpnspy.githubrowcontent.com', port=443): Max retries exceeded with url: /2024/08/20240802_vless.yaml (Caused by NameResolutionError("HTTPSConnection(host='freevpnspy.githubrowcontent.com', port=443): Failed to resolve 'freevpnspy.githubrowcontent.com' ([Errno -2] Name or service not known)")) — https://freevpnspy.githubrowcontent.com/2024/08/20240802_vless.yaml
2026-06-04 02:40:31,635 | INFO     |   → 32/927: ✅ 0 взято | 🗑️ 0 мусор
2026-06-04 02:40:31,635 | INFO     |   → 33/927: ✅ 14 взято | 🗑️ 152 мусор
2026-06-04 02:40:31,635 | INFO     |   → 34/927: ✅ 0 взято | 🗑️ 0 мусор
2026-06-04 02:40:31,635 | INFO     |   → 35/927: ✅ 1 взято | 🗑️ 125 мусор
2026-06-04 02:40:31,635 | INFO     |   → 36/927: ✅ 0 взято | 🗑️ 130 мусор
2026-06-04 02:40:31,635 | INFO     |   → 37/927: ✅ 2 взято | 🗑️ 105 мусор
2026-06-04 02:40:31,635 | INFO     |   → 38/927: ✅ 0 взято | 🗑️ 0 мусор
2026-06-04 02:40:31,635 | INFO     |   → 39/927: ✅ 0 взято | 🗑️ 0 мусор
2026-06-04 02:40:31,635 | INFO     |   → 40/927 ❌ HTTP 404 — https://github.com/Epodonios/bulk-xray-v2ray-vless-vmess-...-configs/raw/main/sub/Albania/config.txt
2026-06-04 02:40:31,636 | INFO     |   → 41/927 ❌ HTTP 404 — https://github.com/Epodonios/bulk-xray-v2ray-vless-vmess-...-configs/raw/main/sub/Cura%C3%A7ao/config.txt
2026-06-04 02:40:31,636 | INFO     |   → 42/927 ❌ HTTP 404 — https://github.com/Epodonios/bulk-xray-v2ray-vless-vmess-...-configs/raw/main/sub/Finland/config.txt
2026-06-04 02:40:31,636 | INFO     |   → 43/927 ❌ HTTP 404 — https://github.com/Epodonios/bulk-xray-v2ray-vless-vmess-...-configs/raw/main/sub/Iran/config.txt
2026-06-04 02:40:31,636 | INFO     |   → 44/927 ❌ HTTP 404 — https://github.com/Epodonios/bulk-xray-v2ray-vless-vmess-...-configs/raw/main/sub/Netherlands/config.txt
2026-06-04 02:40:31,636 | INFO     |   → 45/927 ❌ HTTP 404 — https://github.com/Epodonios/bulk-xray-v2ray-vless-vmess-...-configs/raw/main/sub/Norway/config.txt
2026-06-04 02:40:31,636 | INFO     |   → 46/927 ❌ HTTP 404 — https://github.com/Epodonios/bulk-xray-v2ray-vless-vmess-...-configs/raw/main/sub/Russia/config.txt
2026-06-04 02:40:31,636 | INFO     |   → 47/927: ✅ 13 взято | 🗑️ 70 мусор
2026-06-04 02:40:31,636 | INFO     |   → 48/927: ✅ 0 взято | 🗑️ 4 мусор
2026-06-04 02:40:31,636 | INFO     |   → 49/927: ✅ 0 взято | 🗑️ 7 мусор
2026-06-04 02:40:31,636 | INFO     |   → 50/927: ✅ 0 взято | 🗑️ 51 мусор
2026-06-04 02:40:31,636 | INFO     |   → 51/927: ✅ 0 взято | 🗑️ 8 мусор
2026-06-04 02:40:31,636 | INFO     |   → 52/927: ✅ 0 взято | 🗑️ 0 мусор
2026-06-04 02:40:31,636 | INFO     |   → 53/927: ✅ 17 взято | 🗑️ 119 мусор
2026-06-04 02:40:31,636 | INFO     |   → 54/927 ❌ HTTP 404 — https://github.com/MrMohebi/xray-proxy-grabber-telegram/raw/master/collected-proxies/clash-meta/all.yaml
2026-06-04 02:40:31,636 | INFO     |   → 55/927 ❌ HTTP 404 — https://github.com/MrMohebi/xray-proxy-grabber-telegram/raw/master/collected-proxies/row-url/all.txt
2026-06-04 02:40:31,636 | INFO     |   → 56/927: ✅ 0 взято | 🗑️ 0 мусор
2026-06-04 02:40:31,636 | INFO     |   → 57/927: ✅ 0 взято | 🗑️ 113 мусор
2026-06-04 02:40:31,636 | INFO     |   → 58/927: ✅ 0 взято | 🗑️ 119 мусор
2026-06-04 02:40:31,636 | INFO     |   → 59/927: ✅ 0 взято | 🗑️ 0 мусор
2026-06-04 02:40:31,636 | INFO     |   → 60/927: ✅ 0 взято | 🗑️ 0 мусор
2026-06-04 02:40:31,636 | INFO     |   → 61/927: ✅ 0 взято | 🗑️ 0 мусор
2026-06-04 02:40:31,636 | INFO     |   → 62/927: ✅ 0 взято | 🗑️ 0 мусор
2026-06-04 02:40:31,637 | INFO     |   → 63/927: ✅ 0 взято | 🗑️ 0 мусор
2026-06-04 02:40:31,637 | INFO     |   → 64/927: ✅ 0 взято | 🗑️ 0 мусор
2026-06-04 02:40:31,637 | INFO     |   → 65/927: ✅ 0 взято | 🗑️ 0 мусор
2026-06-04 02:40:31,637 | INFO     |   → 66/927 ❌ HTTP 404 — https://github.com/mermeroo/V2RAY-FREE/raw/main/All_Configs_base64_Sub.txt
2026-06-04 02:40:31,637 | INFO     |   → 67/927 ❌ HTTP 404 — https://github.com/mermeroo/V2RAY-FREE/raw/main/Base64/Sub1_base64.txt
2026-06-04 02:40:31,637 | INFO     |   → 68/927 ❌ HTTP 404 — https://github.com/mermeroo/V2RAY-FREE/raw/main/Base64/Sub2_base64.txt
2026-06-04 02:40:31,637 | INFO     |   → 69/927 ❌ HTTP 404 — https://github.com/mermeroo/V2RAY-FREE/raw/main/Base64/Sub3_base64.txt
2026-06-04 02:40:31,637 | INFO     |   → 70/927 ❌ HTTP 404 — https://github.com/mermeroo/V2RAY-FREE/raw/main/Base64/Sub4_base64.txt
2026-06-04 02:40:31,637 | INFO     |   → 71/927 ❌ HTTP 404 — https://github.com/mermeroo/V2RAY-FREE/raw/main/Base64/Sub5_base64.txt
2026-06-04 02:40:31,637 | INFO     |   → 72/927 ❌ HTTP 404 — https://github.com/mermeroo/telegram-configs-collector/raw/main/protocols/hysteria
2026-06-04 02:40:31,637 | INFO     |   → 73/927 ❌ HTTP 404 — https://github.com/mermeroo/telegram-configs-collector/raw/main/protocols/juicity
2026-06-04 02:40:31,637 | INFO     |   → 74/927 ❌ HTTP 404 — https://github.com/mermeroo/telegram-configs-collector/raw/main/protocols/tuic
2026-06-04 02:40:31,637 | INFO     |   → 75/927: ✅ 5 взято | 🗑️ 16 мусор
2026-06-04 02:40:31,637 | INFO     |   → 76/927: ✅ 0 взято | 🗑️ 0 мусор
2026-06-04 02:40:31,637 | INFO     |   → 77/927: ✅ 0 взято | 🗑️ 0 мусор
2026-06-04 02:40:31,637 | INFO     |   → 78/927 ❌ HTTP 403 — https://gitlab.com/colloq168/nodefiltrate/-/raw/main/filtrate?ref_type=heads
2026-06-04 02:40:31,637 | INFO     |   → 79/927: ✅ 0 взято | 🗑️ 0 мусор
2026-06-04 02:40:31,637 | INFO     |   → 80/927: ✅ 0 взято | 🗑️ 103 мусор
2026-06-04 02:40:31,637 | INFO     |   → 81/927: ✅ 0 взято | 🗑️ 0 мусор
2026-06-04 02:40:31,637 | INFO     |   → 82/927: ✅ 3 взято | 🗑️ 213 мусор
2026-06-04 02:40:31,637 | INFO     |   → 83/927: ✅ 0 взято | 🗑️ 0 мусор
2026-06-04 02:40:31,638 | INFO     |   → 84/927: ✅ 1 взято | 🗑️ 130 мусор
2026-06-04 02:40:31,638 | INFO     |   → 85/927: ✅ 0 взято | 🗑️ 0 мусор
2026-06-04 02:40:31,638 | INFO     |   → 86/927: ✅ 0 взято | 🗑️ 135 мусор
2026-06-04 02:40:31,638 | INFO     |   → 87/927: ✅ 0 взято | 🗑️ 0 мусор
2026-06-04 02:40:31,638 | INFO     |   → 88/927 ⚠️ Ошибка: HTTPSConnectionPool(host='ivuxy.tech', port=443): Max retries exceeded with url: /v.txt (Caused by NameResolutionError("HTTPSConnection(host='ivuxy.tech', port=443): Failed to resolve 'ivuxy.tech' ([Errno -2] Name or service not known)")) — https://ivuxy.tech/v.txt
2026-06-04 02:40:31,638 | INFO     |   → 89/927 ⚠️ Ошибка: HTTPSConnectionPool(host='mirror.ghproxy.com', port=443): Max retries exceeded with url: /https://raw.githubusercontent.com/Barabama/FreeNodes/master/nodes/blues.txt (Caused by NameResolutionError("HTTPSConnection(host='mirror.ghproxy.com', port=443): Failed to resolve 'mirror.ghproxy.com' ([Errno -2] Name or service not known)")) — https://mirror.ghproxy.com/https://raw.githubusercontent.com/Barabama/FreeNodes/master/nodes/blues.txt
2026-06-04 02:40:31,638 | INFO     |   → 90/927 ⚠️ Ошибка: HTTPSConnectionPool(host='mirror.ghproxy.com', port=443): Max retries exceeded with url: /https://raw.githubusercontent.com/Barabama/FreeNodes/master/nodes/halekj.txt (Caused by NameResolutionError("HTTPSConnection(host='mirror.ghproxy.com', port=443): Failed to resolve 'mirror.ghproxy.com' ([Errno -2] Name or service not known)")) — https://mirror.ghproxy.com/https://raw.githubusercontent.com/Barabama/FreeNodes/master/nodes/halekj.txt
2026-06-04 02:40:31,638 | INFO     |   → 91/927 ⚠️ Ошибка: HTTPSConnectionPool(host='mirror.ghproxy.com', port=443): Max retries exceeded with url: /https://raw.githubusercontent.com/Barabama/FreeNodes/master/nodes/kkzui.txt (Caused by NameResolutionError("HTTPSConnection(host='mirror.ghproxy.com', port=443): Failed to resolve 'mirror.ghproxy.com' ([Errno -2] Name or service not known)")) — https://mirror.ghproxy.com/https://raw.githubusercontent.com/Barabama/FreeNodes/master/nodes/kkzui.txt
2026-06-04 02:40:31,638 | INFO     |   → 92/927 ⚠️ Ошибка: HTTPSConnectionPool(host='mirror.ghproxy.com', port=443): Max retries exceeded with url: /https://raw.githubusercontent.com/Barabama/FreeNodes/master/nodes/merged.txt (Caused by NameResolutionError("HTTPSConnection(host='mirror.ghproxy.com', port=443): Failed to resolve 'mirror.ghproxy.com' ([Errno -2] Name or service not known)")) — https://mirror.ghproxy.com/https://raw.githubusercontent.com/Barabama/FreeNodes/master/nodes/merged.txt
2026-06-04 02:40:31,638 | INFO     |   → 93/927 ⚠️ Ошибка: HTTPSConnectionPool(host='mirror.ghproxy.com', port=443): Max retries exceeded with url: /https://raw.githubusercontent.com/Barabama/FreeNodes/master/nodes/nodefree.txt (Caused by NameResolutionError("HTTPSConnection(host='mirror.ghproxy.com', port=443): Failed to resolve 'mirror.ghproxy.com' ([Errno -2] Name or service not known)")) — https://mirror.ghproxy.com/https://raw.githubusercontent.com/Barabama/FreeNodes/master/nodes/nodefree.txt
2026-06-04 02:40:31,638 | INFO     |   → 94/927 ⚠️ Ошибка: HTTPSConnectionPool(host='mirror.ghproxy.com', port=443): Max retries exceeded with url: /https://raw.githubusercontent.com/Barabama/FreeNodes/master/nodes/openrunner.txt (Caused by NameResolutionError("HTTPSConnection(host='mirror.ghproxy.com', port=443): Failed to resolve 'mirror.ghproxy.com' ([Errno -2] Name or service not known)")) — https://mirror.ghproxy.com/https://raw.githubusercontent.com/Barabama/FreeNodes/master/nodes/openrunner.txt
2026-06-04 02:40:31,638 | INFO     |   → 95/927 ⚠️ Ошибка: HTTPSConnectionPool(host='mirror.ghproxy.com', port=443): Max retries exceeded with url: /https://raw.githubusercontent.com/Barabama/FreeNodes/master/nodes/v2rayshare.txt (Caused by NameResolutionError("HTTPSConnection(host='mirror.ghproxy.com', port=443): Failed to resolve 'mirror.ghproxy.com' ([Errno -2] Name or service not known)")) — https://mirror.ghproxy.com/https://raw.githubusercontent.com/Barabama/FreeNodes/master/nodes/v2rayshare.txt
2026-06-04 02:40:31,638 | INFO     |   → 96/927 ⚠️ Ошибка: HTTPSConnectionPool(host='mirror.ghproxy.com', port=443): Max retries exceeded with url: /https://raw.githubusercontent.com/Barabama/FreeNodes/master/nodes/wenode.txt (Caused by NameResolutionError("HTTPSConnection(host='mirror.ghproxy.com', port=443): Failed to resolve 'mirror.ghproxy.com' ([Errno -2] Name or service not known)")) — https://mirror.ghproxy.com/https://raw.githubusercontent.com/Barabama/FreeNodes/master/nodes/wenode.txt
2026-06-04 02:40:31,638 | INFO     |   → 97/927 ⚠️ Ошибка: HTTPSConnectionPool(host='mirror.ghproxy.com', port=443): Max retries exceeded with url: /https://raw.githubusercontent.com/Barabama/FreeNodes/master/nodes/yudou66.txt (Caused by NameResolutionError("HTTPSConnection(host='mirror.ghproxy.com', port=443): Failed to resolve 'mirror.ghproxy.com' ([Errno -2] Name or service not known)")) — https://mirror.ghproxy.com/https://raw.githubusercontent.com/Barabama/FreeNodes/master/nodes/yudou66.txt
2026-06-04 02:40:31,638 | INFO     |   → 98/927 ❌ HTTP 404 — https://node.freeclashnode.com/uploads/{YYYY}/{MM}/0-{YYYY}{MM}{DD}.txt
2026-06-04 02:40:31,638 | INFO     |   → 99/927 ❌ HTTP 404 — https://node.freeclashnode.com/uploads/{YYYY}/{MM}/1-{YYYY}{MM}{DD}.txt
2026-06-04 02:40:31,638 | INFO     |   → 100/927 ❌ HTTP 404 — https://node.freeclashnode.com/uploads/{YYYY}/{MM}/2-{YYYY}{MM}{DD}.txt
2026-06-04 02:40:31,638 | INFO     |   → 101/927 ❌ HTTP 404 — https://node.freeclashnode.com/uploads/{YYYY}/{MM}/3-{YYYY}{MM}{DD}.txt
2026-06-04 02:40:31,638 | INFO     |   → 102/927 ❌ HTTP 404 — https://node.freeclashnode.com/uploads/{YYYY}/{MM}/4-{YYYY}{MM}{DD}.txt
2026-06-04 02:40:31,638 | INFO     |   → 103/927: ✅ 6 взято | 🗑️ 24 мусор
2026-06-04 02:40:31,638 | INFO     |   → 104/927: ✅ 13 взято | 🗑️ 7 мусор
2026-06-04 02:40:31,638 | INFO     |   → 105/927: ✅ 0 взято | 🗑️ 7 мусор
2026-06-04 02:40:31,639 | INFO     |   → 106/927: ✅ 0 взято | 🗑️ 7 мусор
2026-06-04 02:40:31,639 | INFO     |   → 107/927 ⚠️ Ошибка: HTTPSConnectionPool(host='nodefree.githubrowcontent.com', port=443): Max retries exceeded with url: /%7BYYYY%7D/%7BMM%7D/%7BYYYY%7D%7BMM%7D%7BDD%7D.txt (Caused by NameResolutionError("HTTPSConnection(host='nodefree.githubrowcontent.com', port=443): Failed to resolve 'nodefree.githubrowcontent.com' ([Errno -2] Name or service not known)")) — https://nodefree.githubrowcontent.com/{YYYY}/{MM}/{YYYY}{MM}{DD}.txt
2026-06-04 02:40:31,639 | INFO     |   → 108/927 ⚠️ Ошибка: HTTPSConnectionPool(host='nodefree.githubrowcontent.com', port=443): Max retries exceeded with url: /2024/07/20240705.yaml (Caused by NameResolutionError("HTTPSConnection(host='nodefree.githubrowcontent.com', port=443): Failed to resolve 'nodefree.githubrowcontent.com' ([Errno -2] Name or service not known)")) — https://nodefree.org/dy/2023/08/20230806.yaml
2026-06-04 02:40:31,639 | INFO     |   → 109/927 ⚠️ Ошибка: HTTPSConnectionPool(host='nodefree.githubrowcontent.com', port=443): Max retries exceeded with url: /2024/07/20240705.txt (Caused by NameResolutionError("HTTPSConnection(host='nodefree.githubrowcontent.com', port=443): Failed to resolve 'nodefree.githubrowcontent.com' ([Errno -2] Name or service not known)")) — https://nodefree.org/dy/2023/12/20231221.txt
2026-06-04 02:40:31,639 | INFO     |   → 110/927: ✅ 0 взято | 🗑️ 24 мусор
2026-06-04 02:40:31,639 | INFO     |   → 111/927: ✅ 0 взято | 🗑️ 7 мусор
2026-06-04 02:40:31,639 | INFO     |   → 112/927: ✅ 0 взято | 🗑️ 7 мусор
2026-06-04 02:40:31,639 | INFO     |   → 113/927: ✅ 0 взято | 🗑️ 7 мусор
2026-06-04 02:40:31,639 | INFO     |   → 114/927: ✅ 0 взято | 🗑️ 0 мусор
2026-06-04 02:40:31,639 | INFO     |   → 115/927: ✅ 0 взято | 🗑️ 0 мусор
2026-06-04 02:40:31,639 | INFO     |   → 116/927: ✅ 0 взято | 🗑️ 0 мусор
2026-06-04 02:40:31,639 | INFO     |   → 117/927: ✅ 0 взято | 🗑️ 0 мусор
2026-06-04 02:40:31,639 | INFO     |   → 118/927: ✅ 0 взято | 🗑️ 0 мусор
2026-06-04 02:40:31,639 | INFO     |   → 119/927: ✅ 0 взято | 🗑️ 0 мусор
2026-06-04 02:40:31,639 | INFO     |   → 120/927: ✅ 0 взято | 🗑️ 0 мусор
2026-06-04 02:40:31,639 | INFO     |   → 121/927: ✅ 0 взято | 🗑️ 0 мусор
2026-06-04 02:40:31,639 | INFO     |   → 122/927: ✅ 0 взято | 🗑️ 0 мусор
2026-06-04 02:40:31,639 | INFO     |   → 123/927: ✅ 0 взято | 🗑️ 0 мусор
2026-06-04 02:40:31,639 | INFO     |   → 124/927: ✅ 0 взято | 🗑️ 0 мусор
2026-06-04 02:40:31,639 | INFO     |   → 125/927: ✅ 0 взято | 🗑️ 0 мусор
2026-06-04 02:40:31,639 | INFO     |   → 126/927 ❌ HTTP 404 — https://raw.githubusercontent.com/10ium/MihomoSaz/main/Sublist/shatakvpn.yaml4_Sub.txt
2026-06-04 02:40:31,639 | INFO     |   → 127/927: ✅ 0 взято | 🗑️ 0 мусор
2026-06-04 02:40:31,639 | INFO     |   → 128/927: ✅ 0 взято | 🗑️ 0 мусор
2026-06-04 02:40:31,639 | INFO     |   → 129/927: ✅ 1181 взято | 🗑️ 3351 мусор
2026-06-04 02:40:31,640 | INFO     |   → 130/927: ✅ 10 взято | 🗑️ 368 мусор
2026-06-04 02:40:31,640 | INFO     |   → 131/927: ✅ 859 взято | 🗑️ 2443 мусор
2026-06-04 02:40:31,640 | INFO     |   → 132/927: ✅ 167 взято | 🗑️ 672 мусор
2026-06-04 02:40:31,640 | INFO     |   → 133/927: ✅ 0 взято | 🗑️ 0 мусор
2026-06-04 02:40:31,640 | INFO     |   → 134/927: ✅ 0 взято | 🗑️ 0 мусор
2026-06-04 02:40:31,640 | INFO     |   → 135/927: ✅ 11 взято | 🗑️ 399 мусор
2026-06-04 02:40:31,640 | INFO     |   → 136/927: ✅ 671 взято | 🗑️ 876 мусор
2026-06-04 02:40:31,640 | INFO     |   → 137/927: ✅ 32 взято | 🗑️ 5 мусор
2026-06-04 02:40:31,640 | INFO     |   → 138/927: ✅ 0 взято | 🗑️ 0 мусор
2026-06-04 02:40:31,640 | INFO     |   → 139/927 ❌ HTTP 404 — https://raw.githubusercontent.com/9Fork/openit/main/Clash.yaml
2026-06-04 02:40:31,640 | INFO     |   → 140/927: ✅ 50 взято | 🗑️ 74 мусор
2026-06-04 02:40:31,640 | INFO     |   → 141/927: ✅ 0 взято | 🗑️ 74 мусор
2026-06-04 02:40:31,640 | INFO     |   → 142/927: ✅ 63 взято | 🗑️ 237 мусор
2026-06-04 02:40:31,640 | INFO     |   → 143/927: ✅ 49 взято | 🗑️ 251 мусор
2026-06-04 02:40:31,640 | INFO     |   → 144/927: ✅ 25 взято | 🗑️ 275 мусор
2026-06-04 02:40:31,640 | INFO     |   → 145/927: ✅ 21 взято | 🗑️ 54 мусор
2026-06-04 02:40:31,640 | INFO     |   → 146/927: ✅ 32 взято | 🗑️ 268 мусор
2026-06-04 02:40:31,640 | INFO     |   → 147/927: ✅ 99 взято | 🗑️ 201 мусор
2026-06-04 02:40:31,640 | INFO     |   → 148/927: ✅ 150 взято | 🗑️ 150 мусор
2026-06-04 02:40:31,640 | INFO     |   → 149/927: ✅ 9 взято | 🗑️ 356 мусор
2026-06-04 02:40:31,640 | INFO     |   → 150/927: ✅ 19 взято | 🗑️ 81 мусор
2026-06-04 02:40:31,640 | INFO     |   → 151/927: ✅ 11 взято | 🗑️ 87 мусор
2026-06-04 02:40:31,640 | INFO     |   → 152/927: ✅ 27 взято | 🗑️ 73 мусор
2026-06-04 02:40:31,641 | INFO     |   → 153/927: ✅ 13 взято | 🗑️ 75 мусор
2026-06-04 02:40:31,641 | INFO     |   → 154/927: ✅ 10 взято | 🗑️ 83 мусор
2026-06-04 02:40:31,641 | INFO     |   → 155/927: ✅ 12 взято | 🗑️ 86 мусор
2026-06-04 02:40:31,641 | INFO     |   → 156/927: ✅ 11 взято | 🗑️ 87 мусор
2026-06-04 02:40:31,641 | INFO     |   → 157/927: ✅ 11 взято | 🗑️ 80 мусор
2026-06-04 02:40:31,641 | INFO     |   → 158/927: ✅ 9 взято | 🗑️ 82 мусор
2026-06-04 02:40:31,641 | INFO     |   → 159/927: ✅ 69 взято | 🗑️ 3 мусор
2026-06-04 02:40:31,641 | INFO     |   → 160/927: ✅ 3 взято | 🗑️ 75 мусор
2026-06-04 02:40:31,641 | INFO     |   → 161/927: ✅ 4 взято | 🗑️ 69 мусор
2026-06-04 02:40:31,641 | INFO     |   → 162/927: ✅ 4 взято | 🗑️ 80 мусор
2026-06-04 02:40:31,641 | INFO     |   → 163/927: ✅ 6 взято | 🗑️ 81 мусор
2026-06-04 02:40:31,641 | INFO     |   → 164/927: ✅ 5 взято | 🗑️ 79 мусор
2026-06-04 02:40:31,641 | INFO     |   → 165/927: ✅ 11 взято | 🗑️ 78 мусор
2026-06-04 02:40:31,641 | INFO     |   → 166/927: ✅ 3 взято | 🗑️ 83 мусор
2026-06-04 02:40:31,641 | INFO     |   → 167/927: ✅ 14 взято | 🗑️ 76 мусор
2026-06-04 02:40:31,641 | INFO     |   → 168/927: ✅ 12 взято | 🗑️ 78 мусор
2026-06-04 02:40:31,641 | INFO     |   → 169/927: ✅ 26 взято | 🗑️ 218 мусор
2026-06-04 02:40:31,641 | INFO     |   → 170/927: ✅ 44 взято | 🗑️ 141 мусор
2026-06-04 02:40:31,641 | INFO     |   → 171/927: ✅ 10 взято | 🗑️ 71 мусор
2026-06-04 02:40:31,641 | INFO     |   → 172/927: ✅ 2 взято | 🗑️ 88 мусор
2026-06-04 02:40:31,641 | INFO     |   → 173/927: ✅ 0 взято | 🗑️ 3 мусор
2026-06-04 02:40:31,641 | INFO     |   → 174/927: ✅ 14 взято | 🗑️ 4 мусор
2026-06-04 02:40:31,641 | INFO     |   → 175/927: ✅ 682 взято | 🗑️ 2356 мусор
2026-06-04 02:40:31,641 | INFO     |   → 176/927 ❌ HTTP 404 — https://raw.githubusercontent.com/Alvin9999/pac2/master/clash/1/config.yaml
2026-06-04 02:40:31,641 | INFO     |   → 177/927 ❌ HTTP 404 — https://raw.githubusercontent.com/AmirHDevo/temp2/7f15e7ddb311a6f8c5ab338bd1af0e1f2136a84b/configs.txt
2026-06-04 02:40:31,642 | INFO     |   → 178/927: ✅ 160 взято | 🗑️ 2145 мусор
2026-06-04 02:40:31,642 | INFO     |   → 179/927: ✅ 2 взято | 🗑️ 81 мусор
2026-06-04 02:40:31,642 | INFO     |   → 180/927: ✅ 4334 взято | 🗑️ 65724 мусор
2026-06-04 02:40:31,642 | INFO     |   → 181/927: ✅ 5 взято | 🗑️ 47 мусор
2026-06-04 02:40:31,642 | INFO     |   → 182/927: ✅ 0 взято | 🗑️ 44 мусор
2026-06-04 02:40:31,642 | INFO     |   → 183/927: ✅ 21 взято | 🗑️ 107 мусор
2026-06-04 02:40:31,642 | INFO     |   → 184/927: ✅ 78 взято | 🗑️ 347 мусор
2026-06-04 02:40:31,642 | INFO     |   → 185/927: ✅ 0 взято | 🗑️ 1373 мусор
2026-06-04 02:40:31,642 | INFO     |   → 186/927: ✅ 59 взято | 🗑️ 888 мусор
2026-06-04 02:40:31,642 | INFO     |   → 187/927: ✅ 339 взято | 🗑️ 1542 мусор
2026-06-04 02:40:31,642 | INFO     |   → 188/927: ✅ 0 взято | 🗑️ 6 мусор
2026-06-04 02:40:31,642 | INFO     |   → 189/927: ✅ 0 взято | 🗑️ 0 мусор
2026-06-04 02:40:31,642 | INFO     |   → 190/927: ✅ 1 взято | 🗑️ 235 мусор
2026-06-04 02:40:31,642 | INFO     |   → 191/927: ✅ 49 взято | 🗑️ 86 мусор
2026-06-04 02:40:31,642 | INFO     |   → 192/927: ✅ 0 взято | 🗑️ 16 мусор
2026-06-04 02:40:31,642 | INFO     |   → 193/927: ✅ 6 взято | 🗑️ 17 мусор
2026-06-04 02:40:31,642 | INFO     |   → 194/927: ✅ 1 взято | 🗑️ 12 мусор
2026-06-04 02:40:31,642 | INFO     |   → 195/927: ✅ 0 взято | 🗑️ 17 мусор
2026-06-04 02:40:31,642 | INFO     |   → 196/927: ✅ 0 взято | 🗑️ 17 мусор
2026-06-04 02:40:31,642 | INFO     |   → 197/927: ✅ 23 взято | 🗑️ 516 мусор
2026-06-04 02:40:31,642 | INFO     |   → 198/927: ✅ 1 взято | 🗑️ 324 мусор
2026-06-04 02:40:31,642 | INFO     |   → 199/927: ✅ 1 взято | 🗑️ 192 мусор
2026-06-04 02:40:31,642 | INFO     |   → 200/927: ✅ 5 взято | 🗑️ 158 мусор
2026-06-04 02:40:31,642 | INFO     |   → 201/927: ✅ 0 взято | 🗑️ 16 мусор
2026-06-04 02:40:31,642 | INFO     |   → 202/927: ✅ 0 взято | 🗑️ 0 мусор
2026-06-04 02:40:31,642 | INFO     |   → 203/927: ✅ 0 взято | 🗑️ 14 мусор
2026-06-04 02:40:31,642 | INFO     |   → 204/927: ✅ 0 взято | 🗑️ 0 мусор
2026-06-04 02:40:31,643 | INFO     |   → 205/927: ✅ 0 взято | 🗑️ 17 мусор
2026-06-04 02:40:31,643 | INFO     |   → 206/927: ✅ 0 взято | 🗑️ 0 мусор
2026-06-04 02:40:31,643 | INFO     |   → 207/927: ✅ 0 взято | 🗑️ 12 мусор
2026-06-04 02:40:31,643 | INFO     |   → 208/927: ✅ 0 взято | 🗑️ 0 мусор
2026-06-04 02:40:31,643 | INFO     |   → 209/927: ✅ 0 взято | 🗑️ 17 мусор
2026-06-04 02:40:31,643 | INFO     |   → 210/927: ✅ 0 взято | 🗑️ 0 мусор
2026-06-04 02:40:31,643 | INFO     |   → 211/927: ✅ 0 взято | 🗑️ 17 мусор
2026-06-04 02:40:31,643 | INFO     |   → 212/927: ✅ 0 взято | 🗑️ 0 мусор
2026-06-04 02:40:31,643 | INFO     |   → 213/927: ✅ 2 взято | 🗑️ 161 мусор
2026-06-04 02:40:31,643 | INFO     |   → 214/927: ✅ 0 взято | 🗑️ 0 мусор
2026-06-04 02:40:31,643 | INFO     |   → 215/927: ✅ 26 взято | 🗑️ 331 мусор
2026-06-04 02:40:31,643 | INFO     |   → 216/927: ✅ 15 взято | 🗑️ 4 мусор
2026-06-04 02:40:31,643 | INFO     |   → 217/927: ✅ 5 взято | 🗑️ 76 мусор
2026-06-04 02:40:31,643 | INFO     |   → 218/927: ✅ 80 взято | 🗑️ 1110 мусор
2026-06-04 02:40:31,643 | INFO     |   → 219/927: ✅ 18 взято | 🗑️ 1251 мусор
2026-06-04 02:40:31,643 | INFO     |   → 220/927 ❌ HTTP 404 — https://raw.githubusercontent.com/Egkaz/Proxy-list-20k-server/main/stable.txt
2026-06-04 02:40:31,643 | INFO     |   → 221/927: ✅ 5 взято | 🗑️ 13 мусор
2026-06-04 02:40:31,643 | INFO     |   → 222/927 ❌ HTTP 404 — https://raw.githubusercontent.com/Epodonios/bulk-xray-v2ray-vless-vmess-...-configs/main/sub/Austria/config.txt
2026-06-04 02:40:31,643 | INFO     |   → 223/927 ❌ HTTP 404 — https://raw.githubusercontent.com/Epodonios/bulk-xray-v2ray-vless-vmess-...-configs/main/sub/Canada/config.txt
2026-06-04 02:40:31,643 | INFO     |   → 224/927 ❌ HTTP 404 — https://raw.githubusercontent.com/Epodonios/bulk-xray-v2ray-vless-vmess-...-configs/main/sub/Costa%20Rica/config.txt
2026-06-04 02:40:31,643 | INFO     |   → 225/927 ❌ HTTP 404 — https://raw.githubusercontent.com/Epodonios/bulk-xray-v2ray-vless-vmess-...-configs/main/sub/France/config.txt
2026-06-04 02:40:31,643 | INFO     |   → 226/927 ❌ HTTP 404 — https://raw.githubusercontent.com/Epodonios/bulk-xray-v2ray-vless-vmess-...-configs/main/sub/Germany/config.txt
2026-06-04 02:40:31,643 | INFO     |   → 227/927 ❌ HTTP 404 — https://raw.githubusercontent.com/Epodonios/bulk-xray-v2ray-vless-vmess-...-configs/main/sub/Indonesia/config.txt
2026-06-04 02:40:31,643 | INFO     |   → 228/927 ❌ HTTP 404 — https://raw.githubusercontent.com/Epodonios/bulk-xray-v2ray-vless-vmess-...-configs/main/sub/Ireland/config.txt
2026-06-04 02:40:31,643 | INFO     |   → 229/927 ❌ HTTP 404 — https://raw.githubusercontent.com/Epodonios/bulk-xray-v2ray-vless-vmess-...-configs/main/sub/Republic%20of%20Lithuania/config.txt
2026-06-04 02:40:31,643 | INFO     |   → 230/927 ❌ HTTP 404 — https://raw.githubusercontent.com/Epodonios/bulk-xray-v2ray-vless-vmess-...-configs/main/sub/South%20Africa/config.txt
2026-06-04 02:40:31,644 | INFO     |   → 231/927 ❌ HTTP 404 — https://raw.githubusercontent.com/Epodonios/bulk-xray-v2ray-vless-vmess-...-configs/main/sub/Sweden/config.txt
2026-06-04 02:40:31,644 | INFO     |   → 232/927 ❌ HTTP 404 — https://raw.githubusercontent.com/Epodonios/bulk-xray-v2ray-vless-vmess-...-configs/main/sub/Turkey/config.txt
2026-06-04 02:40:31,644 | INFO     |   → 233/927 ❌ HTTP 404 — https://raw.githubusercontent.com/Epodonios/bulk-xray-v2ray-vless-vmess-...-configs/main/sub/United%20Arab%20Emirates/config.txt
2026-06-04 02:40:31,644 | INFO     |   → 234/927 ❌ HTTP 404 — https://raw.githubusercontent.com/Epodonios/bulk-xray-v2ray-vless-vmess-...-configs/main/sub/United%20Kingdom/config.txt
2026-06-04 02:40:31,644 | INFO     |   → 235/927 ❌ HTTP 404 — https://raw.githubusercontent.com/Epodonios/bulk-xray-v2ray-vless-vmess-...-configs/main/sub/United%20States/config.txt
2026-06-04 02:40:31,644 | INFO     |   → 236/927 ❌ HTTP 404 — https://raw.githubusercontent.com/Epodonios/v2ray-configs/main/Splitted-By-Protocol/mix.txt
2026-06-04 02:40:31,644 | INFO     |   → 237/927: ✅ 38 взято | 🗑️ 357 мусор
2026-06-04 02:40:31,644 | INFO     |   → 238/927: ✅ 0 взято | 🗑️ 0 мусор
2026-06-04 02:40:31,644 | INFO     |   → 239/927: ✅ 78 взято | 🗑️ 395 мусор
2026-06-04 02:40:31,644 | INFO     |   → 240/927: ✅ 248 взято | 🗑️ 2388 мусор
2026-06-04 02:40:31,644 | INFO     |   → 241/927: ✅ 42 взято | 🗑️ 516 мусор
2026-06-04 02:40:31,644 | INFO     |   → 242/927 ❌ HTTP 404 — https://raw.githubusercontent.com/Epodonios/v2ray-configs/raw/main/Splitted-By-Protocol/trojan.txt
2026-06-04 02:40:31,644 | INFO     |   → 243/927 ❌ HTTP 404 — https://raw.githubusercontent.com/Epodonios/v2ray-configs/raw/main/Splitted-By-Protocol/vmess.txt
2026-06-04 02:40:31,644 | INFO     |   → 244/927: ✅ 172 взято | 🗑️ 3905 мусор
2026-06-04 02:40:31,644 | INFO     |   → 245/927: ✅ 0 взято | 🗑️ 357 мусор
2026-06-04 02:40:31,644 | INFO     |   → 246/927: ✅ 0 взято | 🗑️ 0 мусор
2026-06-04 02:40:31,644 | INFO     |   → 247/927: ✅ 0 взято | 🗑️ 395 мусор
2026-06-04 02:40:31,645 | INFO     |   → 248/927: ✅ 0 взято | 🗑️ 2388 мусор
2026-06-04 02:40:31,645 | INFO     |   → 249/927: ✅ 0 взято | 🗑️ 516 мусор
2026-06-04 02:40:31,645 | INFO     |   → 250/927: ✅ 549 взято | 🗑️ 478 мусор
2026-06-04 02:40:31,645 | INFO     |   → 251/927: ✅ 0 взято | 🗑️ 98 мусор
2026-06-04 02:40:31,645 | INFO     |   → 252/927: ✅ 0 взято | 🗑️ 153 мусор
2026-06-04 02:40:31,645 | INFO     |   → 253/927: ✅ 124 взято | 🗑️ 91 мусор
2026-06-04 02:40:31,645 | INFO     |   → 254/927: ✅ 109 взято | 🗑️ 7 мусор
2026-06-04 02:40:31,645 | INFO     |   → 255/927: ✅ 8 взято | 🗑️ 354 мусор
2026-06-04 02:40:31,645 | INFO     |   → 256/927 ❌ HTTP 404 — https://raw.githubusercontent.com/Fido6/FreeNodes/57221e59caddde55ffdda21d491ae952cd608049/nodes/halekj.txt
2026-06-04 02:40:31,645 | INFO     |   → 257/927 ❌ HTTP 404 — https://raw.githubusercontent.com/Fido6/FreeNodes/57221e59caddde55ffdda21d491ae952cd608049/nodes/kkzui.txt
2026-06-04 02:40:31,645 | INFO     |   → 258/927 ❌ HTTP 404 — https://raw.githubusercontent.com/Fido6/FreeNodes/57221e59caddde55ffdda21d491ae952cd608049/nodes/wenode.txt
2026-06-04 02:40:31,645 | INFO     |   → 259/927 ❌ HTTP 404 — https://raw.githubusercontent.com/Firmfox/Proxify/main/v2ray_configs/mixed/subscription-2.txt
2026-06-04 02:40:31,645 | INFO     |   → 260/927 ❌ HTTP 404 — https://raw.githubusercontent.com/Firmfox/Proxify/main/v2ray_configs/seperated_by_protocol/other.txt
2026-06-04 02:40:31,645 | INFO     |   → 261/927 ❌ HTTP 404 — https://raw.githubusercontent.com/Firmfox/Proxify/main/v2ray_configs/seperated_by_protocol/shadowsocks.txt
2026-06-04 02:40:31,645 | INFO     |   → 262/927 ❌ HTTP 404 — https://raw.githubusercontent.com/Firmfox/Proxify/main/v2ray_configs/seperated_by_protocol/trojan.txt
2026-06-04 02:40:31,645 | INFO     |   → 263/927 ❌ HTTP 404 — https://raw.githubusercontent.com/Firmfox/Proxify/main/v2ray_configs/seperated_by_protocol/vless.txt
2026-06-04 02:40:31,645 | INFO     |   → 264/927 ❌ HTTP 404 — https://raw.githubusercontent.com/Firmfox/Proxify/main/v2ray_configs/seperated_by_protocol/vmess.txt
2026-06-04 02:40:31,645 | INFO     |   → 265/927: ✅ 0 взято | 🗑️ 0 мусор
2026-06-04 02:40:31,645 | INFO     |   → 266/927: ✅ 0 взято | 🗑️ 0 мусор
2026-06-04 02:40:31,645 | INFO     |   → 267/927: ✅ 14 взято | 🗑️ 250 мусор
2026-06-04 02:40:31,645 | INFO     |   → 268/927: ✅ 1 взято | 🗑️ 18 мусор
2026-06-04 02:40:31,645 | INFO     |   → 269/927: ✅ 15 взято | 🗑️ 0 мусор
2026-06-04 02:40:31,645 | INFO     |   → 270/927: ✅ 0 взято | 🗑️ 609 мусор
2026-06-04 02:40:31,645 | INFO     |   → 271/927: ✅ 18 взято | 🗑️ 63 мусор
2026-06-04 02:40:31,645 | INFO     |   → 272/927: ✅ 1 взято | 🗑️ 17 мусор
2026-06-04 02:40:31,645 | INFO     |   → 273/927: ✅ 4 взято | 🗑️ 11 мусор
2026-06-04 02:40:31,645 | INFO     |   → 274/927: ✅ 0 взято | 🗑️ 0 мусор
2026-06-04 02:40:31,646 | INFO     |   → 275/927: ✅ 0 взято | 🗑️ 137 мусор
2026-06-04 02:40:31,646 | INFO     |   → 276/927: ✅ 0 взято | 🗑️ 32 мусор
2026-06-04 02:40:31,646 | INFO     |   → 277/927: ✅ 2 взято | 🗑️ 19 мусор
2026-06-04 02:40:31,646 | INFO     |   → 278/927: ✅ 0 взято | 🗑️ 43 мусор
2026-06-04 02:40:31,646 | INFO     |   → 279/927: ✅ 0 взято | 🗑️ 43 мусор
2026-06-04 02:40:31,646 | INFO     |   → 280/927: ✅ 0 взято | 🗑️ 1 мусор
2026-06-04 02:40:31,646 | INFO     |   → 281/927: ✅ 0 взято | 🗑️ 1 мусор
2026-06-04 02:40:31,646 | INFO     |   → 282/927: ✅ 0 взято | 🗑️ 28 мусор
2026-06-04 02:40:31,646 | INFO     |   → 283/927: ✅ 14 взято | 🗑️ 282 мусор
2026-06-04 02:40:31,646 | INFO     |   → 284/927: ✅ 0 взято | 🗑️ 94 мусор
2026-06-04 02:40:31,646 | INFO     |   → 285/927: ✅ 0 взято | 🗑️ 0 мусор
2026-06-04 02:40:31,646 | INFO     |   → 286/927: ✅ 0 взято | 🗑️ 0 мусор
2026-06-04 02:40:31,646 | INFO     |   → 287/927: ✅ 392 взято | 🗑️ 85 мусор
2026-06-04 02:40:31,646 | INFO     |   → 288/927: ✅ 102 взято | 🗑️ 410 мусор
2026-06-04 02:40:31,646 | INFO     |   → 289/927: ✅ 144 взято | 🗑️ 372 мусор
2026-06-04 02:40:31,646 | INFO     |   → 290/927: ✅ 5938 взято | 🗑️ 46237 мусор
2026-06-04 02:40:31,646 | INFO     |   → 291/927: ✅ 0 взято | 🗑️ 35 мусор
2026-06-04 02:40:31,646 | INFO     |   → 292/927: ✅ 0 взято | 🗑️ 9698 мусор
2026-06-04 02:40:31,646 | INFO     |   → 293/927: ✅ 0 взято | 🗑️ 31035 мусор
2026-06-04 02:40:31,646 | INFO     |   → 294/927: ✅ 0 взято | 🗑️ 5 мусор
2026-06-04 02:40:31,646 | INFO     |   → 295/927: ✅ 0 взято | 🗑️ 4 мусор
2026-06-04 02:40:31,646 | INFO     |   → 296/927: ✅ 0 взято | 🗑️ 51 мусор
2026-06-04 02:40:31,646 | INFO     |   → 297/927: ✅ 0 взято | 🗑️ 8 мусор
2026-06-04 02:40:31,646 | INFO     |   → 298/927 ❌ HTTP 404 — https://raw.githubusercontent.com/Kwinshadow/TelegramV2rayCollector/raw/refs/heads/main/sublinks/mix.txt
2026-06-04 02:40:31,646 | INFO     |   → 299/927: ✅ 7 взято | 🗑️ 1012 мусор
2026-06-04 02:40:31,647 | INFO     |   → 300/927 ❌ HTTP 404 — https://raw.githubusercontent.com/LalatinaHub/Mineral/raw/refs/heads/master/result/nodes
2026-06-04 02:40:31,647 | INFO     |   → 301/927: ✅ 2 взято | 🗑️ 143 мусор
2026-06-04 02:40:31,647 | INFO     |   → 302/927 ❌ HTTP 404 — https://raw.githubusercontent.com/Leon406/SubCrawler/main/sub/share/all3
2026-06-04 02:40:31,647 | INFO     |   → 303/927 ❌ HTTP 404 — https://raw.githubusercontent.com/Leon406/SubCrawler/main/sub/share/all4
2026-06-04 02:40:31,647 | INFO     |   → 304/927: ✅ 4 взято | 🗑️ 335 мусор
2026-06-04 02:40:31,647 | INFO     |   → 305/927: ✅ 372 взято | 🗑️ 20076 мусор
2026-06-04 02:40:31,647 | INFO     |   → 306/927: ✅ 0 взято | 🗑️ 33 мусор
2026-06-04 02:40:31,647 | INFO     |   → 307/927: ✅ 0 взято | 🗑️ 6 мусор
2026-06-04 02:40:31,647 | INFO     |   → 308/927: ✅ 482 взято | 🗑️ 18 мусор
2026-06-04 02:40:31,647 | INFO     |   → 309/927: ✅ 0 взято | 🗑️ 147 мусор
2026-06-04 02:40:31,647 | INFO     |   → 310/927 ❌ HTTP 404 — https://raw.githubusercontent.com/M-Mashreghi/free-config-collector/main/Splitted-By-Protocol/ssr.txt
2026-06-04 02:40:31,647 | INFO     |   → 311/927: ✅ 139 взято | 🗑️ 114 мусор
2026-06-04 02:40:31,647 | INFO     |   → 312/927: ✅ 126 взято | 🗑️ 137 мусор
2026-06-04 02:40:31,647 | INFO     |   → 313/927: ✅ 0 взято | 🗑️ 12 мусор
2026-06-04 02:40:31,647 | INFO     |   → 314/927: ✅ 0 взято | 🗑️ 1 мусор
2026-06-04 02:40:31,647 | INFO     |   → 315/927: ✅ 84 взято | 🗑️ 126 мусор
2026-06-04 02:40:31,647 | INFO     |   → 316/927: ✅ 0 взято | 🗑️ 126 мусор
2026-06-04 02:40:31,647 | INFO     |   → 317/927: ✅ 0 взято | 🗑️ 91 мусор
2026-06-04 02:40:31,647 | INFO     |   → 318/927 ❌ HTTP 404 — https://raw.githubusercontent.com/MatinGhanbari/v2ray-configs/main/subscriptions/filtered/subs/hy2.txt
2026-06-04 02:40:31,647 | INFO     |   → 319/927: ✅ 31 взято | 🗑️ 1418 мусор
2026-06-04 02:40:31,647 | INFO     |   → 320/927 ❌ HTTP 404 — https://raw.githubusercontent.com/MatinGhanbari/v2ray-configs/main/subscriptions/filtered/subs/ssr.txt
2026-06-04 02:40:31,647 | INFO     |   → 321/927: ✅ 68 взято | 🗑️ 569 мусор
2026-06-04 02:40:31,647 | INFO     |   → 322/927 ❌ HTTP 404 — https://raw.githubusercontent.com/MatinGhanbari/v2ray-configs/main/subscriptions/filtered/subs/tuic.txt
2026-06-04 02:40:31,647 | INFO     |   → 323/927: ✅ 3 взято | 🗑️ 61 мусор
2026-06-04 02:40:31,647 | INFO     |   → 324/927: ✅ 249 взято | 🗑️ 1546 мусор
2026-06-04 02:40:31,647 | INFO     |   → 325/927: ✅ 158 взято | 🗑️ 3597 мусор
2026-06-04 02:40:31,648 | INFO     |   → 326/927: ✅ 24 взято | 🗑️ 170 мусор
2026-06-04 02:40:31,648 | INFO     |   → 327/927: ✅ 0 взято | 🗑️ 2 мусор
2026-06-04 02:40:31,648 | INFO     |   → 328/927: ✅ 95 взято | 🗑️ 1027 мусор
2026-06-04 02:40:31,648 | INFO     |   → 329/927: ✅ 0 взято | 🗑️ 525 мусор
2026-06-04 02:40:31,648 | INFO     |   → 330/927: ✅ 0 взято | 🗑️ 525 мусор
2026-06-04 02:40:31,648 | INFO     |   → 331/927: ✅ 0 взято | 🗑️ 36 мусор
2026-06-04 02:40:31,648 | INFO     |   → 332/927: ✅ 0 взято | 🗑️ 2 мусор
2026-06-04 02:40:31,648 | INFO     |   → 333/927: ✅ 0 взято | 🗑️ 394 мусор
2026-06-04 02:40:31,648 | INFO     |   → 334/927: ✅ 0 взято | 🗑️ 78 мусор
2026-06-04 02:40:31,648 | INFO     |   → 335/927 ❌ HTTP 404 — https://raw.githubusercontent.com/MhdiTaheri/V2rayCollector/raw/refs/heads/main/sub/mix
2026-06-04 02:40:31,648 | INFO     |   → 336/927: ✅ 53 взято | 🗑️ 267 мусор
2026-06-04 02:40:31,648 | INFO     |   → 337/927 ❌ HTTP 404 — https://raw.githubusercontent.com/MhdiTaheri/V2rayCollector_Py/raw/refs/heads/main/sub/Mix/mix.txt
2026-06-04 02:40:31,648 | INFO     |   → 338/927: ✅ 0 взято | 🗑️ 0 мусор
2026-06-04 02:40:31,648 | INFO     |   → 339/927: ✅ 43 взято | 🗑️ 217 мусор
2026-06-04 02:40:31,648 | INFO     |   → 340/927: ✅ 0 взято | 🗑️ 31 мусор
2026-06-04 02:40:31,648 | INFO     |   → 341/927: ✅ 92 взято | 🗑️ 282 мусор
2026-06-04 02:40:31,648 | INFO     |   → 342/927: ✅ 0 взято | 🗑️ 26 мусор
2026-06-04 02:40:31,648 | INFO     |   → 343/927: ✅ 3 взято | 🗑️ 5 мусор
2026-06-04 02:40:31,648 | INFO     |   → 344/927 ❌ HTTP 404 — https://raw.githubusercontent.com/MrMohebi/xray-proxy-grabber-telegram/master/collected-proxies/clash-meta/all.yaml
2026-06-04 02:40:31,648 | INFO     |   → 345/927 ❌ HTTP 404 — https://raw.githubusercontent.com/MrMohebi/xray-proxy-grabber-telegram/master/collected-proxies/row-url/actives.txt
2026-06-04 02:40:31,648 | INFO     |   → 346/927 ❌ HTTP 404 — https://raw.githubusercontent.com/MrMohebi/xray-proxy-grabber-telegram/master/collected-proxies/row-url/all.txt
2026-06-04 02:40:31,648 | INFO     |   → 347/927: ✅ 0 взято | 🗑️ 13 мусор
2026-06-04 02:40:31,648 | INFO     |   → 348/927: ✅ 0 взято | 🗑️ 13 мусор
2026-06-04 02:40:31,648 | INFO     |   → 349/927: ✅ 5 взято | 🗑️ 15 мусор
2026-06-04 02:40:31,648 | INFO     |   → 350/927: ✅ 0 взято | 🗑️ 30 мусор
2026-06-04 02:40:31,648 | INFO     |   → 351/927: ✅ 0 взято | 🗑️ 15 мусор
2026-06-04 02:40:31,648 | INFO     |   → 352/927: ✅ 66 взято | 🗑️ 123 мусор
2026-06-04 02:40:31,648 | INFO     |   → 353/927: ✅ 50 взято | 🗑️ 30 мусор
2026-06-04 02:40:31,648 | INFO     |   → 354/927: ✅ 2 взято | 🗑️ 13 мусор
2026-06-04 02:40:31,649 | INFO     |   → 355/927: ✅ 0 взято | 🗑️ 0 мусор
2026-06-04 02:40:31,649 | INFO     |   → 356/927 ❌ HTTP 404 — https://raw.githubusercontent.com/OpenCNLink/freevpn/3cfcff048bfdd1493ccffa52ecf30ce7f9fc6b28/src/list/vmess.txt
2026-06-04 02:40:31,649 | INFO     |   → 357/927: ✅ 0 взято | 🗑️ 12 мусор
2026-06-04 02:40:31,649 | INFO     |   → 358/927: ✅ 0 взято | 🗑️ 12 мусор
2026-06-04 02:40:31,649 | INFO     |   → 359/927: ✅ 0 взято | 🗑️ 0 мусор
2026-06-04 02:40:31,649 | INFO     |   → 360/927: ✅ 0 взято | 🗑️ 0 мусор
2026-06-04 02:40:31,649 | INFO     |   → 361/927: ✅ 0 взято | 🗑️ 0 мусор
2026-06-04 02:40:31,649 | INFO     |   → 362/927: ✅ 0 взято | 🗑️ 0 мусор
2026-06-04 02:40:31,649 | INFO     |   → 363/927: ✅ 0 взято | 🗑️ 0 мусор
2026-06-04 02:40:31,649 | INFO     |   → 364/927: ✅ 0 взято | 🗑️ 0 мусор
2026-06-04 02:40:31,649 | INFO     |   → 365/927: ✅ 48 взято | 🗑️ 97 мусор
2026-06-04 02:40:31,649 | INFO     |   → 366/927 ❌ HTTP 404 — https://raw.githubusercontent.com/RKPchannel/RKP_bypass_configs/main/configs
2026-06-04 02:40:31,649 | INFO     |   → 367/927: ✅ 0 взято | 🗑️ 35 мусор
2026-06-04 02:40:31,649 | INFO     |   → 368/927: ✅ 0 взято | 🗑️ 0 мусор
2026-06-04 02:40:31,649 | INFO     |   → 369/927: ✅ 0 взято | 🗑️ 50 мусор
2026-06-04 02:40:31,649 | INFO     |   → 370/927: ✅ 0 взято | 🗑️ 0 мусор
2026-06-04 02:40:31,649 | INFO     |   → 371/927: ✅ 0 взято | 🗑️ 0 мусор
2026-06-04 02:40:31,649 | INFO     |   → 372/927: ✅ 5 взято | 🗑️ 206 мусор
2026-06-04 02:40:31,649 | INFO     |   → 373/927: ✅ 21 взято | 🗑️ 138 мусор
2026-06-04 02:40:31,649 | INFO     |   → 374/927: ✅ 23 взято | 🗑️ 89 мусор
2026-06-04 02:40:31,649 | INFO     |   → 375/927: ✅ 9 взято | 🗑️ 85 мусор
2026-06-04 02:40:31,649 | INFO     |   → 376/927: ✅ 0 взято | 🗑️ 129 мусор
2026-06-04 02:40:31,649 | INFO     |   → 377/927: ✅ 0 взято | 🗑️ 81 мусор
2026-06-04 02:40:31,649 | INFO     |   → 378/927 ❌ HTTP 404 — https://raw.githubusercontent.com/STR97/STRUGOV/main/BYPASS
2026-06-04 02:40:31,649 | INFO     |   → 379/927 ❌ HTTP 404 — https://raw.githubusercontent.com/STR97/STRUGOV/main/CUSTOM
2026-06-04 02:40:31,649 | INFO     |   → 380/927 ❌ HTTP 404 — https://raw.githubusercontent.com/STR97/STRUGOV/main/STR
2026-06-04 02:40:31,650 | INFO     |   → 381/927 ❌ HTTP 404 — https://raw.githubusercontent.com/STR97/STRUGOV/main/STR.BYPASS
2026-06-04 02:40:31,650 | INFO     |   → 382/927 ❌ HTTP 404 — https://raw.githubusercontent.com/STR97/STRUGOV/main/Vless
2026-06-04 02:40:31,650 | INFO     |   → 383/927 ❌ HTTP 404 — https://raw.githubusercontent.com/STR97/STRUGOV/refs/heads/main/STR.BYPASS
2026-06-04 02:40:31,650 | INFO     |   → 384/927: ✅ 4 взято | 🗑️ 34 мусор
2026-06-04 02:40:31,650 | INFO     |   → 385/927: ✅ 11 взято | 🗑️ 16 мусор
2026-06-04 02:40:31,650 | INFO     |   → 386/927: ✅ 0 взято | 🗑️ 16 мусор
2026-06-04 02:40:31,650 | INFO     |   → 387/927: ✅ 0 взято | 🗑️ 27 мусор
2026-06-04 02:40:31,650 | INFO     |   → 388/927: ✅ 140 взято | 🗑️ 1153 мусор
2026-06-04 02:40:31,650 | INFO     |   → 389/927: ✅ 79 взято | 🗑️ 1720 мусор
2026-06-04 02:40:31,650 | INFO     |   → 390/927: ✅ 13 взято | 🗑️ 1036 мусор
2026-06-04 02:40:31,650 | INFO     |   → 391/927: ✅ 107 взято | 🗑️ 2886 мусор
2026-06-04 02:40:31,650 | INFO     |   → 392/927: ✅ 207 взято | 🗑️ 551 мусор
2026-06-04 02:40:31,650 | INFO     |   → 393/927: ✅ 51 взято | 🗑️ 4667 мусор
2026-06-04 02:40:31,650 | INFO     |   → 394/927: ✅ 76 взято | 🗑️ 362 мусор
2026-06-04 02:40:31,650 | INFO     |   → 395/927: ✅ 29 взято | 🗑️ 54 мусор
2026-06-04 02:40:31,650 | INFO     |   → 396/927: ✅ 0 взято | 🗑️ 0 мусор
2026-06-04 02:40:31,650 | INFO     |   → 397/927: ✅ 0 взято | 🗑️ 0 мусор
2026-06-04 02:40:31,650 | INFO     |   → 398/927: ✅ 0 взято | 🗑️ 2468 мусор
2026-06-04 02:40:31,650 | INFO     |   → 399/927: ✅ 0 взято | 🗑️ 0 мусор
2026-06-04 02:40:31,650 | INFO     |   → 400/927: ✅ 0 взято | 🗑️ 0 мусор
2026-06-04 02:40:31,650 | INFO     |   → 401/927: ✅ 0 взято | 🗑️ 50 мусор
2026-06-04 02:40:31,650 | INFO     |   → 402/927: ✅ 0 взято | 🗑️ 170 мусор
2026-06-04 02:40:31,650 | INFO     |   → 403/927: ✅ 0 взято | 🗑️ 1941 мусор
2026-06-04 02:40:31,650 | INFO     |   → 404/927: ✅ 0 взято | 🗑️ 82 мусор
2026-06-04 02:40:31,650 | INFO     |   → 405/927: ✅ 0 взято | 🗑️ 0 мусор
2026-06-04 02:40:31,650 | INFO     |   → 406/927: ✅ 0 взято | 🗑️ 50 мусор
2026-06-04 02:40:31,650 | INFO     |   → 407/927 ❌ HTTP 404 — https://raw.githubusercontent.com/Syavar/V2ray-Configs/main/OK_TLS_activision.com.txt
2026-06-04 02:40:31,650 | INFO     |   → 408/927: ✅ 3 взято | 🗑️ 1 мусор
2026-06-04 02:40:31,651 | INFO     |   → 409/927: ✅ 3 взято | 🗑️ 1 мусор
2026-06-04 02:40:31,651 | INFO     |   → 410/927: ✅ 3 взято | 🗑️ 1 мусор
2026-06-04 02:40:31,651 | INFO     |   → 411/927: ✅ 3 взято | 🗑️ 1 мусор
2026-06-04 02:40:31,651 | INFO     |   → 412/927 ❌ HTTP 404 — https://raw.githubusercontent.com/Syavar/V2ray-Configs/main/OK_TLS_viber.com.txt
2026-06-04 02:40:31,651 | INFO     |   → 413/927: ✅ 3 взято | 🗑️ 1 мусор
2026-06-04 02:40:31,651 | INFO     |   → 414/927: ✅ 3 взято | 🗑️ 1 мусор
2026-06-04 02:40:31,651 | INFO     |   → 415/927 ❌ HTTP 404 — https://raw.githubusercontent.com/Syavar/V2ray-Configs/main/OK_activision.com.txt
2026-06-04 02:40:31,651 | INFO     |   → 416/927 ❌ HTTP 404 — https://raw.githubusercontent.com/Syavar/V2ray-Configs/main/OK_css.rbxcdn.com.txt
2026-06-04 02:40:31,651 | INFO     |   → 417/927 ❌ HTTP 404 — https://raw.githubusercontent.com/Syavar/V2ray-Configs/main/OK_google.com.txt
2026-06-04 02:40:31,651 | INFO     |   → 418/927 ❌ HTTP 404 — https://raw.githubusercontent.com/Syavar/V2ray-Configs/main/OK_speedtest.tinkoff.ru.txt
2026-06-04 02:40:31,651 | INFO     |   → 419/927 ❌ HTTP 404 — https://raw.githubusercontent.com/Syavar/V2ray-Configs/main/OK_telegram.org.txt
2026-06-04 02:40:31,651 | INFO     |   → 420/927 ❌ HTTP 404 — https://raw.githubusercontent.com/Syavar/V2ray-Configs/main/OK_viber.com.txt
2026-06-04 02:40:31,651 | INFO     |   → 421/927 ❌ HTTP 404 — https://raw.githubusercontent.com/Syavar/V2ray-Configs/main/OK_vk.com.txt
2026-06-04 02:40:31,651 | INFO     |   → 422/927 ❌ HTTP 404 — https://raw.githubusercontent.com/Syavar/V2ray-Configs/main/OK_whatsapp.com.txt
2026-06-04 02:40:31,651 | INFO     |   → 423/927: ✅ 283 взято | 🗑️ 703 мусор
2026-06-04 02:40:31,651 | INFO     |   → 424/927: ✅ 4 взято | 🗑️ 291 мусор
2026-06-04 02:40:31,651 | INFO     |   → 425/927: ✅ 0 взято | 🗑️ 119 мусор
2026-06-04 02:40:31,651 | INFO     |   → 426/927: ✅ 0 взято | 🗑️ 0 мусор
2026-06-04 02:40:31,651 | INFO     |   → 427/927 ❌ HTTP 404 — https://raw.githubusercontent.com/V2RAYCONFIGSPOOL/V2RAY_SUB/main/V2RAY_SUB.txt
2026-06-04 02:40:31,651 | INFO     |   → 428/927: ✅ 11 взято | 🗑️ 9 мусор
2026-06-04 02:40:31,651 | INFO     |   → 429/927: ✅ 7 взято | 🗑️ 13 мусор
2026-06-04 02:40:31,651 | INFO     |   → 430/927: ✅ 11 взято | 🗑️ 5 мусор
2026-06-04 02:40:31,651 | INFO     |   → 431/927: ✅ 9 взято | 🗑️ 7 мусор
2026-06-04 02:40:31,651 | INFO     |   → 432/927: ✅ 7 взято | 🗑️ 12 мусор
2026-06-04 02:40:31,651 | INFO     |   → 433/927: ✅ 9 взято | 🗑️ 7 мусор
2026-06-04 02:40:31,651 | INFO     |   → 434/927: ✅ 7 взято | 🗑️ 8 мусор
2026-06-04 02:40:31,652 | INFO     |   → 435/927: ✅ 8 взято | 🗑️ 8 мусор
2026-06-04 02:40:31,652 | INFO     |   → 436/927: ✅ 6 взято | 🗑️ 10 мусор
2026-06-04 02:40:31,652 | INFO     |   → 437/927: ✅ 7 взято | 🗑️ 12 мусор
2026-06-04 02:40:31,652 | INFO     |   → 438/927: ✅ 51 взято | 🗑️ 169 мусор
2026-06-04 02:40:31,652 | INFO     |   → 439/927: ✅ 0 взято | 🗑️ 5 мусор
2026-06-04 02:40:31,652 | INFO     |   → 440/927: ✅ 0 взято | 🗑️ 0 мусор
2026-06-04 02:40:31,652 | INFO     |   → 441/927: ✅ 16 взято | 🗑️ 17 мусор
2026-06-04 02:40:31,652 | INFO     |   → 442/927: ✅ 0 взято | 🗑️ 0 мусор
2026-06-04 02:40:31,652 | INFO     |   → 443/927: ✅ 0 взято | 🗑️ 17 мусор
2026-06-04 02:40:31,652 | INFO     |   → 444/927: ✅ 58 взято | 🗑️ 348 мусор
2026-06-04 02:40:31,652 | INFO     |   → 445/927: ✅ 0 взято | 🗑️ 231 мусор
2026-06-04 02:40:31,652 | INFO     |   → 446/927: ✅ 0 взято | 🗑️ 0 мусор
2026-06-04 02:40:31,652 | INFO     |   → 447/927: ✅ 0 взято | 🗑️ 0 мусор
2026-06-04 02:40:31,652 | INFO     |   → 448/927: ✅ 123 взято | 🗑️ 432 мусор
2026-06-04 02:40:31,652 | INFO     |   → 449/927: ✅ 0 взято | 🗑️ 83 мусор
2026-06-04 02:40:31,652 | INFO     |   → 450/927: ✅ 0 взято | 🗑️ 16 мусор
2026-06-04 02:40:31,652 | INFO     |   → 451/927: ✅ 0 взято | 🗑️ 16 мусор
2026-06-04 02:40:31,652 | INFO     |   → 452/927 ❌ HTTP 404 — https://raw.githubusercontent.com/aiboboxx/clashfree/main/clash.yml
2026-06-04 02:40:31,652 | INFO     |   → 453/927 ❌ HTTP 404 — https://raw.githubusercontent.com/aiboboxx/clashfree/refs/heads/main/clash.yml
2026-06-04 02:40:31,652 | INFO     |   → 454/927 ❌ HTTP 404 — https://raw.githubusercontent.com/aiboboxx/v2rayfree/main/v2
2026-06-04 02:40:31,652 | INFO     |   → 455/927 ❌ HTTP 404 — https://raw.githubusercontent.com/amirmohammad-mohammad-88/Sub-Reality-Azadi-config/Config/Azadi-Reality-Different
2026-06-04 02:40:31,652 | INFO     |   → 456/927 ❌ HTTP 404 — https://raw.githubusercontent.com/amirmohammad-mohammad-88/Sub-Reality-Azadi-config/Config/Azadi-Reality-Different-Base64
2026-06-04 02:40:31,652 | INFO     |   → 457/927: ✅ 1 взято | 🗑️ 17 мусор
2026-06-04 02:40:31,652 | INFO     |   → 458/927: ✅ 0 взято | 🗑️ 0 мусор
2026-06-04 02:40:31,652 | INFO     |   → 459/927: ✅ 0 взято | 🗑️ 0 мусор
2026-06-04 02:40:31,652 | INFO     |   → 460/927: ✅ 4 взято | 🗑️ 114 мусор
2026-06-04 02:40:31,652 | INFO     |   → 461/927: ✅ 21 взято | 🗑️ 51 мусор
2026-06-04 02:40:31,652 | INFO     |   → 462/927: ✅ 0 взято | 🗑️ 299 мусор
2026-06-04 02:40:31,653 | INFO     |   → 463/927: ✅ 0 взято | 🗑️ 189 мусор
2026-06-04 02:40:31,653 | INFO     |   → 464/927: ✅ 24 взято | 🗑️ 66 мусор
2026-06-04 02:40:31,653 | INFO     |   → 465/927 ❌ HTTP 404 — https://raw.githubusercontent.com/awesome-vpn/awesome-vpn/master/ss
2026-06-04 02:40:31,653 | INFO     |   → 466/927 ❌ HTTP 404 — https://raw.githubusercontent.com/awesome-vpn/awesome-vpn/master/ssr
2026-06-04 02:40:31,653 | INFO     |   → 467/927: ✅ 0 взято | 🗑️ 0 мусор
2026-06-04 02:40:31,653 | INFO     |   → 468/927: ✅ 0 взято | 🗑️ 22 мусор
2026-06-04 02:40:31,653 | INFO     |   → 469/927: ✅ 0 взято | 🗑️ 3253 мусор
2026-06-04 02:40:31,653 | INFO     |   → 470/927: ✅ 0 взято | 🗑️ 321 мусор
2026-06-04 02:40:31,653 | INFO     |   → 471/927: ✅ 0 взято | 🗑️ 2395 мусор
2026-06-04 02:40:31,653 | INFO     |   → 472/927: ✅ 0 взято | 🗑️ 153 мусор
2026-06-04 02:40:31,653 | INFO     |   → 473/927 ❌ HTTP 404 — https://raw.githubusercontent.com/barry-far/V2ray-Configs/ced94ddfff48276ec365b40227561f36b1b64bc8/Sub5.txt
2026-06-04 02:40:31,653 | INFO     |   → 474/927 ❌ HTTP 404 — https://raw.githubusercontent.com/barry-far/V2ray-Configs/main/Splitted-By-Protocol/hysteria2.txt
2026-06-04 02:40:31,653 | INFO     |   → 475/927 ❌ HTTP 404 — https://raw.githubusercontent.com/barry-far/V2ray-Configs/main/Splitted-By-Protocol/vless.txt
2026-06-04 02:40:31,653 | INFO     |   → 476/927 ❌ HTTP 404 — https://raw.githubusercontent.com/barry-far/V2ray-Configs/main/Sub1.txt
2026-06-04 02:40:31,653 | INFO     |   → 477/927 ❌ HTTP 404 — https://raw.githubusercontent.com/barry-far/V2ray-Configs/refs/heads/main/All_Configs_Sub.txt
2026-06-04 02:40:31,653 | INFO     |   → 478/927: ✅ 0 взято | 🗑️ 321 мусор
2026-06-04 02:40:31,653 | INFO     |   → 479/927: ✅ 0 взято | 🗑️ 2395 мусор
2026-06-04 02:40:31,653 | INFO     |   → 480/927: ✅ 0 взято | 🗑️ 153 мусор
2026-06-04 02:40:31,653 | INFO     |   → 481/927: ✅ 0 взято | 🗑️ 0 мусор
2026-06-04 02:40:31,653 | INFO     |   → 482/927 ❌ HTTP 404 — https://raw.githubusercontent.com/budamu/clashconfig/main/v2ray.txt
2026-06-04 02:40:31,653 | INFO     |   → 483/927 ❌ HTTP 404 — https://raw.githubusercontent.com/budamu/clashconfig/main/v2ray2.txt
2026-06-04 02:40:31,653 | INFO     |   → 484/927 ❌ HTTP 404 — https://raw.githubusercontent.com/bywarm/whitelists-vpns-etc/main/whitelists1-4pda.txt
2026-06-04 02:40:31,653 | INFO     |   → 485/927: ✅ 0 взято | 🗑️ 3 мусор
2026-06-04 02:40:31,653 | INFO     |   → 486/927: ✅ 0 взято | 🗑️ 0 мусор
2026-06-04 02:40:31,653 | INFO     |   → 487/927: ✅ 0 взято | 🗑️ 3 мусор
2026-06-04 02:40:31,653 | INFO     |   → 488/927: ✅ 0 взято | 🗑️ 0 мусор
2026-06-04 02:40:31,653 | INFO     |   → 489/927: ✅ 0 взято | 🗑️ 442 мусор
2026-06-04 02:40:31,654 | INFO     |   → 490/927: ✅ 0 взято | 🗑️ 0 мусор
2026-06-04 02:40:31,654 | INFO     |   → 491/927 ❌ HTTP 404 — https://raw.githubusercontent.com/chxxyz2004/zd/17fca23b73c46b5dd73e9be49b14d219b5e5f836/sub/2401/240110.txt
2026-06-04 02:40:31,654 | INFO     |   → 492/927: ✅ 0 взято | 🗑️ 44 мусор
2026-06-04 02:40:31,654 | INFO     |   → 493/927: ✅ 356 взято | 🗑️ 5284 мусор
2026-06-04 02:40:31,654 | INFO     |   → 494/927: ✅ 236 взято | 🗑️ 517 мусор
2026-06-04 02:40:31,654 | INFO     |   → 495/927 ❌ HTTP 404 — https://raw.githubusercontent.com/cxr9912/cxr2022/main/free.yaml
2026-06-04 02:40:31,654 | INFO     |   → 496/927 ❌ HTTP 404 — https://raw.githubusercontent.com/cxr9912/cxr2022/main/mix.yaml
2026-06-04 02:40:31,654 | INFO     |   → 497/927 ❌ HTTP 404 — https://raw.githubusercontent.com/cxr9912/cxr2022/main/ss.yaml
2026-06-04 02:40:31,654 | INFO     |   → 498/927 ❌ HTTP 404 — https://raw.githubusercontent.com/cxr9912/cxr2022/main/ssr.yaml
2026-06-04 02:40:31,654 | INFO     |   → 499/927 ❌ HTTP 404 — https://raw.githubusercontent.com/cxr9912/cxr2022/main/vmess.yaml
2026-06-04 02:40:31,654 | INFO     |   → 500/927 ❌ HTTP 404 — https://raw.githubusercontent.com/cxr9912/cxr2022/refs/heads/main/18cj.json
2026-06-04 02:40:31,654 | INFO     |   → 501/927 ❌ HTTP 404 — https://raw.githubusercontent.com/cxr9912/cxr2022/refs/heads/main/aaaaaaaa.yaml
2026-06-04 02:40:31,654 | INFO     |   → 502/927 ❌ HTTP 404 — https://raw.githubusercontent.com/cxr9912/cxr2022/refs/heads/main/free.yaml
2026-06-04 02:40:31,654 | INFO     |   → 503/927 ❌ HTTP 404 — https://raw.githubusercontent.com/cxr9912/cxr2022/refs/heads/main/ss2088.txt
2026-06-04 02:40:31,654 | INFO     |   → 504/927: ✅ 0 взято | 🗑️ 18 мусор
2026-06-04 02:40:31,654 | INFO     |   → 505/927: ✅ 0 взято | 🗑️ 18 мусор
2026-06-04 02:40:31,654 | INFO     |   → 506/927: ✅ 6 взято | 🗑️ 78 мусор
2026-06-04 02:40:31,654 | INFO     |   → 507/927: ✅ 6 взято | 🗑️ 4 мусор
2026-06-04 02:40:31,654 | INFO     |   → 508/927: ✅ 0 взято | 🗑️ 2 мусор
2026-06-04 02:40:31,654 | INFO     |   → 509/927: ✅ 0 взято | 🗑️ 2 мусор
2026-06-04 02:40:31,654 | INFO     |   → 510/927: ✅ 0 взято | 🗑️ 2 мусор
2026-06-04 02:40:31,654 | INFO     |   → 511/927: ✅ 0 взято | 🗑️ 3 мусор
2026-06-04 02:40:31,654 | INFO     |   → 512/927: ✅ 0 взято | 🗑️ 2 мусор
2026-06-04 02:40:31,654 | INFO     |   → 513/927: ✅ 0 взято | 🗑️ 9 мусор
2026-06-04 02:40:31,654 | INFO     |   → 514/927: ✅ 1 взято | 🗑️ 1 мусор
2026-06-04 02:40:31,654 | INFO     |   → 515/927: ✅ 0 взято | 🗑️ 10 мусор
2026-06-04 02:40:31,654 | INFO     |   → 516/927: ✅ 0 взято | 🗑️ 2 мусор
2026-06-04 02:40:31,654 | INFO     |   → 517/927: ✅ 0 взято | 🗑️ 0 мусор
2026-06-04 02:40:31,655 | INFO     |   → 518/927: ✅ 0 взято | 🗑️ 0 мусор
2026-06-04 02:40:31,655 | INFO     |   → 519/927: ✅ 6633 взято | 🗑️ 131019 мусор
2026-06-04 02:40:31,655 | INFO     |   → 520/927: ✅ 6 взято | 🗑️ 142 мусор
2026-06-04 02:40:31,655 | INFO     |   → 521/927: ✅ 7091 взято | 🗑️ 141096 мусор
2026-06-04 02:40:31,655 | INFO     |   → 522/927: ✅ 5023 взято | 🗑️ 94730 мусор
2026-06-04 02:40:31,655 | INFO     |   → 523/927: ✅ 85 взято | 🗑️ 5717 мусор
2026-06-04 02:40:31,655 | INFO     |   → 524/927: ✅ 0 взято | 🗑️ 131019 мусор
2026-06-04 02:40:31,655 | INFO     |   → 525/927: ✅ 0 взято | 🗑️ 142 мусор
2026-06-04 02:40:31,655 | INFO     |   → 526/927: ✅ 6 взято | 🗑️ 113 мусор
2026-06-04 02:40:31,655 | INFO     |   → 527/927: ✅ 0 взято | 🗑️ 0 мусор
2026-06-04 02:40:31,655 | INFO     |   → 528/927: ✅ 7 взято | 🗑️ 19 мусор
2026-06-04 02:40:31,655 | INFO     |   → 529/927: ✅ 0 взято | 🗑️ 0 мусор
2026-06-04 02:40:31,655 | INFO     |   → 530/927: ✅ 13 взято | 🗑️ 19 мусор
2026-06-04 02:40:31,655 | INFO     |   → 531/927: ✅ 0 взято | 🗑️ 5 мусор
2026-06-04 02:40:31,655 | INFO     |   → 532/927: ✅ 2 взято | 🗑️ 80 мусор
2026-06-04 02:40:31,655 | INFO     |   → 533/927: ✅ 0 взято | 🗑️ 0 мусор
2026-06-04 02:40:31,655 | INFO     |   → 534/927: ✅ 5 взято | 🗑️ 169 мусор
2026-06-04 02:40:31,655 | INFO     |   → 535/927: ✅ 34 взято | 🗑️ 121 мусор
2026-06-04 02:40:31,655 | INFO     |   → 536/927: ✅ 4 взято | 🗑️ 97 мусор
2026-06-04 02:40:31,655 | INFO     |   → 537/927 ❌ HTTP 404 — https://raw.githubusercontent.com/free18/v2ray/main/Clash.yaml
2026-06-04 02:40:31,655 | INFO     |   → 538/927: ✅ 0 взято | 🗑️ 0 мусор
2026-06-04 02:40:31,655 | INFO     |   → 539/927: ✅ 46 взято | 🗑️ 121 мусор
2026-06-04 02:40:31,655 | INFO     |   → 540/927: ✅ 0 взято | 🗑️ 0 мусор
2026-06-04 02:40:31,655 | INFO     |   → 541/927: ✅ 0 взято | 🗑️ 15 мусор
2026-06-04 02:40:31,655 | INFO     |   → 542/927: ✅ 0 взято | 🗑️ 0 мусор
2026-06-04 02:40:31,655 | INFO     |   → 543/927: ✅ 0 взято | 🗑️ 8 мусор
2026-06-04 02:40:31,656 | INFO     |   → 544/927: ✅ 0 взято | 🗑️ 8 мусор
2026-06-04 02:40:31,656 | INFO     |   → 545/927: ✅ 0 взято | 🗑️ 8 мусор
2026-06-04 02:40:31,656 | INFO     |   → 546/927: ✅ 0 взято | 🗑️ 8 мусор
2026-06-04 02:40:31,656 | INFO     |   → 547/927 ❌ HTTP 404 — https://raw.githubusercontent.com/freev2rayconfig/V2RAY_SUB/3e6a7786a1601ee3723e8d043ae79e70dbdfd9a8/v2rayconfigs.txt
2026-06-04 02:40:31,656 | INFO     |   → 548/927 ❌ HTTP 404 — https://raw.githubusercontent.com/freev2rayconfig/V2RAY_SUBSCRIPTION_LINK/main/v2rayconfigs.txt
2026-06-04 02:40:31,656 | INFO     |   → 549/927: ✅ 0 взято | 🗑️ 5 мусор
2026-06-04 02:40:31,656 | INFO     |   → 550/927 ❌ HTTP 404 — https://raw.githubusercontent.com/gfpcom/free-proxy-list/main/list/http.txt
2026-06-04 02:40:31,656 | INFO     |   → 551/927 ❌ HTTP 404 — https://raw.githubusercontent.com/gfpcom/free-proxy-list/main/list/https.txt
2026-06-04 02:40:31,656 | INFO     |   → 552/927 ❌ HTTP 404 — https://raw.githubusercontent.com/gfpcom/free-proxy-list/main/list/socks4.txt
2026-06-04 02:40:31,656 | INFO     |   → 553/927 ❌ HTTP 404 — https://raw.githubusercontent.com/gfpcom/free-proxy-list/main/list/socks4a.txt
2026-06-04 02:40:31,656 | INFO     |   → 554/927 ❌ HTTP 404 — https://raw.githubusercontent.com/gfpcom/free-proxy-list/main/list/socks5.txt
2026-06-04 02:40:31,656 | INFO     |   → 555/927 ❌ HTTP 404 — https://raw.githubusercontent.com/gfpcom/free-proxy-list/main/list/socks5h.txt
2026-06-04 02:40:31,656 | INFO     |   → 556/927 ❌ HTTP 404 — https://raw.githubusercontent.com/gfpcom/free-proxy-list/main/list/ss.txt
2026-06-04 02:40:31,656 | INFO     |   → 557/927 ❌ HTTP 404 — https://raw.githubusercontent.com/gfpcom/free-proxy-list/main/list/ssr.txt
2026-06-04 02:40:31,656 | INFO     |   → 558/927 ❌ HTTP 404 — https://raw.githubusercontent.com/gfpcom/free-proxy-list/main/list/trojan.txt
2026-06-04 02:40:31,656 | INFO     |   → 559/927 ❌ HTTP 404 — https://raw.githubusercontent.com/gfpcom/free-proxy-list/main/list/vless.txt
2026-06-04 02:40:31,656 | INFO     |   → 560/927 ❌ HTTP 404 — https://raw.githubusercontent.com/gfpcom/free-proxy-list/main/list/vmess.txt
2026-06-04 02:40:31,656 | INFO     |   → 561/927: ✅ 0 взято | 🗑️ 17 мусор
2026-06-04 02:40:31,656 | INFO     |   → 562/927: ✅ 0 взято | 🗑️ 0 мусор
2026-06-04 02:40:31,656 | INFO     |   → 563/927: ✅ 0 взято | 🗑️ 0 мусор
2026-06-04 02:40:31,656 | INFO     |   → 564/927: ✅ 4 взято | 🗑️ 63 мусор
2026-06-04 02:40:31,656 | INFO     |   → 565/927: ✅ 473 взято | 🗑️ 1912 мусор
2026-06-04 02:40:31,656 | INFO     |   → 566/927: ✅ 337 взято | 🗑️ 1266 мусор
2026-06-04 02:40:31,656 | INFO     |   → 567/927: ✅ 324 взято | 🗑️ 4198 мусор
2026-06-04 02:40:31,656 | INFO     |   → 568/927: ✅ 12 взято | 🗑️ 2295 мусор
2026-06-04 02:40:31,657 | INFO     |   → 569/927 ❌ HTTP 404 — https://raw.githubusercontent.com/hameed-maleki/TVC/89a4522969c57dcc22458cae9898426e5c4f2679/lite/config.txt
2026-06-04 02:40:31,657 | INFO     |   → 570/927: ✅ 0 взято | 🗑️ 0 мусор
2026-06-04 02:40:31,657 | INFO     |   → 571/927: ✅ 5 взято | 🗑️ 132 мусор
2026-06-04 02:40:31,657 | INFO     |   → 572/927: ✅ 0 взято | 🗑️ 56 мусор
2026-06-04 02:40:31,657 | INFO     |   → 573/927 ❌ HTTP 404 — https://raw.githubusercontent.com/hkaa0/permalink/main/proxy/V2ray
2026-06-04 02:40:31,657 | INFO     |   → 574/927: ✅ 2 взято | 🗑️ 131 мусор
2026-06-04 02:40:31,657 | INFO     |   → 575/927 ❌ HTTP 404 — https://raw.githubusercontent.com/hkaa0/permalink/main/proxy/clash
2026-06-04 02:40:31,657 | INFO     |   → 576/927 ❌ HTTP 404 — https://raw.githubusercontent.com/hkpc/Autoproxy/6cf946ddfc677a29062007e4b47d70674474baa7/sub/2401/240110.txt
2026-06-04 02:40:31,657 | INFO     |   → 577/927 ❌ HTTP 404 — https://raw.githubusercontent.com/hkpc/V2ray-Configs/7d9aa0dabf947af180a7dd6302818ed37950531a/Sub1.txt
2026-06-04 02:40:31,657 | INFO     |   → 578/927: ✅ 0 взято | 🗑️ 14 мусор
2026-06-04 02:40:31,657 | INFO     |   → 579/927: ✅ 0 взято | 🗑️ 16 мусор
2026-06-04 02:40:31,657 | INFO     |   → 580/927 ❌ HTTP 404 — https://raw.githubusercontent.com/iboxz/free-v2ray-collector/main/main
2026-06-04 02:40:31,657 | INFO     |   → 581/927: ✅ 102 взято | 🗑️ 282 мусор
2026-06-04 02:40:31,657 | INFO     |   → 582/927: ✅ 0 взято | 🗑️ 25 мусор
2026-06-04 02:40:31,657 | INFO     |   → 583/927: ✅ 0 взято | 🗑️ 30 мусор
2026-06-04 02:40:31,657 | INFO     |   → 584/927: ✅ 0 взято | 🗑️ 213 мусор
2026-06-04 02:40:31,657 | INFO     |   → 585/927: ✅ 0 взято | 🗑️ 14 мусор
2026-06-04 02:40:31,657 | INFO     |   → 586/927: ✅ 15 взято | 🗑️ 10 мусор
2026-06-04 02:40:31,657 | INFO     |   → 587/927: ✅ 87 взято | 🗑️ 18 мусор
2026-06-04 02:40:31,657 | INFO     |   → 588/927: ✅ 0 взято | 🗑️ 28 мусор
2026-06-04 02:40:31,657 | INFO     |   → 589/927 ❌ HTTP 404 — https://raw.githubusercontent.com/igareck/vpn-configs-for-russia/refs/heads/main/Vless-Reality-White-Lists-Rus-Cable.txt
2026-06-04 02:40:31,657 | INFO     |   → 590/927: ✅ 93 взято | 🗑️ 20 мусор
2026-06-04 02:40:31,657 | INFO     |   → 591/927: ✅ 0 взято | 🗑️ 0 мусор
2026-06-04 02:40:31,658 | INFO     |   → 592/927: ✅ 0 взято | 🗑️ 0 мусор
2026-06-04 02:40:31,658 | INFO     |   → 593/927: ✅ 0 взято | 🗑️ 9 мусор
2026-06-04 02:40:31,658 | INFO     |   → 594/927: ✅ 8 взято | 🗑️ 373 мусор
2026-06-04 02:40:31,658 | INFO     |   → 595/927: ✅ 0 взято | 🗑️ 0 мусор
2026-06-04 02:40:31,658 | INFO     |   → 596/927: ✅ 0 взято | 🗑️ 0 мусор
2026-06-04 02:40:31,658 | INFO     |   → 597/927: ✅ 0 взято | 🗑️ 12 мусор
2026-06-04 02:40:31,658 | INFO     |   → 598/927: ✅ 0 взято | 🗑️ 43 мусор
2026-06-04 02:40:31,658 | INFO     |   → 599/927 ❌ HTTP 404 — https://raw.githubusercontent.com/jw853355718/clash_233/master/config.yml
2026-06-04 02:40:31,658 | INFO     |   → 600/927: ✅ 0 взято | 🗑️ 210 мусор
2026-06-04 02:40:31,658 | INFO     |   → 601/927: ✅ 0 взято | 🗑️ 0 мусор
2026-06-04 02:40:31,658 | INFO     |   → 602/927 ❌ HTTP 404 — https://raw.githubusercontent.com/kismetpro/NodeSuber/main/Splitted-By-Protocol/vless.txt
2026-06-04 02:40:31,658 | INFO     |   → 603/927 ❌ HTTP 404 — https://raw.githubusercontent.com/kismetpro/NodeSuber/main/out/All_Configs_Sub.txt
2026-06-04 02:40:31,658 | INFO     |   → 604/927 ❌ HTTP 404 — https://raw.githubusercontent.com/kort0881/vpn-key-vless/main/subscriptions/all.txt
2026-06-04 02:40:31,658 | INFO     |   → 605/927: ✅ 224 взято | 🗑️ 176 мусор
2026-06-04 02:40:31,658 | INFO     |   → 606/927: ✅ 0 взято | 🗑️ 29 мусор
2026-06-04 02:40:31,658 | INFO     |   → 607/927 ❌ HTTP 404 — https://raw.githubusercontent.com/koteey/Ms.Kerosin-VPN/main/proxies.txt
2026-06-04 02:40:31,658 | INFO     |   → 608/927: ✅ 532 взято | 🗑️ 1494 мусор
2026-06-04 02:40:31,658 | INFO     |   → 609/927: ✅ 1 взято | 🗑️ 121 мусор
2026-06-04 02:40:31,658 | INFO     |   → 610/927: ✅ 0 взято | 🗑️ 0 мусор
2026-06-04 02:40:31,658 | INFO     |   → 611/927 ❌ HTTP 404 — https://raw.githubusercontent.com/lcx12901/v2ray-/master/sspool.herokuapp.com/yzcloud.yaml
2026-06-04 02:40:31,658 | INFO     |   → 612/927 ❌ HTTP 404 — https://raw.githubusercontent.com/lcx12901/v2ray-/master/sspool.herokuapp.com/yzcloud2.yaml
2026-06-04 02:40:31,658 | INFO     |   → 613/927: ✅ 0 взято | 🗑️ 0 мусор
2026-06-04 02:40:31,658 | INFO     |   → 614/927 ❌ HTTP 404 — https://raw.githubusercontent.com/learnhard-cn/free_proxy_ss/main/clash/config.yaml
2026-06-04 02:40:31,658 | INFO     |   → 615/927: ✅ 0 взято | 🗑️ 8 мусор
2026-06-04 02:40:31,658 | INFO     |   → 616/927: ✅ 0 взято | 🗑️ 4 мусор
2026-06-04 02:40:31,658 | INFO     |   → 617/927: ✅ 0 взято | 🗑️ 0 мусор
2026-06-04 02:40:31,659 | INFO     |   → 618/927: ✅ 0 взято | 🗑️ 4 мусор
2026-06-04 02:40:31,659 | INFO     |   → 619/927: ✅ 0 взято | 🗑️ 149 мусор
2026-06-04 02:40:31,659 | INFO     |   → 620/927: ✅ 0 взято | 🗑️ 421 мусор
2026-06-04 02:40:31,659 | INFO     |   → 621/927: ✅ 213 взято | 🗑️ 1155 мусор
2026-06-04 02:40:31,659 | INFO     |   → 622/927 ❌ HTTP 404 — https://raw.githubusercontent.com/lisylva-lee/v2dyku/main/ssr
2026-06-04 02:40:31,659 | INFO     |   → 623/927 ❌ HTTP 404 — https://raw.githubusercontent.com/lisylva-lee/v2dyku/main/v2dy
2026-06-04 02:40:31,659 | INFO     |   → 624/927: ✅ 0 взято | 🗑️ 53 мусор
2026-06-04 02:40:31,659 | INFO     |   → 625/927: ✅ 0 взято | 🗑️ 0 мусор
2026-06-04 02:40:31,659 | INFO     |   → 626/927: ✅ 0 взято | 🗑️ 0 мусор
2026-06-04 02:40:31,659 | INFO     |   → 627/927 ❌ HTTP 404 — https://raw.githubusercontent.com/luxl-1379/merge/77247d23def72b25226dfa741614e9b07a569c72/sub/sub_merge_base64.txt
2026-06-04 02:40:31,659 | INFO     |   → 628/927 ❌ HTTP 404 — https://raw.githubusercontent.com/luxl-1379/merge/main/sub/sub_merge_base64.txt
2026-06-04 02:40:31,659 | INFO     |   → 629/927: ✅ 146 взято | 🗑️ 343 мусор
2026-06-04 02:40:31,659 | INFO     |   → 630/927: ✅ 0 взято | 🗑️ 0 мусор
2026-06-04 02:40:31,659 | INFO     |   → 631/927: ✅ 0 взято | 🗑️ 131 мусор
2026-06-04 02:40:31,659 | INFO     |   → 632/927: ✅ 0 взято | 🗑️ 131 мусор
2026-06-04 02:40:31,659 | INFO     |   → 633/927: ✅ 0 взято | 🗑️ 0 мусор
2026-06-04 02:40:31,659 | INFO     |   → 634/927: ✅ 0 взято | 🗑️ 0 мусор
2026-06-04 02:40:31,659 | INFO     |   → 635/927: ✅ 0 взято | 🗑️ 3519 мусор
2026-06-04 02:40:31,659 | INFO     |   → 636/927: ✅ 0 взято | 🗑️ 131 мусор
2026-06-04 02:40:31,659 | INFO     |   → 637/927: ✅ 0 взято | 🗑️ 0 мусор
2026-06-04 02:40:31,659 | INFO     |   → 638/927: ✅ 0 взято | 🗑️ 3519 мусор
2026-06-04 02:40:31,659 | INFO     |   → 639/927: ✅ 0 взято | 🗑️ 0 мусор
2026-06-04 02:40:31,659 | INFO     |   → 640/927: ✅ 20 взято | 🗑️ 370 мусор
2026-06-04 02:40:31,659 | INFO     |   → 641/927: ✅ 0 взято | 🗑️ 370 мусор
2026-06-04 02:40:31,659 | INFO     |   → 642/927 ❌ HTTP 404 — https://raw.githubusercontent.com/mermeroo/Clash-V2ray/main/v2ray
2026-06-04 02:40:31,660 | INFO     |   → 643/927: ✅ 714 взято | 🗑️ 6258 мусор
2026-06-04 02:40:31,660 | INFO     |   → 644/927: ✅ 15 взято | 🗑️ 417 мусор
2026-06-04 02:40:31,660 | INFO     |   → 645/927: ✅ 6 взято | 🗑️ 102 мусор
2026-06-04 02:40:31,660 | INFO     |   → 646/927: ✅ 0 взято | 🗑️ 6258 мусор
2026-06-04 02:40:31,660 | INFO     |   → 647/927: ✅ 8 взято | 🗑️ 853 мусор
2026-06-04 02:40:31,660 | INFO     |   → 648/927: ✅ 0 взято | 🗑️ 853 мусор
2026-06-04 02:40:31,660 | INFO     |   → 649/927: ✅ 32 взято | 🗑️ 69 мусор
2026-06-04 02:40:31,660 | INFO     |   → 650/927 ❌ HTTP 404 — https://raw.githubusercontent.com/mermeroo/free-v2ray-collector/main/main/mix
2026-06-04 02:40:31,660 | INFO     |   → 651/927 ❌ HTTP 404 — https://raw.githubusercontent.com/mermeroo/free-v2ray-collector/main/main/reality
2026-06-04 02:40:31,660 | INFO     |   → 652/927 ❌ HTTP 404 — https://raw.githubusercontent.com/mermeroo/free-v2ray-collector/main/main/shadowsocks
2026-06-04 02:40:31,660 | INFO     |   → 653/927 ❌ HTTP 404 — https://raw.githubusercontent.com/mermeroo/free-v2ray-collector/main/main/trojan
2026-06-04 02:40:31,660 | INFO     |   → 654/927 ❌ HTTP 404 — https://raw.githubusercontent.com/mermeroo/free-v2ray-collector/main/main/vless
2026-06-04 02:40:31,660 | INFO     |   → 655/927 ❌ HTTP 404 — https://raw.githubusercontent.com/mermeroo/free-v2ray-collector/main/main/vmess
2026-06-04 02:40:31,660 | INFO     |   → 656/927: ✅ 0 взято | 🗑️ 0 мусор
2026-06-04 02:40:31,660 | INFO     |   → 657/927: ✅ 0 взято | 🗑️ 0 мусор
2026-06-04 02:40:31,660 | INFO     |   → 658/927 ❌ HTTP 404 — https://raw.githubusercontent.com/mfuu/v2ray/master/merge/merge.txt
2026-06-04 02:40:31,660 | INFO     |   → 659/927: ✅ 0 взято | 🗑️ 306 мусор
2026-06-04 02:40:31,660 | INFO     |   → 660/927: ✅ 0 взято | 🗑️ 306 мусор
2026-06-04 02:40:31,660 | INFO     |   → 661/927: ✅ 0 взято | 🗑️ 25 мусор
2026-06-04 02:40:31,660 | INFO     |   → 662/927: ✅ 528 взято | 🗑️ 13110 мусор
2026-06-04 02:40:31,660 | INFO     |   → 663/927: ✅ 0 взято | 🗑️ 13110 мусор
2026-06-04 02:40:31,660 | INFO     |   → 664/927: ✅ 0 взято | 🗑️ 2765 мусор
2026-06-04 02:40:31,660 | INFO     |   → 665/927: ✅ 0 взято | 🗑️ 1789 мусор
2026-06-04 02:40:31,661 | INFO     |   → 666/927: ✅ 0 взято | 🗑️ 4439 мусор
2026-06-04 02:40:31,661 | INFO     |   → 667/927: ✅ 0 взято | 🗑️ 4117 мусор
2026-06-04 02:40:31,661 | INFO     |   → 668/927 ❌ HTTP 404 — https://raw.githubusercontent.com/miladtahanian/V2RayCFGDumper/refs/heads/main/config.txt
2026-06-04 02:40:31,661 | INFO     |   → 669/927 ❌ HTTP 404 — https://raw.githubusercontent.com/miladtahanian/multi-proxy-config-fetcher/refs/heads/main/configs/proxy_configs.txt
2026-06-04 02:40:31,661 | INFO     |   → 670/927: ✅ 0 взято | 🗑️ 0 мусор
2026-06-04 02:40:31,661 | INFO     |   → 671/927: ✅ 0 взято | 🗑️ 0 мусор
2026-06-04 02:40:31,661 | INFO     |   → 672/927: ✅ 0 взято | 🗑️ 0 мусор
2026-06-04 02:40:31,661 | INFO     |   → 673/927: ✅ 15 взято | 🗑️ 46 мусор
2026-06-04 02:40:31,661 | INFO     |   → 674/927: ✅ 0 взято | 🗑️ 11 мусор
2026-06-04 02:40:31,661 | INFO     |   → 675/927: ✅ 0 взято | 🗑️ 213 мусор
2026-06-04 02:40:31,661 | INFO     |   → 676/927: ✅ 0 взято | 🗑️ 33 мусор
2026-06-04 02:40:31,661 | INFO     |   → 677/927: ✅ 0 взято | 🗑️ 0 мусор
2026-06-04 02:40:31,661 | INFO     |   → 678/927: ✅ 28 взято | 🗑️ 93 мусор
2026-06-04 02:40:31,661 | INFO     |   → 679/927: ✅ 74 взято | 🗑️ 425 мусор
2026-06-04 02:40:31,661 | INFO     |   → 680/927: ✅ 168 взято | 🗑️ 330 мусор
2026-06-04 02:40:31,661 | INFO     |   → 681/927: ✅ 0 взято | 🗑️ 0 мусор
2026-06-04 02:40:31,661 | INFO     |   → 682/927: ✅ 15 взято | 🗑️ 70 мусор
2026-06-04 02:40:31,661 | INFO     |   → 683/927: ✅ 127 взято | 🗑️ 492 мусор
2026-06-04 02:40:31,661 | INFO     |   → 684/927: ✅ 331 взято | 🗑️ 190 мусор
2026-06-04 02:40:31,661 | INFO     |   → 685/927: ✅ 0 взято | 🗑️ 1720 мусор
2026-06-04 02:40:31,661 | INFO     |   → 686/927: ✅ 37 взято | 🗑️ 1096 мусор
2026-06-04 02:40:31,661 | INFO     |   → 687/927: ✅ 5 взято | 🗑️ 134 мусор
2026-06-04 02:40:31,661 | INFO     |   → 688/927: ✅ 0 взято | 🗑️ 686 мусор
2026-06-04 02:40:31,662 | INFO     |   → 689/927 ❌ HTTP 404 — https://raw.githubusercontent.com/obscure1990/freeVM/master/snippets/nodes.yml
2026-06-04 02:40:31,662 | INFO     |   → 690/927: ✅ 1181 взято | 🗑️ 177 мусор
2026-06-04 02:40:31,662 | INFO     |   → 691/927 ❌ HTTP 404 — https://raw.githubusercontent.com/op30mmd/things/909b38024ba14d69dc0f95c238f63bc6e930a00f/eut.txt
2026-06-04 02:40:31,662 | INFO     |   → 692/927 ❌ HTTP 404 — https://raw.githubusercontent.com/openRunner/clash-freenode/main/v2ray.txt
2026-06-04 02:40:31,662 | INFO     |   → 693/927 ❌ HTTP 404 — https://raw.githubusercontent.com/oslook/clash-freenode/main/clash.yaml
2026-06-04 02:40:31,662 | INFO     |   → 694/927: ✅ 0 взято | 🗑️ 0 мусор
2026-06-04 02:40:31,662 | INFO     |   → 695/927: ✅ 4 взято | 🗑️ 1 мусор
2026-06-04 02:40:31,662 | INFO     |   → 696/927: ✅ 0 взято | 🗑️ 0 мусор
2026-06-04 02:40:31,662 | INFO     |   → 697/927: ✅ 0 взято | 🗑️ 3 мусор
2026-06-04 02:40:31,662 | INFO     |   → 698/927: ✅ 0 взято | 🗑️ 0 мусор
2026-06-04 02:40:31,662 | INFO     |   → 699/927: ✅ 0 взято | 🗑️ 3 мусор
2026-06-04 02:40:31,662 | INFO     |   → 700/927: ✅ 0 взято | 🗑️ 3 мусор
2026-06-04 02:40:31,662 | INFO     |   → 701/927: ✅ 4 взято | 🗑️ 3 мусор
2026-06-04 02:40:31,662 | INFO     |   → 702/927: ✅ 6703 взято | 🗑️ 35561 мусор
2026-06-04 02:40:31,662 | INFO     |   → 703/927: ✅ 0 взято | 🗑️ 0 мусор
2026-06-04 02:40:31,662 | INFO     |   → 704/927: ✅ 0 взято | 🗑️ 0 мусор
2026-06-04 02:40:31,662 | INFO     |   → 705/927: ✅ 0 взято | 🗑️ 19 мусор
2026-06-04 02:40:31,662 | INFO     |   → 706/927: ✅ 0 взято | 🗑️ 0 мусор
2026-06-04 02:40:31,662 | INFO     |   → 707/927: ✅ 0 взято | 🗑️ 97 мусор
2026-06-04 02:40:31,662 | INFO     |   → 708/927: ✅ 0 взято | 🗑️ 1 мусор
2026-06-04 02:40:31,662 | INFO     |   → 709/927: ✅ 0 взято | 🗑️ 44 мусор
2026-06-04 02:40:31,662 | INFO     |   → 710/927: ✅ 63 взято | 🗑️ 521 мусор
2026-06-04 02:40:31,662 | INFO     |   → 711/927: ✅ 165 взято | 🗑️ 273 мусор
2026-06-04 02:40:31,663 | INFO     |   → 712/927: ✅ 0 взято | 🗑️ 0 мусор
2026-06-04 02:40:31,663 | INFO     |   → 713/927: ✅ 13 взято | 🗑️ 211 мусор
2026-06-04 02:40:31,663 | INFO     |   → 714/927: ✅ 3 взято | 🗑️ 56 мусор
2026-06-04 02:40:31,663 | INFO     |   → 715/927: ✅ 0 взято | 🗑️ 79 мусор
2026-06-04 02:40:31,663 | INFO     |   → 716/927: ✅ 13 взято | 🗑️ 32 мусор
2026-06-04 02:40:31,663 | INFO     |   → 717/927: ✅ 0 взято | 🗑️ 0 мусор
2026-06-04 02:40:31,663 | INFO     |   → 718/927: ✅ 2 взято | 🗑️ 9 мусор
2026-06-04 02:40:31,663 | INFO     |   → 719/927: ✅ 11 взято | 🗑️ 76 мусор
2026-06-04 02:40:31,663 | INFO     |   → 720/927: ✅ 0 взято | 🗑️ 168 мусор
2026-06-04 02:40:31,663 | INFO     |   → 721/927: ✅ 0 взято | 🗑️ 79 мусор
2026-06-04 02:40:31,663 | INFO     |   → 722/927: ✅ 0 взято | 🗑️ 0 мусор
2026-06-04 02:40:31,663 | INFO     |   → 723/927: ✅ 0 взято | 🗑️ 15 мусор
2026-06-04 02:40:31,663 | INFO     |   → 724/927 ❌ HTTP 404 — https://raw.githubusercontent.com/ronghuaxueleng/get_v2/main/pub/changfengoss.yaml
2026-06-04 02:40:31,663 | INFO     |   → 725/927: ✅ 0 взято | 🗑️ 0 мусор
2026-06-04 02:40:31,663 | INFO     |   → 726/927: ✅ 26 взято | 🗑️ 83 мусор
2026-06-04 02:40:31,663 | INFO     |   → 727/927: ✅ 0 взято | 🗑️ 83 мусор
2026-06-04 02:40:31,663 | INFO     |   → 728/927 ❌ HTTP 404 — https://raw.githubusercontent.com/rxsweet/CM_Vmess/refs/heads/main/test.txt
2026-06-04 02:40:31,663 | INFO     |   → 729/927 ❌ HTTP 404 — https://raw.githubusercontent.com/rxsweet/proxies/main/sub/free.yaml
2026-06-04 02:40:31,663 | INFO     |   → 730/927 ❌ HTTP 404 — https://raw.githubusercontent.com/rxsweet/proxies/main/sub/rx.yaml
2026-06-04 02:40:31,663 | INFO     |   → 731/927 ❌ HTTP 404 — https://raw.githubusercontent.com/rxsweet/proxies/main/sub/sources/dynamicAll.yaml
2026-06-04 02:40:31,663 | INFO     |   → 732/927 ❌ HTTP 404 — https://raw.githubusercontent.com/rxsweet/proxies/main/sub/sources/miningAll.yaml
2026-06-04 02:40:31,663 | INFO     |   → 733/927 ❌ HTTP 404 — https://raw.githubusercontent.com/rxsweet/proxies/main/sub/srx.yaml
2026-06-04 02:40:31,664 | INFO     |   → 734/927: ✅ 331 взято | 🗑️ 1534 мусор
2026-06-04 02:40:31,664 | INFO     |   → 735/927 ❌ HTTP 404 — https://raw.githubusercontent.com/sajad-sajadi/V2ray-Collector/raw/main/output/protocols/vmess.txt
2026-06-04 02:40:31,664 | INFO     |   → 736/927: ✅ 1348 взято | 🗑️ 1699 мусор
2026-06-04 02:40:31,664 | INFO     |   → 737/927 ❌ HTTP 404 — https://raw.githubusercontent.com/sakha1370/OpenRay/raw/refs/heads/main/output/all_valid_proxies.txt
2026-06-04 02:40:31,664 | INFO     |   → 738/927: ✅ 2 взято | 🗑️ 399 мусор
2026-06-04 02:40:31,664 | INFO     |   → 739/927: ✅ 0 взято | 🗑️ 399 мусор
2026-06-04 02:40:31,664 | INFO     |   → 740/927 ❌ HTTP 404 — https://raw.githubusercontent.com/samjoeyang/subscribe/main/fly
2026-06-04 02:40:31,664 | INFO     |   → 741/927: ✅ 0 взято | 🗑️ 0 мусор
2026-06-04 02:40:31,664 | INFO     |   → 742/927 ❌ HTTP 404 — https://raw.githubusercontent.com/satrom/V2SSR/master/SSR/Sub.txt
2026-06-04 02:40:31,664 | INFO     |   → 743/927 ❌ HTTP 404 — https://raw.githubusercontent.com/satrom/V2SSR/master/V2RAY/Sub.txt
2026-06-04 02:40:31,664 | INFO     |   → 744/927: ✅ 5113 взято | 🗑️ 106510 мусор
2026-06-04 02:40:31,664 | INFO     |   → 745/927: ✅ 0 взято | 🗑️ 0 мусор
2026-06-04 02:40:31,664 | INFO     |   → 746/927: ✅ 0 взято | 🗑️ 0 мусор
2026-06-04 02:40:31,664 | INFO     |   → 747/927: ✅ 3 взято | 🗑️ 49 мусор
2026-06-04 02:40:31,664 | INFO     |   → 748/927: ✅ 253 взято | 🗑️ 1548 мусор
2026-06-04 02:40:31,664 | INFO     |   → 749/927: ✅ 0 взято | 🗑️ 783 мусор
2026-06-04 02:40:31,664 | INFO     |   → 750/927: ✅ 0 взято | 🗑️ 81 мусор
2026-06-04 02:40:31,664 | INFO     |   → 751/927: ✅ 0 взято | 🗑️ 659 мусор
2026-06-04 02:40:31,664 | INFO     |   → 752/927: ✅ 0 взято | 🗑️ 25 мусор
2026-06-04 02:40:31,664 | INFO     |   → 753/927: ✅ 0 взято | 🗑️ 1548 мусор
2026-06-04 02:40:31,664 | INFO     |   → 754/927: ✅ 0 взято | 🗑️ 0 мусор
2026-06-04 02:40:31,664 | INFO     |   → 755/927: ✅ 0 взято | 🗑️ 0 мусор
2026-06-04 02:40:31,664 | INFO     |   → 756/927 ❌ HTTP 404 — https://raw.githubusercontent.com/shirkerboy/scp/main/sub
2026-06-04 02:40:31,665 | INFO     |   → 757/927 ❌ HTTP 404 — https://raw.githubusercontent.com/skywrt/v2ray-Collector/master/v2ray
2026-06-04 02:40:31,665 | INFO     |   → 758/927 ❌ HTTP 404 — https://raw.githubusercontent.com/snakem982/proxypool/main/nodelist.txt
2026-06-04 02:40:31,665 | INFO     |   → 759/927: ✅ 0 взято | 🗑️ 0 мусор
2026-06-04 02:40:31,665 | INFO     |   → 760/927: ✅ 0 взято | 🗑️ 5 мусор
2026-06-04 02:40:31,665 | INFO     |   → 761/927 ❌ HTTP 404 — https://raw.githubusercontent.com/snakem982/proxypool/main/source/v2ray.txt
2026-06-04 02:40:31,665 | INFO     |   → 762/927 ❌ HTTP 404 — https://raw.githubusercontent.com/soroushmirzaei/telegram-configs-collector/main/channels/protocols/hysteria
2026-06-04 02:40:31,665 | INFO     |   → 763/927 ❌ HTTP 404 — https://raw.githubusercontent.com/soroushmirzaei/telegram-configs-collector/main/channels/protocols/juicity
2026-06-04 02:40:31,665 | INFO     |   → 764/927 ❌ HTTP 404 — https://raw.githubusercontent.com/soroushmirzaei/telegram-configs-collector/main/channels/protocols/reality
2026-06-04 02:40:31,665 | INFO     |   → 765/927 ❌ HTTP 404 — https://raw.githubusercontent.com/soroushmirzaei/telegram-configs-collector/main/channels/protocols/shadowsocks
2026-06-04 02:40:31,665 | INFO     |   → 766/927 ❌ HTTP 404 — https://raw.githubusercontent.com/soroushmirzaei/telegram-configs-collector/main/channels/protocols/trojan
2026-06-04 02:40:31,665 | INFO     |   → 767/927 ❌ HTTP 404 — https://raw.githubusercontent.com/soroushmirzaei/telegram-configs-collector/main/channels/protocols/tuic
2026-06-04 02:40:31,665 | INFO     |   → 768/927 ❌ HTTP 404 — https://raw.githubusercontent.com/soroushmirzaei/telegram-configs-collector/main/channels/protocols/vless
2026-06-04 02:40:31,665 | INFO     |   → 769/927 ❌ HTTP 404 — https://raw.githubusercontent.com/soroushmirzaei/telegram-configs-collector/main/channels/protocols/vmess
2026-06-04 02:40:31,665 | INFO     |   → 770/927 ❌ HTTP 404 — https://raw.githubusercontent.com/soroushmirzaei/telegram-configs-collector/main/countries/jp/mixed
2026-06-04 02:40:31,665 | INFO     |   → 771/927 ❌ HTTP 404 — https://raw.githubusercontent.com/soroushmirzaei/telegram-configs-collector/main/protocols/hysteria
2026-06-04 02:40:31,665 | INFO     |   → 772/927 ❌ HTTP 404 — https://raw.githubusercontent.com/soroushmirzaei/telegram-configs-collector/main/protocols/juicity
2026-06-04 02:40:31,665 | INFO     |   → 773/927 ❌ HTTP 404 — https://raw.githubusercontent.com/soroushmirzaei/telegram-configs-collector/main/protocols/reality
2026-06-04 02:40:31,665 | INFO     |   → 774/927 ❌ HTTP 404 — https://raw.githubusercontent.com/soroushmirzaei/telegram-configs-collector/main/protocols/shadowsocks
2026-06-04 02:40:31,665 | INFO     |   → 775/927 ❌ HTTP 404 — https://raw.githubusercontent.com/soroushmirzaei/telegram-configs-collector/main/protocols/trojan
2026-06-04 02:40:31,665 | INFO     |   → 776/927 ❌ HTTP 404 — https://raw.githubusercontent.com/soroushmirzaei/telegram-configs-collector/main/protocols/tuic
2026-06-04 02:40:31,665 | INFO     |   → 777/927 ❌ HTTP 404 — https://raw.githubusercontent.com/soroushmirzaei/telegram-configs-collector/main/protocols/vless
2026-06-04 02:40:31,665 | INFO     |   → 778/927 ❌ HTTP 404 — https://raw.githubusercontent.com/soroushmirzaei/telegram-configs-collector/main/protocols/vmess
2026-06-04 02:40:31,665 | INFO     |   → 779/927 ❌ HTTP 404 — https://raw.githubusercontent.com/soroushmirzaei/telegram-configs-collector/main/splitted/subscribe
2026-06-04 02:40:31,665 | INFO     |   → 780/927 ❌ HTTP 404 — https://raw.githubusercontent.com/ssrsub/ssr/master/Clash.yml
2026-06-04 02:40:31,666 | INFO     |   → 781/927 ❌ HTTP 404 — https://raw.githubusercontent.com/ssrsub/ssr/master/V2Ray
2026-06-04 02:40:31,666 | INFO     |   → 782/927 ❌ HTTP 404 — https://raw.githubusercontent.com/ssrsub/ssr/master/ss-sub
2026-06-04 02:40:31,666 | INFO     |   → 783/927 ❌ HTTP 404 — https://raw.githubusercontent.com/ssrsub/ssr/master/ssrsub
2026-06-04 02:40:31,666 | INFO     |   → 784/927 ❌ HTTP 404 — https://raw.githubusercontent.com/ssrsub/ssr/master/trojan
2026-06-04 02:40:31,666 | INFO     |   → 785/927 ❌ HTTP 404 — https://raw.githubusercontent.com/ssrsub/ssr/master/vless.txt
2026-06-04 02:40:31,666 | INFO     |   → 786/927: ✅ 0 взято | 🗑️ 0 мусор
2026-06-04 02:40:31,666 | INFO     |   → 787/927: ✅ 2 взято | 🗑️ 12 мусор
2026-06-04 02:40:31,666 | INFO     |   → 788/927: ✅ 0 взято | 🗑️ 13 мусор
2026-06-04 02:40:31,666 | INFO     |   → 789/927: ✅ 0 взято | 🗑️ 13 мусор
2026-06-04 02:40:31,666 | INFO     |   → 790/927 ❌ HTTP 404 — https://raw.githubusercontent.com/tbbatbb/Proxy/master/dist/clash.config.yaml
2026-06-04 02:40:31,666 | INFO     |   → 791/927: ✅ 63 взято | 🗑️ 237 мусор
2026-06-04 02:40:31,666 | INFO     |   → 792/927: ✅ 49 взято | 🗑️ 251 мусор
2026-06-04 02:40:31,666 | INFO     |   → 793/927: ✅ 25 взято | 🗑️ 275 мусор
2026-06-04 02:40:31,666 | INFO     |   → 794/927: ✅ 14 взято | 🗑️ 285 мусор
2026-06-04 02:40:31,666 | INFO     |   → 795/927: ✅ 48 взято | 🗑️ 252 мусор
2026-06-04 02:40:31,666 | INFO     |   → 796/927: ✅ 32 взято | 🗑️ 268 мусор
2026-06-04 02:40:31,666 | INFO     |   → 797/927: ✅ 99 взято | 🗑️ 201 мусор
2026-06-04 02:40:31,666 | INFO     |   → 798/927: ✅ 150 взято | 🗑️ 150 мусор
2026-06-04 02:40:31,666 | INFO     |   → 799/927 ❌ HTTP 404 — https://raw.githubusercontent.com/thuhollow2/myconfig/main/config.yaml
2026-06-04 02:40:31,666 | INFO     |   → 800/927: ✅ 2 взято | 🗑️ 35 мусор
2026-06-04 02:40:31,666 | INFO     |   → 801/927: ✅ 0 взято | 🗑️ 0 мусор
2026-06-04 02:40:31,666 | INFO     |   → 802/927: ✅ 5 взято | 🗑️ 111 мусор
2026-06-04 02:40:31,666 | INFO     |   → 803/927: ✅ 0 взято | 🗑️ 0 мусор
2026-06-04 02:40:31,666 | INFO     |   → 804/927: ✅ 0 взято | 🗑️ 67 мусор
2026-06-04 02:40:31,667 | INFO     |   → 805/927 ❌ HTTP 404 — https://raw.githubusercontent.com/v2clash/Autoproxy/a81f840ab2364124133572ec94e4b81fb0d4e58d/sub/2401/240104.txt
2026-06-04 02:40:31,667 | INFO     |   → 806/927 ❌ HTTP 404 — https://raw.githubusercontent.com/v2clash/V2ray-Configs/31f493c584d0c7b56350f4a34d80c53ad82bcc18/Sub9.txt
2026-06-04 02:40:31,667 | INFO     |   → 807/927: ✅ 36 взято | 🗑️ 303 мусор
2026-06-04 02:40:31,667 | INFO     |   → 808/927: ✅ 0 взято | 🗑️ 0 мусор
2026-06-04 02:40:31,667 | INFO     |   → 809/927: ✅ 0 взято | 🗑️ 0 мусор
2026-06-04 02:40:31,667 | INFO     |   → 810/927: ✅ 0 взято | 🗑️ 0 мусор
2026-06-04 02:40:31,667 | INFO     |   → 811/927: ✅ 283 взято | 🗑️ 9640 мусор
2026-06-04 02:40:31,667 | INFO     |   → 812/927: ✅ 281 взято | 🗑️ 10086 мусор
2026-06-04 02:40:31,667 | INFO     |   → 813/927: ✅ 280 взято | 🗑️ 9675 мусор
2026-06-04 02:40:31,667 | INFO     |   → 814/927: ✅ 334 взято | 🗑️ 9823 мусор
2026-06-04 02:40:31,667 | INFO     |   → 815/927: ✅ 350 взято | 🗑️ 9639 мусор
2026-06-04 02:40:31,667 | INFO     |   → 816/927: ✅ 125 взято | 🗑️ 7919 мусор
2026-06-04 02:40:31,667 | INFO     |   → 817/927: ✅ 135 взято | 🗑️ 4836 мусор
2026-06-04 02:40:31,667 | INFO     |   → 818/927: ✅ 502 взято | 🗑️ 7659 мусор
2026-06-04 02:40:31,667 | INFO     |   → 819/927: ✅ 631 взято | 🗑️ 8081 мусор
2026-06-04 02:40:31,667 | INFO     |   → 820/927: ✅ 202 взято | 🗑️ 5131 мусор
2026-06-04 02:40:31,667 | INFO     |   → 821/927 ❌ HTTP 404 — https://raw.githubusercontent.com/vsevjik/OBSpiskov/main/wwh
2026-06-04 02:40:31,667 | INFO     |   → 822/927 ❌ HTTP 404 — https://raw.githubusercontent.com/vsevjik/OBSpiskov/main/wwhjk
2026-06-04 02:40:31,668 | INFO     |   → 823/927 ❌ HTTP 404 — https://raw.githubusercontent.com/vsevjik/OBSpiskov/main/wwhljjjkk
2026-06-04 02:40:31,668 | INFO     |   → 824/927 ❌ HTTP 404 — https://raw.githubusercontent.com/vveg26/chromego_merge/main/sub/merged_proxies.yaml
2026-06-04 02:40:31,668 | INFO     |   → 825/927 ❌ HTTP 404 — https://raw.githubusercontent.com/vveg26/get_proxy/main/dist/clash.config.yaml
2026-06-04 02:40:31,668 | INFO     |   → 826/927: ✅ 0 взято | 🗑️ 0 мусор
2026-06-04 02:40:31,668 | INFO     |   → 827/927: ✅ 0 взято | 🗑️ 10 мусор
2026-06-04 02:40:31,668 | INFO     |   → 828/927: ✅ 0 взято | 🗑️ 10 мусор
2026-06-04 02:40:31,668 | INFO     |   → 829/927: ✅ 0 взято | 🗑️ 4 мусор
2026-06-04 02:40:31,668 | INFO     |   → 830/927: ✅ 0 взято | 🗑️ 0 мусор
2026-06-04 02:40:31,668 | INFO     |   → 831/927: ✅ 0 взято | 🗑️ 4 мусор
2026-06-04 02:40:31,668 | INFO     |   → 832/927: ✅ 106 взято | 🗑️ 689 мусор
2026-06-04 02:40:31,668 | INFO     |   → 833/927: ✅ 48 взято | 🗑️ 841 мусор
2026-06-04 02:40:31,668 | INFO     |   → 834/927: ✅ 21 взято | 🗑️ 789 мусор
2026-06-04 02:40:31,668 | INFO     |   → 835/927: ✅ 24 взято | 🗑️ 774 мусор
2026-06-04 02:40:31,668 | INFO     |   → 836/927: ✅ 52 взято | 🗑️ 756 мусор
2026-06-04 02:40:31,668 | INFO     |   → 837/927: ✅ 191 взято | 🗑️ 745 мусор
2026-06-04 02:40:31,668 | INFO     |   → 838/927: ✅ 9 взято | 🗑️ 651 мусор
2026-06-04 02:40:31,668 | INFO     |   → 839/927: ✅ 185 взято | 🗑️ 388 мусор
2026-06-04 02:40:31,668 | INFO     |   → 840/927: ✅ 130 взято | 🗑️ 523 мусор
2026-06-04 02:40:31,668 | INFO     |   → 841/927: ✅ 67 взято | 🗑️ 533 мусор
2026-06-04 02:40:31,668 | INFO     |   → 842/927: ✅ 98 взято | 🗑️ 444 мусор
2026-06-04 02:40:31,668 | INFO     |   → 843/927: ✅ 102 взято | 🗑️ 670 мусор
2026-06-04 02:40:31,668 | INFO     |   → 844/927: ✅ 86 взято | 🗑️ 476 мусор
2026-06-04 02:40:31,668 | INFO     |   → 845/927: ✅ 95 взято | 🗑️ 657 мусор
2026-06-04 02:40:31,668 | INFO     |   → 846/927: ✅ 105 взято | 🗑️ 645 мусор
2026-06-04 02:40:31,668 | INFO     |   → 847/927: ✅ 115 взято | 🗑️ 985 мусор
2026-06-04 02:40:31,668 | INFO     |   → 848/927: ✅ 3 взято | 🗑️ 63 мусор
2026-06-04 02:40:31,668 | INFO     |   → 849/927: ✅ 3 взято | 🗑️ 62 мусор
2026-06-04 02:40:31,668 | INFO     |   → 850/927: ✅ 13 взято | 🗑️ 489 мусор
2026-06-04 02:40:31,668 | INFO     |   → 851/927: ✅ 0 взято | 🗑️ 0 мусор
2026-06-04 02:40:31,669 | INFO     |   → 852/927: ✅ 0 взято | 🗑️ 0 мусор
2026-06-04 02:40:31,669 | INFO     |   → 853/927: ✅ 0 взято | 🗑️ 0 мусор
2026-06-04 02:40:31,669 | INFO     |   → 854/927: ✅ 0 взято | 🗑️ 0 мусор
2026-06-04 02:40:31,669 | INFO     |   → 855/927: ✅ 0 взято | 🗑️ 0 мусор
2026-06-04 02:40:31,669 | INFO     |   → 856/927: ✅ 0 взято | 🗑️ 0 мусор
2026-06-04 02:40:31,669 | INFO     |   → 857/927: ✅ 0 взято | 🗑️ 52 мусор
2026-06-04 02:40:31,669 | INFO     |   → 858/927: ✅ 5 взято | 🗑️ 10 мусор
2026-06-04 02:40:31,669 | INFO     |   → 859/927: ✅ 1 взято | 🗑️ 124 мусор
2026-06-04 02:40:31,669 | INFO     |   → 860/927: ✅ 139 взято | 🗑️ 162 мусор
2026-06-04 02:40:31,669 | INFO     |   → 861/927: ✅ 0 взято | 🗑️ 9 мусор
2026-06-04 02:40:31,669 | INFO     |   → 862/927: ✅ 5 взято | 🗑️ 549 мусор
2026-06-04 02:40:31,669 | INFO     |   → 863/927: ✅ 0 взято | 🗑️ 533 мусор
2026-06-04 02:40:31,669 | INFO     |   → 864/927: ✅ 0 взято | 🗑️ 9 мусор
2026-06-04 02:40:31,669 | INFO     |   → 865/927: ✅ 0 взято | 🗑️ 0 мусор
2026-06-04 02:40:31,669 | INFO     |   → 866/927: ✅ 0 взято | 🗑️ 549 мусор
2026-06-04 02:40:31,669 | INFO     |   → 867/927 ❌ HTTP 404 — https://raw.githubusercontent.com/xiaozhu2007/xiaozhu2007/61a755a044dbaeea678bc2d1e20f21a21c6d7170/docs/fxxk.txt
2026-06-04 02:40:31,669 | INFO     |   → 868/927: ✅ 0 взято | 🗑️ 159 мусор
2026-06-04 02:40:31,669 | INFO     |   → 869/927: ✅ 0 взято | 🗑️ 22 мусор
2026-06-04 02:40:31,669 | INFO     |   → 870/927: ✅ 0 взято | 🗑️ 0 мусор
2026-06-04 02:40:31,669 | INFO     |   → 871/927 ❌ HTTP 404 — https://raw.githubusercontent.com/yebekhe/TVC/0f745f92bf381e505f1245abbc7c145b19b11503/config.txt
2026-06-04 02:40:31,669 | INFO     |   → 872/927 ❌ HTTP 404 — https://raw.githubusercontent.com/yebekhe/TVC/9fac69239c69327fb7a61f5a8d79d107133889e1/lite/config.txt
2026-06-04 02:40:31,669 | INFO     |   → 873/927 ❌ HTTP 404 — https://raw.githubusercontent.com/yebekhe/TelegramV2rayCollector/main/sub/normal/donated
2026-06-04 02:40:31,669 | INFO     |   → 874/927 ❌ HTTP 404 — https://raw.githubusercontent.com/yebekhe/TelegramV2rayCollector/main/sub/normal/hysteria2
2026-06-04 02:40:31,669 | INFO     |   → 875/927 ❌ HTTP 404 — https://raw.githubusercontent.com/yebekhe/TelegramV2rayCollector/main/sub/normal/mix
2026-06-04 02:40:31,669 | INFO     |   → 876/927 ❌ HTTP 404 — https://raw.githubusercontent.com/yebekhe/TelegramV2rayCollector/main/sub/normal/reality
2026-06-04 02:40:31,669 | INFO     |   → 877/927 ❌ HTTP 404 — https://raw.githubusercontent.com/yebekhe/TelegramV2rayCollector/main/sub/normal/shadowsocks
2026-06-04 02:40:31,669 | INFO     |   → 878/927 ❌ HTTP 404 — https://raw.githubusercontent.com/yebekhe/TelegramV2rayCollector/main/sub/normal/trojan
2026-06-04 02:40:31,670 | INFO     |   → 879/927 ❌ HTTP 404 — https://raw.githubusercontent.com/yebekhe/TelegramV2rayCollector/main/sub/normal/tuic
2026-06-04 02:40:31,670 | INFO     |   → 880/927 ❌ HTTP 404 — https://raw.githubusercontent.com/yebekhe/TelegramV2rayCollector/main/sub/normal/vless
2026-06-04 02:40:31,670 | INFO     |   → 881/927 ❌ HTTP 404 — https://raw.githubusercontent.com/yebekhe/TelegramV2rayCollector/main/sub/normal/vmess
2026-06-04 02:40:31,670 | INFO     |   → 882/927 ❌ HTTP 404 — https://raw.githubusercontent.com/yebekhe/V2Hub/main/Split/Normal/shadowsocks
2026-06-04 02:40:31,670 | INFO     |   → 883/927 ❌ HTTP 404 — https://raw.githubusercontent.com/yebekhe/V2Hub/main/merged
2026-06-04 02:40:31,670 | INFO     |   → 884/927: ✅ 0 взято | 🗑️ 30 мусор
2026-06-04 02:40:31,670 | INFO     |   → 885/927: ✅ 975 взято | 🗑️ 8453 мусор
2026-06-04 02:40:31,670 | INFO     |   → 886/927: ✅ 0 взято | 🗑️ 8453 мусор
2026-06-04 02:40:31,670 | INFO     |   → 887/927: ✅ 6 взято | 🗑️ 357 мусор
2026-06-04 02:40:31,670 | INFO     |   → 888/927: ✅ 13 взято | 🗑️ 328 мусор
2026-06-04 02:40:31,670 | INFO     |   → 889/927: ✅ 224 взято | 🗑️ 320 мусор
2026-06-04 02:40:31,670 | INFO     |   → 890/927: ✅ 0 взято | 🗑️ 1510 мусор
2026-06-04 02:40:31,670 | INFO     |   → 891/927: ✅ 1 взято | 🗑️ 393 мусор
2026-06-04 02:40:31,670 | INFO     |   → 892/927 ❌ HTTP 404 — https://raw.githubusercontent.com/yyyr-otz/tele-providers-collector/019cb3e07ee52fddbc7caa54fc670c6b9bae6539/sub/proxies.txt
2026-06-04 02:40:31,670 | INFO     |   → 893/927 ❌ HTTP 404 — https://raw.githubusercontent.com/yyyr-otz/tele-providers-collector/b7a74ee98bcf02c5a507d688a1bed3aa9f7f4ed1/script/raw/protocols/mixed.txt
2026-06-04 02:40:31,670 | INFO     |   → 894/927: ✅ 0 взято | 🗑️ 0 мусор
2026-06-04 02:40:31,670 | INFO     |   → 895/927: ✅ 0 взято | 🗑️ 0 мусор
2026-06-04 02:40:31,670 | INFO     |   → 896/927: ✅ 0 взято | 🗑️ 18 мусор
2026-06-04 02:40:31,670 | INFO     |   → 897/927: ✅ 57 взято | 🗑️ 10 мусор
2026-06-04 02:40:31,670 | INFO     |   → 898/927: ✅ 30 взято | 🗑️ 1029 мусор
2026-06-04 02:40:31,670 | INFO     |   → 899/927: ✅ 0 взято | 🗑️ 5 мусор
2026-06-04 02:40:31,670 | INFO     |   → 900/927: ✅ 0 взято | 🗑️ 0 мусор
2026-06-04 02:40:31,670 | INFO     |   → 901/927 ⚠️ Ошибка: ('Connection aborted.', RemoteDisconnected('Remote end closed connection without response')) — https://sub.pmsub.me/clash.yaml
2026-06-04 02:40:31,670 | INFO     |   → 902/927: ✅ 0 взято | 🗑️ 0 мусор
2026-06-04 02:40:31,670 | INFO     |   → 903/927: ✅ 0 взято | 🗑️ 0 мусор
2026-06-04 02:40:31,671 | INFO     |   → 904/927: ✅ 0 взято | 🗑️ 0 мусор
2026-06-04 02:40:31,671 | INFO     |   → 905/927: ✅ 0 взято | 🗑️ 0 мусор
2026-06-04 02:40:31,671 | INFO     |   → 906/927: ✅ 0 взято | 🗑️ 0 мусор
2026-06-04 02:40:31,671 | INFO     |   → 907/927: ✅ 0 взято | 🗑️ 0 мусор
2026-06-04 02:40:31,671 | INFO     |   → 908/927: ✅ 0 взято | 🗑️ 0 мусор
2026-06-04 02:40:31,671 | INFO     |   → 909/927: ✅ 0 взято | 🗑️ 1 мусор
2026-06-04 02:40:31,671 | INFO     |   → 910/927: ✅ 7 взято | 🗑️ 12 мусор
2026-06-04 02:40:31,671 | INFO     |   → 911/927: ✅ 0 взято | 🗑️ 0 мусор
2026-06-04 02:40:31,671 | INFO     |   → 912/927: ✅ 0 взято | 🗑️ 7 мусор
2026-06-04 02:40:31,671 | INFO     |   → 913/927: ✅ 0 взято | 🗑️ 0 мусор
2026-06-04 02:40:31,671 | INFO     |   → 914/927: ✅ 4 взято | 🗑️ 8 мусор
2026-06-04 02:40:31,671 | INFO     |   → 915/927: ✅ 0 взято | 🗑️ 0 мусор
2026-06-04 02:40:31,671 | INFO     |   → 916/927: ✅ 8 взято | 🗑️ 12 мусор
2026-06-04 02:40:31,671 | INFO     |   → 917/927: ✅ 0 взято | 🗑️ 0 мусор
2026-06-04 02:40:31,671 | INFO     |   → 918/927: ✅ 3 взято | 🗑️ 12 мусор
2026-06-04 02:40:31,671 | INFO     |   → 919/927: ✅ 0 взято | 🗑️ 0 мусор
2026-06-04 02:40:31,671 | INFO     |   → 920/927: ✅ 8 взято | 🗑️ 12 мусор
2026-06-04 02:40:31,671 | INFO     |   → 921/927: ✅ 0 взято | 🗑️ 0 мусор
2026-06-04 02:40:31,671 | INFO     |   → 922/927: ✅ 0 взято | 🗑️ 10 мусор
2026-06-04 02:40:31,671 | INFO     |   → 923/927: ✅ 0 взято | 🗑️ 0 мусор
2026-06-04 02:40:31,671 | INFO     |   → 924/927: ✅ 1 взято | 🗑️ 14 мусор
2026-06-04 02:40:31,671 | INFO     |   → 925/927: ✅ 0 взято | 🗑️ 0 мусор
2026-06-04 02:40:31,671 | INFO     |   → 926/927 ⚠️ Ошибка: HTTPSConnectionPool(host='v2rayshare.githubrowcontent.com', port=443): Max retries exceeded with url: /%7BYYYY%7D/%7BMM%7D/%7BYYYY%7D%7BMM%7D%7BDD%7D.txt (Caused by NameResolutionError("HTTPSConnection(host='v2rayshare.githubrowcontent.com', port=443): Failed to resolve 'v2rayshare.githubrowcontent.com' ([Errno -2] Name or service not known)")) — https://v2rayshare.githubrowcontent.com/{YYYY}/{MM}/{YYYY}{MM}{DD}.txt
2026-06-04 02:40:31,671 | INFO     |   → 927/927: ✅ 0 взято | 🗑️ 27 мусор
2026-06-04 02:40:31,671 | INFO     |   → 📡 С sstap.org получено 0 ключей
2026-06-04 02:40:31,671 | INFO     |   → 📡 С sstap.org не добавлено ни одного ключа (все 0 отклонены фильтром)
2026-06-04 02:40:31,671 | INFO     |   → ✅ ГОТОВО!
2026-06-04 02:40:31,672 | INFO     |   →    📥 Всего ключей после фильтра: 67551
2026-06-04 02:40:31,672 | INFO     |   →    🔗 Уникальных IP:PORT:SCHEME: 23268
2026-06-04 02:40:31,672 | INFO     |   →    🗑️ Выброшено мусора: 1126280
2026-06-04 02:40:31,672 | INFO     |   → 📊 По протоколам:
2026-06-04 02:40:31,672 | INFO     |   →    vless: 9648
2026-06-04 02:40:31,672 | INFO     |   →    vmess: 4368
2026-06-04 02:40:31,672 | INFO     |   →    trojan: 3923
2026-06-04 02:40:31,672 | INFO     |   →    ss: 5164
2026-06-04 02:40:31,672 | INFO     |   →    hysteria: 18
2026-06-04 02:40:31,672 | INFO     |   →    hysteria2: 27
2026-06-04 02:40:31,672 | INFO     |   →    hy2: 67
2026-06-04 02:40:31,672 | INFO     |   →    tuic: 53
2026-06-04 02:40:31,672 | INFO     | ✅ mirror.py завершён успешно
2026-06-04 02:40:31,672 | INFO     | 
2026-06-04 02:40:31,672 | INFO     | 
2026-06-04 02:40:31,672 | INFO     | ──────────────────────────────────────────────────────────────────────
2026-06-04 02:40:31,672 | INFO     | 📌 ЭТАП: Генерация 50 уникальных CF-VLESS
2026-06-04 02:40:31,672 | INFO     | ──────────────────────────────────────────────────────────────────────
2026-06-04 02:40:31,672 | INFO     | 🚀 Запуск generate_cf_vless.py (50 новых CF-VLESS)...
2026-06-04 02:40:31,930 | INFO     |   → === Генератор свежих VLESS-конфигов на IP Cloudflare ===
2026-06-04 02:40:31,930 | INFO     |   → ✅ Сгенерировано и сохранено 50 VLESS-конфигов.
2026-06-04 02:40:31,930 | INFO     |   → 📂 Файл: /home/runner/work/vpn-vless-configs-russia/vpn-vless-configs-russia/data/githubmirror/new/cf_fresh.txt
2026-06-04 02:40:31,930 | INFO     | ✅ generate_cf_vless.py завершён успешно
2026-06-04 02:40:31,930 | INFO     | 
2026-06-04 02:40:31,930 | INFO     | 
2026-06-04 02:40:31,930 | INFO     | ──────────────────────────────────────────────────────────────────────
2026-06-04 02:40:31,930 | INFO     | 📌 ЭТАП: Слияние CF с основным списком
2026-06-04 02:40:31,930 | INFO     | ──────────────────────────────────────────────────────────────────────
2026-06-04 02:40:32,049 | INFO     | 🔄 Добавлено 49 новых CF-VLESS в /home/runner/work/vpn-vless-configs-russia/vpn-vless-configs-russia/data/githubmirror/clean/vless.txt
2026-06-04 02:40:32,049 | INFO     | 📊 Всего в clean/vless.txt теперь: 9697
2026-06-04 02:40:32,051 | INFO     | 
2026-06-04 02:40:32,051 | INFO     | 
2026-06-04 02:40:32,051 | INFO     | ──────────────────────────────────────────────────────────────────────
2026-06-04 02:40:32,051 | INFO     | 📌 ЭТАП: Фильтрация по реальному SNI
2026-06-04 02:40:32,051 | INFO     | ──────────────────────────────────────────────────────────────────────
2026-06-04 02:40:32,051 | INFO     | 🚀 Запуск filter_ru_sni.py (Фильтр по реальному SNI (CDN+RU))...
2026-06-04 02:40:32,645 | INFO     |   → hy2.txt: 67 → 19 (SNI-filtered)
2026-06-04 02:40:32,645 | INFO     |   →   hysteria.txt: 18 → 0 (SNI-filtered)
2026-06-04 02:40:32,645 | INFO     |   →   hysteria2.txt: 27 → 5 (SNI-filtered)
2026-06-04 02:40:32,645 | INFO     |   →   ss.txt: 5164 → 337 (SNI-filtered)
2026-06-04 02:40:32,645 | INFO     |   →   trojan.txt: 3923 → 10 (SNI-filtered)
2026-06-04 02:40:32,645 | INFO     |   →   tuic.txt: 53 → 0 (SNI-filtered)
2026-06-04 02:40:32,645 | INFO     |   →   vless.txt: 9697 → 1654 (SNI-filtered)
2026-06-04 02:40:32,645 | INFO     |   →   vmess.txt: 4368 → 53 (SNI-filtered)
2026-06-04 02:40:32,645 | INFO     |   → ==================================================
2026-06-04 02:40:32,645 | INFO     |   →   Всего входных:  23317
2026-06-04 02:40:32,645 | INFO     |   →   Прошли фильтр:  2078
2026-06-04 02:40:32,645 | INFO     |   →   Отброшено:      21239
2026-06-04 02:40:32,645 | INFO     |   → ==================================================
2026-06-04 02:40:32,645 | INFO     |   → Готово → /home/runner/work/vpn-vless-configs-russia/vpn-vless-configs-russia/data/githubmirror/ru-sni
2026-06-04 02:40:32,645 | INFO     | ✅ filter_ru_sni.py завершён успешно
2026-06-04 02:40:32,645 | INFO     | 
2026-06-04 02:40:32,646 | INFO     | 
2026-06-04 02:40:32,646 | INFO     | ──────────────────────────────────────────────────────────────────────
2026-06-04 02:40:32,646 | INFO     | 📌 ЭТАП: Экспериментальный RU-SNI фильтр
2026-06-04 02:40:32,646 | INFO     | ──────────────────────────────────────────────────────────────────────
2026-06-04 02:40:32,646 | INFO     | 🚀 Запуск filter_ru_sni_local.py (Экспериментальный фильтр по RU-SNI)...
2026-06-04 02:40:33,020 | INFO     |   → hy2.txt: 67 → 0 (RU-SNI)
2026-06-04 02:40:33,020 | INFO     |   → hysteria.txt: 18 → 0 (RU-SNI)
2026-06-04 02:40:33,020 | INFO     |   → hysteria2.txt: 27 → 0 (RU-SNI)
2026-06-04 02:40:33,020 | INFO     |   → ss.txt: 5164 → 86 (RU-SNI)
2026-06-04 02:40:33,020 | INFO     |   → trojan.txt: 3923 → 0 (RU-SNI)
2026-06-04 02:40:33,020 | INFO     |   → tuic.txt: 53 → 0 (RU-SNI)
2026-06-04 02:40:33,021 | INFO     |   → vless.txt: 9697 → 715 (RU-SNI)
2026-06-04 02:40:33,021 | INFO     |   → vmess.txt: 4368 → 0 (RU-SNI)
2026-06-04 02:40:33,021 | INFO     |   → ==================================================
2026-06-04 02:40:33,021 | INFO     |   → Всего входных:  23317
2026-06-04 02:40:33,021 | INFO     |   → Прошли RU-SNI:  801
2026-06-04 02:40:33,021 | INFO     |   → Отброшено:      22516
2026-06-04 02:40:33,021 | INFO     |   → ==================================================
2026-06-04 02:40:33,021 | INFO     |   → Готово → /home/runner/work/vpn-vless-configs-russia/vpn-vless-configs-russia/data/githubmirror/ru-sni-local
2026-06-04 02:40:33,021 | INFO     | ✅ filter_ru_sni_local.py завершён успешно
2026-06-04 02:40:33,021 | INFO     | 
2026-06-04 02:40:33,021 | INFO     | 
2026-06-04 02:40:33,021 | INFO     | ──────────────────────────────────────────────────────────────────────
2026-06-04 02:40:33,021 | INFO     | 📌 ЭТАП: Сбор статистики
2026-06-04 02:40:33,021 | INFO     | ──────────────────────────────────────────────────────────────────────
2026-06-04 02:40:33,021 | INFO     | 📊 Сбор статистики...
2026-06-04 02:40:33,021 | INFO     |   📁 githubmirror/clean:
2026-06-04 02:40:33,022 | INFO     |     • hy2         :    67 конфигов
2026-06-04 02:40:33,022 | INFO     |     • hysteria    :    18 конфигов
2026-06-04 02:40:33,022 | INFO     |     • hysteria2   :    27 конфигов
2026-06-04 02:40:33,026 | INFO     |     • ss          :  5164 конфигов
2026-06-04 02:40:33,028 | INFO     |     • trojan      :  3923 конфигов
2026-06-04 02:40:33,029 | INFO     |     • tuic        :    53 конфигов
2026-06-04 02:40:33,037 | INFO     |     • vless       :  9697 конфигов
2026-06-04 02:40:33,040 | INFO     |     • vmess       :  4368 конфигов
2026-06-04 02:40:33,040 | INFO     |   📁 githubmirror/ru-sni:
2026-06-04 02:40:33,040 | INFO     |     • hy2         :    19 конфигов ( 28.4% от clean)
2026-06-04 02:40:33,041 | INFO     |     • hysteria    :     0 конфигов (  0.0% от clean)
2026-06-04 02:40:33,041 | INFO     |     • hysteria2   :     5 конфигов ( 18.5% от clean)
2026-06-04 02:40:33,041 | INFO     |     • ss          :   337 конфигов (  6.5% от clean)
2026-06-04 02:40:33,041 | INFO     |     • trojan      :    10 конфигов (  0.3% от clean)
2026-06-04 02:40:33,041 | INFO     |     • tuic        :     0 конфигов (  0.0% от clean)
2026-06-04 02:40:33,043 | INFO     |     • vless       :  1654 конфигов ( 17.1% от clean)
2026-06-04 02:40:33,043 | INFO     |     • vmess       :    53 конфигов (  1.2% от clean)
2026-06-04 02:40:33,043 | INFO     |   ✨ Новых CF-VLESS в этом запуске: 50
2026-06-04 02:40:33,044 | INFO     | 
2026-06-04 02:40:33,044 | INFO     |   ──────────────────────────────────────────────────
2026-06-04 02:40:33,044 | INFO     |   📈 ИТОГО:
2026-06-04 02:40:33,044 | INFO     |     Clean (после geo-фильтра):    23317
2026-06-04 02:40:33,044 | INFO     |     RU-SNI (после SNI-фильтра):    2078
2026-06-04 02:40:33,044 | INFO     |     Прошло фильтр:                  8.9%
2026-06-04 02:40:33,044 | INFO     |   ──────────────────────────────────────────────────
2026-06-04 02:40:33,044 | INFO     | ✅ Статистика сохранена: /home/runner/work/vpn-vless-configs-russia/vpn-vless-configs-russia/data/stats.json
2026-06-04 02:40:33,044 | INFO     | 
2026-06-04 02:40:33,044 | INFO     | ======================================================================
2026-06-04 02:40:33,044 | INFO     | 📊 ИТОГОВЫЙ ОТЧЁТ
2026-06-04 02:40:33,044 | INFO     | ======================================================================
2026-06-04 02:40:33,045 | INFO     |   ✅ OK         | Загрузка и geo-фильтрация
2026-06-04 02:40:33,045 | INFO     |   ✅ OK         | Генерация 50 уникальных CF-VLESS
2026-06-04 02:40:33,045 | INFO     |   ✅ OK         | Слияние CF с основным списком
2026-06-04 02:40:33,045 | INFO     |   ✅ OK         | Фильтрация по реальному SNI
2026-06-04 02:40:33,045 | INFO     |   ✅ OK         | Экспериментальный RU-SNI фильтр
2026-06-04 02:40:33,045 | INFO     |   ✅ OK         | Сбор статистики
2026-06-04 02:40:33,045 | INFO     | ──────────────────────────────────────────────────────────────────────
2026-06-04 02:40:33,045 | INFO     | ✅ ВСЕ ЭТАПЫ УСПЕШНЫ (6/6)
2026-06-04 02:40:33,045 | INFO     | ⏰ Время завершения: 2026-06-04 02:40:33
2026-06-04 02:40:33,045 | INFO     | ======================================================================
